protocol,fold,filename,split
speaker_independent,0,01-01-01-01-04.wav,test
speaker_independent,0,01-01-01-01-09.wav,test
speaker_independent,0,01-01-01-01-14.wav,test
speaker_independent,0,01-01-01-01-19.wav,test
speaker_independent,0,01-01-01-01-24.wav,test
speaker_independent,0,01-01-01-02-04.wav,test
speaker_independent,0,01-01-01-02-09.wav,test
speaker_independent,0,01-01-01-02-14.wav,test
speaker_independent,0,01-01-01-02-19.wav,test
speaker_independent,0,01-01-01-02-24.wav,test
speaker_independent,0,01-01-02-01-04.wav,test
speaker_independent,0,01-01-02-01-09.wav,test
speaker_independent,0,01-01-02-01-14.wav,test
speaker_independent,0,01-01-02-01-19.wav,test
speaker_independent,0,01-01-02-01-24.wav,test
speaker_independent,0,01-01-02-02-04.wav,test
speaker_independent,0,01-01-02-02-09.wav,test
speaker_independent,0,01-01-02-02-14.wav,test
speaker_independent,0,01-01-02-02-19.wav,test
speaker_independent,0,01-01-02-02-24.wav,test
speaker_independent,0,02-01-01-01-04.wav,test
speaker_independent,0,02-01-01-01-09.wav,test
speaker_independent,0,02-01-01-01-14.wav,test
speaker_independent,0,02-01-01-01-19.wav,test
speaker_independent,0,02-01-01-01-24.wav,test
speaker_independent,0,02-01-01-02-04.wav,test
speaker_independent,0,02-01-01-02-09.wav,test
speaker_independent,0,02-01-01-02-14.wav,test
speaker_independent,0,02-01-01-02-19.wav,test
speaker_independent,0,02-01-01-02-24.wav,test
speaker_independent,0,02-01-02-01-04.wav,test
speaker_independent,0,02-01-02-01-09.wav,test
speaker_independent,0,02-01-02-01-14.wav,test
speaker_independent,0,02-01-02-01-19.wav,test
speaker_independent,0,02-01-02-01-24.wav,test
speaker_independent,0,02-01-02-02-04.wav,test
speaker_independent,0,02-01-02-02-09.wav,test
speaker_independent,0,02-01-02-02-14.wav,test
speaker_independent,0,02-01-02-02-19.wav,test
speaker_independent,0,02-01-02-02-24.wav,test
speaker_independent,0,02-02-01-01-04.wav,test
speaker_independent,0,02-02-01-01-09.wav,test
speaker_independent,0,02-02-01-01-14.wav,test
speaker_independent,0,02-02-01-01-19.wav,test
speaker_independent,0,02-02-01-01-24.wav,test
speaker_independent,0,02-02-01-02-04.wav,test
speaker_independent,0,02-02-01-02-09.wav,test
speaker_independent,0,02-02-01-02-14.wav,test
speaker_independent,0,02-02-01-02-19.wav,test
speaker_independent,0,02-02-01-02-24.wav,test
speaker_independent,0,02-02-02-01-04.wav,test
speaker_independent,0,02-02-02-01-09.wav,test
speaker_independent,0,02-02-02-01-14.wav,test
speaker_independent,0,02-02-02-01-19.wav,test
speaker_independent,0,02-02-02-01-24.wav,test
speaker_independent,0,02-02-02-02-04.wav,test
speaker_independent,0,02-02-02-02-09.wav,test
speaker_independent,0,02-02-02-02-14.wav,test
speaker_independent,0,02-02-02-02-19.wav,test
speaker_independent,0,02-02-02-02-24.wav,test
speaker_independent,0,03-01-01-01-04.wav,test
speaker_independent,0,03-01-01-01-09.wav,test
speaker_independent,0,03-01-01-01-14.wav,test
speaker_independent,0,03-01-01-01-19.wav,test
speaker_independent,0,03-01-01-01-24.wav,test
speaker_independent,0,03-01-01-02-04.wav,test
speaker_independent,0,03-01-01-02-09.wav,test
speaker_independent,0,03-01-01-02-14.wav,test
speaker_independent,0,03-01-01-02-19.wav,test
speaker_independent,0,03-01-01-02-24.wav,test
speaker_independent,0,03-01-02-01-04.wav,test
speaker_independent,0,03-01-02-01-09.wav,test
speaker_independent,0,03-01-02-01-14.wav,test
speaker_independent,0,03-01-02-01-19.wav,test
speaker_independent,0,03-01-02-01-24.wav,test
speaker_independent,0,03-01-02-02-04.wav,test
speaker_independent,0,03-01-02-02-09.wav,test
speaker_independent,0,03-01-02-02-14.wav,test
speaker_independent,0,03-01-02-02-19.wav,test
speaker_independent,0,03-01-02-02-24.wav,test
speaker_independent,0,03-02-01-01-04.wav,test
speaker_independent,0,03-02-01-01-09.wav,test
speaker_independent,0,03-02-01-01-14.wav,test
speaker_independent,0,03-02-01-01-19.wav,test
speaker_independent,0,03-02-01-01-24.wav,test
speaker_independent,0,03-02-01-02-04.wav,test
speaker_independent,0,03-02-01-02-09.wav,test
speaker_independent,0,03-02-01-02-14.wav,test
speaker_independent,0,03-02-01-02-19.wav,test
speaker_independent,0,03-02-01-02-24.wav,test
speaker_independent,0,03-02-02-01-04.wav,test
speaker_independent,0,03-02-02-01-09.wav,test
speaker_independent,0,03-02-02-01-14.wav,test
speaker_independent,0,03-02-02-01-19.wav,test
speaker_independent,0,03-02-02-01-24.wav,test
speaker_independent,0,03-02-02-02-04.wav,test
speaker_independent,0,03-02-02-02-09.wav,test
speaker_independent,0,03-02-02-02-14.wav,test
speaker_independent,0,03-02-02-02-19.wav,test
speaker_independent,0,03-02-02-02-24.wav,test
speaker_independent,0,04-01-01-01-04.wav,test
speaker_independent,0,04-01-01-01-09.wav,test
speaker_independent,0,04-01-01-01-14.wav,test
speaker_independent,0,04-01-01-01-19.wav,test
speaker_independent,0,04-01-01-01-24.wav,test
speaker_independent,0,04-01-01-02-04.wav,test
speaker_independent,0,04-01-01-02-09.wav,test
speaker_independent,0,04-01-01-02-14.wav,test
speaker_independent,0,04-01-01-02-19.wav,test
speaker_independent,0,04-01-01-02-24.wav,test
speaker_independent,0,04-01-02-01-04.wav,test
speaker_independent,0,04-01-02-01-09.wav,test
speaker_independent,0,04-01-02-01-14.wav,test
speaker_independent,0,04-01-02-01-19.wav,test
speaker_independent,0,04-01-02-01-24.wav,test
speaker_independent,0,04-01-02-02-04.wav,test
speaker_independent,0,04-01-02-02-09.wav,test
speaker_independent,0,04-01-02-02-14.wav,test
speaker_independent,0,04-01-02-02-19.wav,test
speaker_independent,0,04-01-02-02-24.wav,test
speaker_independent,0,04-02-01-01-04.wav,test
speaker_independent,0,04-02-01-01-09.wav,test
speaker_independent,0,04-02-01-01-14.wav,test
speaker_independent,0,04-02-01-01-19.wav,test
speaker_independent,0,04-02-01-01-24.wav,test
speaker_independent,0,04-02-01-02-04.wav,test
speaker_independent,0,04-02-01-02-09.wav,test
speaker_independent,0,04-02-01-02-14.wav,test
speaker_independent,0,04-02-01-02-19.wav,test
speaker_independent,0,04-02-01-02-24.wav,test
speaker_independent,0,04-02-02-01-04.wav,test
speaker_independent,0,04-02-02-01-09.wav,test
speaker_independent,0,04-02-02-01-14.wav,test
speaker_independent,0,04-02-02-01-19.wav,test
speaker_independent,0,04-02-02-01-24.wav,test
speaker_independent,0,04-02-02-02-04.wav,test
speaker_independent,0,04-02-02-02-09.wav,test
speaker_independent,0,04-02-02-02-14.wav,test
speaker_independent,0,04-02-02-02-19.wav,test
speaker_independent,0,04-02-02-02-24.wav,test
speaker_independent,0,05-01-01-01-04.wav,test
speaker_independent,0,05-01-01-01-09.wav,test
speaker_independent,0,05-01-01-01-14.wav,test
speaker_independent,0,05-01-01-01-19.wav,test
speaker_independent,0,05-01-01-01-24.wav,test
speaker_independent,0,05-01-01-02-04.wav,test
speaker_independent,0,05-01-01-02-09.wav,test
speaker_independent,0,05-01-01-02-14.wav,test
speaker_independent,0,05-01-01-02-19.wav,test
speaker_independent,0,05-01-01-02-24.wav,test
speaker_independent,0,05-01-02-01-04.wav,test
speaker_independent,0,05-01-02-01-09.wav,test
speaker_independent,0,05-01-02-01-14.wav,test
speaker_independent,0,05-01-02-01-19.wav,test
speaker_independent,0,05-01-02-01-24.wav,test
speaker_independent,0,05-01-02-02-04.wav,test
speaker_independent,0,05-01-02-02-09.wav,test
speaker_independent,0,05-01-02-02-14.wav,test
speaker_independent,0,05-01-02-02-19.wav,test
speaker_independent,0,05-01-02-02-24.wav,test
speaker_independent,0,05-02-01-01-04.wav,test
speaker_independent,0,05-02-01-01-09.wav,test
speaker_independent,0,05-02-01-01-14.wav,test
speaker_independent,0,05-02-01-01-19.wav,test
speaker_independent,0,05-02-01-01-24.wav,test
speaker_independent,0,05-02-01-02-04.wav,test
speaker_independent,0,05-02-01-02-09.wav,test
speaker_independent,0,05-02-01-02-14.wav,test
speaker_independent,0,05-02-01-02-19.wav,test
speaker_independent,0,05-02-01-02-24.wav,test
speaker_independent,0,05-02-02-01-04.wav,test
speaker_independent,0,05-02-02-01-09.wav,test
speaker_independent,0,05-02-02-01-14.wav,test
speaker_independent,0,05-02-02-01-19.wav,test
speaker_independent,0,05-02-02-01-24.wav,test
speaker_independent,0,05-02-02-02-04.wav,test
speaker_independent,0,05-02-02-02-09.wav,test
speaker_independent,0,05-02-02-02-14.wav,test
speaker_independent,0,05-02-02-02-19.wav,test
speaker_independent,0,05-02-02-02-24.wav,test
speaker_independent,0,06-01-01-01-04.wav,test
speaker_independent,0,06-01-01-01-09.wav,test
speaker_independent,0,06-01-01-01-14.wav,test
speaker_independent,0,06-01-01-01-19.wav,test
speaker_independent,0,06-01-01-01-24.wav,test
speaker_independent,0,06-01-01-02-04.wav,test
speaker_independent,0,06-01-01-02-09.wav,test
speaker_independent,0,06-01-01-02-14.wav,test
speaker_independent,0,06-01-01-02-19.wav,test
speaker_independent,0,06-01-01-02-24.wav,test
speaker_independent,0,06-01-02-01-04.wav,test
speaker_independent,0,06-01-02-01-09.wav,test
speaker_independent,0,06-01-02-01-14.wav,test
speaker_independent,0,06-01-02-01-19.wav,test
speaker_independent,0,06-01-02-01-24.wav,test
speaker_independent,0,06-01-02-02-04.wav,test
speaker_independent,0,06-01-02-02-09.wav,test
speaker_independent,0,06-01-02-02-14.wav,test
speaker_independent,0,06-01-02-02-19.wav,test
speaker_independent,0,06-01-02-02-24.wav,test
speaker_independent,0,06-02-01-01-04.wav,test
speaker_independent,0,06-02-01-01-09.wav,test
speaker_independent,0,06-02-01-01-14.wav,test
speaker_independent,0,06-02-01-01-19.wav,test
speaker_independent,0,06-02-01-01-24.wav,test
speaker_independent,0,06-02-01-02-04.wav,test
speaker_independent,0,06-02-01-02-09.wav,test
speaker_independent,0,06-02-01-02-14.wav,test
speaker_independent,0,06-02-01-02-19.wav,test
speaker_independent,0,06-02-01-02-24.wav,test
speaker_independent,0,06-02-02-01-04.wav,test
speaker_independent,0,06-02-02-01-09.wav,test
speaker_independent,0,06-02-02-01-14.wav,test
speaker_independent,0,06-02-02-01-19.wav,test
speaker_independent,0,06-02-02-01-24.wav,test
speaker_independent,0,06-02-02-02-04.wav,test
speaker_independent,0,06-02-02-02-09.wav,test
speaker_independent,0,06-02-02-02-14.wav,test
speaker_independent,0,06-02-02-02-19.wav,test
speaker_independent,0,06-02-02-02-24.wav,test
speaker_independent,0,07-01-01-01-04.wav,test
speaker_independent,0,07-01-01-01-09.wav,test
speaker_independent,0,07-01-01-01-14.wav,test
speaker_independent,0,07-01-01-01-19.wav,test
speaker_independent,0,07-01-01-01-24.wav,test
speaker_independent,0,07-01-01-02-04.wav,test
speaker_independent,0,07-01-01-02-09.wav,test
speaker_independent,0,07-01-01-02-14.wav,test
speaker_independent,0,07-01-01-02-19.wav,test
speaker_independent,0,07-01-01-02-24.wav,test
speaker_independent,0,07-01-02-01-04.wav,test
speaker_independent,0,07-01-02-01-09.wav,test
speaker_independent,0,07-01-02-01-14.wav,test
speaker_independent,0,07-01-02-01-19.wav,test
speaker_independent,0,07-01-02-01-24.wav,test
speaker_independent,0,07-01-02-02-04.wav,test
speaker_independent,0,07-01-02-02-09.wav,test
speaker_independent,0,07-01-02-02-14.wav,test
speaker_independent,0,07-01-02-02-19.wav,test
speaker_independent,0,07-01-02-02-24.wav,test
speaker_independent,0,07-02-01-01-04.wav,test
speaker_independent,0,07-02-01-01-09.wav,test
speaker_independent,0,07-02-01-01-14.wav,test
speaker_independent,0,07-02-01-01-19.wav,test
speaker_independent,0,07-02-01-01-24.wav,test
speaker_independent,0,07-02-01-02-04.wav,test
speaker_independent,0,07-02-01-02-09.wav,test
speaker_independent,0,07-02-01-02-14.wav,test
speaker_independent,0,07-02-01-02-19.wav,test
speaker_independent,0,07-02-01-02-24.wav,test
speaker_independent,0,07-02-02-01-04.wav,test
speaker_independent,0,07-02-02-01-09.wav,test
speaker_independent,0,07-02-02-01-14.wav,test
speaker_independent,0,07-02-02-01-19.wav,test
speaker_independent,0,07-02-02-01-24.wav,test
speaker_independent,0,07-02-02-02-04.wav,test
speaker_independent,0,07-02-02-02-09.wav,test
speaker_independent,0,07-02-02-02-14.wav,test
speaker_independent,0,07-02-02-02-19.wav,test
speaker_independent,0,07-02-02-02-24.wav,test
speaker_independent,0,08-01-01-01-04.wav,test
speaker_independent,0,08-01-01-01-09.wav,test
speaker_independent,0,08-01-01-01-14.wav,test
speaker_independent,0,08-01-01-01-19.wav,test
speaker_independent,0,08-01-01-01-24.wav,test
speaker_independent,0,08-01-01-02-04.wav,test
speaker_independent,0,08-01-01-02-09.wav,test
speaker_independent,0,08-01-01-02-14.wav,test
speaker_independent,0,08-01-01-02-19.wav,test
speaker_independent,0,08-01-01-02-24.wav,test
speaker_independent,0,08-01-02-01-04.wav,test
speaker_independent,0,08-01-02-01-09.wav,test
speaker_independent,0,08-01-02-01-14.wav,test
speaker_independent,0,08-01-02-01-19.wav,test
speaker_independent,0,08-01-02-01-24.wav,test
speaker_independent,0,08-01-02-02-04.wav,test
speaker_independent,0,08-01-02-02-09.wav,test
speaker_independent,0,08-01-02-02-14.wav,test
speaker_independent,0,08-01-02-02-19.wav,test
speaker_independent,0,08-01-02-02-24.wav,test
speaker_independent,0,08-02-01-01-04.wav,test
speaker_independent,0,08-02-01-01-09.wav,test
speaker_independent,0,08-02-01-01-14.wav,test
speaker_independent,0,08-02-01-01-19.wav,test
speaker_independent,0,08-02-01-01-24.wav,test
speaker_independent,0,08-02-01-02-04.wav,test
speaker_independent,0,08-02-01-02-09.wav,test
speaker_independent,0,08-02-01-02-14.wav,test
speaker_independent,0,08-02-01-02-19.wav,test
speaker_independent,0,08-02-01-02-24.wav,test
speaker_independent,0,08-02-02-01-04.wav,test
speaker_independent,0,08-02-02-01-09.wav,test
speaker_independent,0,08-02-02-01-14.wav,test
speaker_independent,0,08-02-02-01-19.wav,test
speaker_independent,0,08-02-02-01-24.wav,test
speaker_independent,0,08-02-02-02-04.wav,test
speaker_independent,0,08-02-02-02-09.wav,test
speaker_independent,0,08-02-02-02-14.wav,test
speaker_independent,0,08-02-02-02-19.wav,test
speaker_independent,0,08-02-02-02-24.wav,test
speaker_independent,0,01-01-01-01-01.wav,train
speaker_independent,0,01-01-01-01-02.wav,train
speaker_independent,0,01-01-01-01-03.wav,train
speaker_independent,0,01-01-01-01-05.wav,train
speaker_independent,0,01-01-01-01-06.wav,train
speaker_independent,0,01-01-01-01-07.wav,train
speaker_independent,0,01-01-01-01-08.wav,train
speaker_independent,0,01-01-01-01-10.wav,train
speaker_independent,0,01-01-01-01-11.wav,train
speaker_independent,0,01-01-01-01-12.wav,train
speaker_independent,0,01-01-01-01-13.wav,train
speaker_independent,0,01-01-01-01-15.wav,train
speaker_independent,0,01-01-01-01-16.wav,train
speaker_independent,0,01-01-01-01-17.wav,train
speaker_independent,0,01-01-01-01-18.wav,train
speaker_independent,0,01-01-01-01-20.wav,train
speaker_independent,0,01-01-01-01-21.wav,train
speaker_independent,0,01-01-01-01-22.wav,train
speaker_independent,0,01-01-01-01-23.wav,train
speaker_independent,0,01-01-01-02-01.wav,train
speaker_independent,0,01-01-01-02-02.wav,train
speaker_independent,0,01-01-01-02-03.wav,train
speaker_independent,0,01-01-01-02-05.wav,train
speaker_independent,0,01-01-01-02-06.wav,train
speaker_independent,0,01-01-01-02-07.wav,train
speaker_independent,0,01-01-01-02-08.wav,train
speaker_independent,0,01-01-01-02-10.wav,train
speaker_independent,0,01-01-01-02-11.wav,train
speaker_independent,0,01-01-01-02-12.wav,train
speaker_independent,0,01-01-01-02-13.wav,train
speaker_independent,0,01-01-01-02-15.wav,train
speaker_independent,0,01-01-01-02-16.wav,train
speaker_independent,0,01-01-01-02-17.wav,train
speaker_independent,0,01-01-01-02-18.wav,train
speaker_independent,0,01-01-01-02-20.wav,train
speaker_independent,0,01-01-01-02-21.wav,train
speaker_independent,0,01-01-01-02-22.wav,train
speaker_independent,0,01-01-01-02-23.wav,train
speaker_independent,0,01-01-02-01-01.wav,train
speaker_independent,0,01-01-02-01-02.wav,train
speaker_independent,0,01-01-02-01-03.wav,train
speaker_independent,0,01-01-02-01-05.wav,train
speaker_independent,0,01-01-02-01-06.wav,train
speaker_independent,0,01-01-02-01-07.wav,train
speaker_independent,0,01-01-02-01-08.wav,train
speaker_independent,0,01-01-02-01-10.wav,train
speaker_independent,0,01-01-02-01-11.wav,train
speaker_independent,0,01-01-02-01-12.wav,train
speaker_independent,0,01-01-02-01-13.wav,train
speaker_independent,0,01-01-02-01-15.wav,train
speaker_independent,0,01-01-02-01-16.wav,train
speaker_independent,0,01-01-02-01-17.wav,train
speaker_independent,0,01-01-02-01-18.wav,train
speaker_independent,0,01-01-02-01-20.wav,train
speaker_independent,0,01-01-02-01-21.wav,train
speaker_independent,0,01-01-02-01-22.wav,train
speaker_independent,0,01-01-02-01-23.wav,train
speaker_independent,0,01-01-02-02-01.wav,train
speaker_independent,0,01-01-02-02-02.wav,train
speaker_independent,0,01-01-02-02-03.wav,train
speaker_independent,0,01-01-02-02-05.wav,train
speaker_independent,0,01-01-02-02-06.wav,train
speaker_independent,0,01-01-02-02-07.wav,train
speaker_independent,0,01-01-02-02-08.wav,train
speaker_independent,0,01-01-02-02-10.wav,train
speaker_independent,0,01-01-02-02-11.wav,train
speaker_independent,0,01-01-02-02-12.wav,train
speaker_independent,0,01-01-02-02-13.wav,train
speaker_independent,0,01-01-02-02-15.wav,train
speaker_independent,0,01-01-02-02-16.wav,train
speaker_independent,0,01-01-02-02-17.wav,train
speaker_independent,0,01-01-02-02-18.wav,train
speaker_independent,0,01-01-02-02-20.wav,train
speaker_independent,0,01-01-02-02-21.wav,train
speaker_independent,0,01-01-02-02-22.wav,train
speaker_independent,0,01-01-02-02-23.wav,train
speaker_independent,0,02-01-01-01-01.wav,train
speaker_independent,0,02-01-01-01-02.wav,train
speaker_independent,0,02-01-01-01-03.wav,train
speaker_independent,0,02-01-01-01-05.wav,train
speaker_independent,0,02-01-01-01-06.wav,train
speaker_independent,0,02-01-01-01-07.wav,train
speaker_independent,0,02-01-01-01-08.wav,train
speaker_independent,0,02-01-01-01-10.wav,train
speaker_independent,0,02-01-01-01-11.wav,train
speaker_independent,0,02-01-01-01-12.wav,train
speaker_independent,0,02-01-01-01-13.wav,train
speaker_independent,0,02-01-01-01-15.wav,train
speaker_independent,0,02-01-01-01-16.wav,train
speaker_independent,0,02-01-01-01-17.wav,train
speaker_independent,0,02-01-01-01-18.wav,train
speaker_independent,0,02-01-01-01-20.wav,train
speaker_independent,0,02-01-01-01-21.wav,train
speaker_independent,0,02-01-01-01-22.wav,train
speaker_independent,0,02-01-01-01-23.wav,train
speaker_independent,0,02-01-01-02-01.wav,train
speaker_independent,0,02-01-01-02-02.wav,train
speaker_independent,0,02-01-01-02-03.wav,train
speaker_independent,0,02-01-01-02-05.wav,train
speaker_independent,0,02-01-01-02-06.wav,train
speaker_independent,0,02-01-01-02-07.wav,train
speaker_independent,0,02-01-01-02-08.wav,train
speaker_independent,0,02-01-01-02-10.wav,train
speaker_independent,0,02-01-01-02-11.wav,train
speaker_independent,0,02-01-01-02-12.wav,train
speaker_independent,0,02-01-01-02-13.wav,train
speaker_independent,0,02-01-01-02-15.wav,train
speaker_independent,0,02-01-01-02-16.wav,train
speaker_independent,0,02-01-01-02-17.wav,train
speaker_independent,0,02-01-01-02-18.wav,train
speaker_independent,0,02-01-01-02-20.wav,train
speaker_independent,0,02-01-01-02-21.wav,train
speaker_independent,0,02-01-01-02-22.wav,train
speaker_independent,0,02-01-01-02-23.wav,train
speaker_independent,0,02-01-02-01-01.wav,train
speaker_independent,0,02-01-02-01-02.wav,train
speaker_independent,0,02-01-02-01-03.wav,train
speaker_independent,0,02-01-02-01-05.wav,train
speaker_independent,0,02-01-02-01-06.wav,train
speaker_independent,0,02-01-02-01-07.wav,train
speaker_independent,0,02-01-02-01-08.wav,train
speaker_independent,0,02-01-02-01-10.wav,train
speaker_independent,0,02-01-02-01-11.wav,train
speaker_independent,0,02-01-02-01-12.wav,train
speaker_independent,0,02-01-02-01-13.wav,train
speaker_independent,0,02-01-02-01-15.wav,train
speaker_independent,0,02-01-02-01-16.wav,train
speaker_independent,0,02-01-02-01-17.wav,train
speaker_independent,0,02-01-02-01-18.wav,train
speaker_independent,0,02-01-02-01-20.wav,train
speaker_independent,0,02-01-02-01-21.wav,train
speaker_independent,0,02-01-02-01-22.wav,train
speaker_independent,0,02-01-02-01-23.wav,train
speaker_independent,0,02-01-02-02-01.wav,train
speaker_independent,0,02-01-02-02-02.wav,train
speaker_independent,0,02-01-02-02-03.wav,train
speaker_independent,0,02-01-02-02-05.wav,train
speaker_independent,0,02-01-02-02-06.wav,train
speaker_independent,0,02-01-02-02-07.wav,train
speaker_independent,0,02-01-02-02-08.wav,train
speaker_independent,0,02-01-02-02-10.wav,train
speaker_independent,0,02-01-02-02-11.wav,train
speaker_independent,0,02-01-02-02-12.wav,train
speaker_independent,0,02-01-02-02-13.wav,train
speaker_independent,0,02-01-02-02-15.wav,train
speaker_independent,0,02-01-02-02-16.wav,train
speaker_independent,0,02-01-02-02-17.wav,train
speaker_independent,0,02-01-02-02-18.wav,train
speaker_independent,0,02-01-02-02-20.wav,train
speaker_independent,0,02-01-02-02-21.wav,train
speaker_independent,0,02-01-02-02-22.wav,train
speaker_independent,0,02-01-02-02-23.wav,train
speaker_independent,0,02-02-01-01-01.wav,train
speaker_independent,0,02-02-01-01-02.wav,train
speaker_independent,0,02-02-01-01-03.wav,train
speaker_independent,0,02-02-01-01-05.wav,train
speaker_independent,0,02-02-01-01-06.wav,train
speaker_independent,0,02-02-01-01-07.wav,train
speaker_independent,0,02-02-01-01-08.wav,train
speaker_independent,0,02-02-01-01-10.wav,train
speaker_independent,0,02-02-01-01-11.wav,train
speaker_independent,0,02-02-01-01-12.wav,train
speaker_independent,0,02-02-01-01-13.wav,train
speaker_independent,0,02-02-01-01-15.wav,train
speaker_independent,0,02-02-01-01-16.wav,train
speaker_independent,0,02-02-01-01-17.wav,train
speaker_independent,0,02-02-01-01-18.wav,train
speaker_independent,0,02-02-01-01-20.wav,train
speaker_independent,0,02-02-01-01-21.wav,train
speaker_independent,0,02-02-01-01-22.wav,train
speaker_independent,0,02-02-01-01-23.wav,train
speaker_independent,0,02-02-01-02-01.wav,train
speaker_independent,0,02-02-01-02-02.wav,train
speaker_independent,0,02-02-01-02-03.wav,train
speaker_independent,0,02-02-01-02-05.wav,train
speaker_independent,0,02-02-01-02-06.wav,train
speaker_independent,0,02-02-01-02-07.wav,train
speaker_independent,0,02-02-01-02-08.wav,train
speaker_independent,0,02-02-01-02-10.wav,train
speaker_independent,0,02-02-01-02-11.wav,train
speaker_independent,0,02-02-01-02-12.wav,train
speaker_independent,0,02-02-01-02-13.wav,train
speaker_independent,0,02-02-01-02-15.wav,train
speaker_independent,0,02-02-01-02-16.wav,train
speaker_independent,0,02-02-01-02-17.wav,train
speaker_independent,0,02-02-01-02-18.wav,train
speaker_independent,0,02-02-01-02-20.wav,train
speaker_independent,0,02-02-01-02-21.wav,train
speaker_independent,0,02-02-01-02-22.wav,train
speaker_independent,0,02-02-01-02-23.wav,train
speaker_independent,0,02-02-02-01-01.wav,train
speaker_independent,0,02-02-02-01-02.wav,train
speaker_independent,0,02-02-02-01-03.wav,train
speaker_independent,0,02-02-02-01-05.wav,train
speaker_independent,0,02-02-02-01-06.wav,train
speaker_independent,0,02-02-02-01-07.wav,train
speaker_independent,0,02-02-02-01-08.wav,train
speaker_independent,0,02-02-02-01-10.wav,train
speaker_independent,0,02-02-02-01-11.wav,train
speaker_independent,0,02-02-02-01-12.wav,train
speaker_independent,0,02-02-02-01-13.wav,train
speaker_independent,0,02-02-02-01-15.wav,train
speaker_independent,0,02-02-02-01-16.wav,train
speaker_independent,0,02-02-02-01-17.wav,train
speaker_independent,0,02-02-02-01-18.wav,train
speaker_independent,0,02-02-02-01-20.wav,train
speaker_independent,0,02-02-02-01-21.wav,train
speaker_independent,0,02-02-02-01-22.wav,train
speaker_independent,0,02-02-02-01-23.wav,train
speaker_independent,0,02-02-02-02-01.wav,train
speaker_independent,0,02-02-02-02-02.wav,train
speaker_independent,0,02-02-02-02-03.wav,train
speaker_independent,0,02-02-02-02-05.wav,train
speaker_independent,0,02-02-02-02-06.wav,train
speaker_independent,0,02-02-02-02-07.wav,train
speaker_independent,0,02-02-02-02-08.wav,train
speaker_independent,0,02-02-02-02-10.wav,train
speaker_independent,0,02-02-02-02-11.wav,train
speaker_independent,0,02-02-02-02-12.wav,train
speaker_independent,0,02-02-02-02-13.wav,train
speaker_independent,0,02-02-02-02-15.wav,train
speaker_independent,0,02-02-02-02-16.wav,train
speaker_independent,0,02-02-02-02-17.wav,train
speaker_independent,0,02-02-02-02-18.wav,train
speaker_independent,0,02-02-02-02-20.wav,train
speaker_independent,0,02-02-02-02-21.wav,train
speaker_independent,0,02-02-02-02-22.wav,train
speaker_independent,0,02-02-02-02-23.wav,train
speaker_independent,0,03-01-01-01-01.wav,train
speaker_independent,0,03-01-01-01-02.wav,train
speaker_independent,0,03-01-01-01-03.wav,train
speaker_independent,0,03-01-01-01-05.wav,train
speaker_independent,0,03-01-01-01-06.wav,train
speaker_independent,0,03-01-01-01-07.wav,train
speaker_independent,0,03-01-01-01-08.wav,train
speaker_independent,0,03-01-01-01-10.wav,train
speaker_independent,0,03-01-01-01-11.wav,train
speaker_independent,0,03-01-01-01-12.wav,train
speaker_independent,0,03-01-01-01-13.wav,train
speaker_independent,0,03-01-01-01-15.wav,train
speaker_independent,0,03-01-01-01-16.wav,train
speaker_independent,0,03-01-01-01-17.wav,train
speaker_independent,0,03-01-01-01-18.wav,train
speaker_independent,0,03-01-01-01-20.wav,train
speaker_independent,0,03-01-01-01-21.wav,train
speaker_independent,0,03-01-01-01-22.wav,train
speaker_independent,0,03-01-01-01-23.wav,train
speaker_independent,0,03-01-01-02-01.wav,train
speaker_independent,0,03-01-01-02-02.wav,train
speaker_independent,0,03-01-01-02-03.wav,train
speaker_independent,0,03-01-01-02-05.wav,train
speaker_independent,0,03-01-01-02-06.wav,train
speaker_independent,0,03-01-01-02-07.wav,train
speaker_independent,0,03-01-01-02-08.wav,train
speaker_independent,0,03-01-01-02-10.wav,train
speaker_independent,0,03-01-01-02-11.wav,train
speaker_independent,0,03-01-01-02-12.wav,train
speaker_independent,0,03-01-01-02-13.wav,train
speaker_independent,0,03-01-01-02-15.wav,train
speaker_independent,0,03-01-01-02-16.wav,train
speaker_independent,0,03-01-01-02-17.wav,train
speaker_independent,0,03-01-01-02-18.wav,train
speaker_independent,0,03-01-01-02-20.wav,train
speaker_independent,0,03-01-01-02-21.wav,train
speaker_independent,0,03-01-01-02-22.wav,train
speaker_independent,0,03-01-01-02-23.wav,train
speaker_independent,0,03-01-02-01-01.wav,train
speaker_independent,0,03-01-02-01-02.wav,train
speaker_independent,0,03-01-02-01-03.wav,train
speaker_independent,0,03-01-02-01-05.wav,train
speaker_independent,0,03-01-02-01-06.wav,train
speaker_independent,0,03-01-02-01-07.wav,train
speaker_independent,0,03-01-02-01-08.wav,train
speaker_independent,0,03-01-02-01-10.wav,train
speaker_independent,0,03-01-02-01-11.wav,train
speaker_independent,0,03-01-02-01-12.wav,train
speaker_independent,0,03-01-02-01-13.wav,train
speaker_independent,0,03-01-02-01-15.wav,train
speaker_independent,0,03-01-02-01-16.wav,train
speaker_independent,0,03-01-02-01-17.wav,train
speaker_independent,0,03-01-02-01-18.wav,train
speaker_independent,0,03-01-02-01-20.wav,train
speaker_independent,0,03-01-02-01-21.wav,train
speaker_independent,0,03-01-02-01-22.wav,train
speaker_independent,0,03-01-02-01-23.wav,train
speaker_independent,0,03-01-02-02-01.wav,train
speaker_independent,0,03-01-02-02-02.wav,train
speaker_independent,0,03-01-02-02-03.wav,train
speaker_independent,0,03-01-02-02-05.wav,train
speaker_independent,0,03-01-02-02-06.wav,train
speaker_independent,0,03-01-02-02-07.wav,train
speaker_independent,0,03-01-02-02-08.wav,train
speaker_independent,0,03-01-02-02-10.wav,train
speaker_independent,0,03-01-02-02-11.wav,train
speaker_independent,0,03-01-02-02-12.wav,train
speaker_independent,0,03-01-02-02-13.wav,train
speaker_independent,0,03-01-02-02-15.wav,train
speaker_independent,0,03-01-02-02-16.wav,train
speaker_independent,0,03-01-02-02-17.wav,train
speaker_independent,0,03-01-02-02-18.wav,train
speaker_independent,0,03-01-02-02-20.wav,train
speaker_independent,0,03-01-02-02-21.wav,train
speaker_independent,0,03-01-02-02-22.wav,train
speaker_independent,0,03-01-02-02-23.wav,train
speaker_independent,0,03-02-01-01-01.wav,train
speaker_independent,0,03-02-01-01-02.wav,train
speaker_independent,0,03-02-01-01-03.wav,train
speaker_independent,0,03-02-01-01-05.wav,train
speaker_independent,0,03-02-01-01-06.wav,train
speaker_independent,0,03-02-01-01-07.wav,train
speaker_independent,0,03-02-01-01-08.wav,train
speaker_independent,0,03-02-01-01-10.wav,train
speaker_independent,0,03-02-01-01-11.wav,train
speaker_independent,0,03-02-01-01-12.wav,train
speaker_independent,0,03-02-01-01-13.wav,train
speaker_independent,0,03-02-01-01-15.wav,train
speaker_independent,0,03-02-01-01-16.wav,train
speaker_independent,0,03-02-01-01-17.wav,train
speaker_independent,0,03-02-01-01-18.wav,train
speaker_independent,0,03-02-01-01-20.wav,train
speaker_independent,0,03-02-01-01-21.wav,train
speaker_independent,0,03-02-01-01-22.wav,train
speaker_independent,0,03-02-01-01-23.wav,train
speaker_independent,0,03-02-01-02-01.wav,train
speaker_independent,0,03-02-01-02-02.wav,train
speaker_independent,0,03-02-01-02-03.wav,train
speaker_independent,0,03-02-01-02-05.wav,train
speaker_independent,0,03-02-01-02-06.wav,train
speaker_independent,0,03-02-01-02-07.wav,train
speaker_independent,0,03-02-01-02-08.wav,train
speaker_independent,0,03-02-01-02-10.wav,train
speaker_independent,0,03-02-01-02-11.wav,train
speaker_independent,0,03-02-01-02-12.wav,train
speaker_independent,0,03-02-01-02-13.wav,train
speaker_independent,0,03-02-01-02-15.wav,train
speaker_independent,0,03-02-01-02-16.wav,train
speaker_independent,0,03-02-01-02-17.wav,train
speaker_independent,0,03-02-01-02-18.wav,train
speaker_independent,0,03-02-01-02-20.wav,train
speaker_independent,0,03-02-01-02-21.wav,train
speaker_independent,0,03-02-01-02-22.wav,train
speaker_independent,0,03-02-01-02-23.wav,train
speaker_independent,0,03-02-02-01-01.wav,train
speaker_independent,0,03-02-02-01-02.wav,train
speaker_independent,0,03-02-02-01-03.wav,train
speaker_independent,0,03-02-02-01-05.wav,train
speaker_independent,0,03-02-02-01-06.wav,train
speaker_independent,0,03-02-02-01-07.wav,train
speaker_independent,0,03-02-02-01-08.wav,train
speaker_independent,0,03-02-02-01-10.wav,train
speaker_independent,0,03-02-02-01-11.wav,train
speaker_independent,0,03-02-02-01-12.wav,train
speaker_independent,0,03-02-02-01-13.wav,train
speaker_independent,0,03-02-02-01-15.wav,train
speaker_independent,0,03-02-02-01-16.wav,train
speaker_independent,0,03-02-02-01-17.wav,train
speaker_independent,0,03-02-02-01-18.wav,train
speaker_independent,0,03-02-02-01-20.wav,train
speaker_independent,0,03-02-02-01-21.wav,train
speaker_independent,0,03-02-02-01-22.wav,train
speaker_independent,0,03-02-02-01-23.wav,train
speaker_independent,0,03-02-02-02-01.wav,train
speaker_independent,0,03-02-02-02-02.wav,train
speaker_independent,0,03-02-02-02-03.wav,train
speaker_independent,0,03-02-02-02-05.wav,train
speaker_independent,0,03-02-02-02-06.wav,train
speaker_independent,0,03-02-02-02-07.wav,train
speaker_independent,0,03-02-02-02-08.wav,train
speaker_independent,0,03-02-02-02-10.wav,train
speaker_independent,0,03-02-02-02-11.wav,train
speaker_independent,0,03-02-02-02-12.wav,train
speaker_independent,0,03-02-02-02-13.wav,train
speaker_independent,0,03-02-02-02-15.wav,train
speaker_independent,0,03-02-02-02-16.wav,train
speaker_independent,0,03-02-02-02-17.wav,train
speaker_independent,0,03-02-02-02-18.wav,train
speaker_independent,0,03-02-02-02-20.wav,train
speaker_independent,0,03-02-02-02-21.wav,train
speaker_independent,0,03-02-02-02-22.wav,train
speaker_independent,0,03-02-02-02-23.wav,train
speaker_independent,0,04-01-01-01-01.wav,train
speaker_independent,0,04-01-01-01-02.wav,train
speaker_independent,0,04-01-01-01-03.wav,train
speaker_independent,0,04-01-01-01-05.wav,train
speaker_independent,0,04-01-01-01-06.wav,train
speaker_independent,0,04-01-01-01-07.wav,train
speaker_independent,0,04-01-01-01-08.wav,train
speaker_independent,0,04-01-01-01-10.wav,train
speaker_independent,0,04-01-01-01-11.wav,train
speaker_independent,0,04-01-01-01-12.wav,train
speaker_independent,0,04-01-01-01-13.wav,train
speaker_independent,0,04-01-01-01-15.wav,train
speaker_independent,0,04-01-01-01-16.wav,train
speaker_independent,0,04-01-01-01-17.wav,train
speaker_independent,0,04-01-01-01-18.wav,train
speaker_independent,0,04-01-01-01-20.wav,train
speaker_independent,0,04-01-01-01-21.wav,train
speaker_independent,0,04-01-01-01-22.wav,train
speaker_independent,0,04-01-01-01-23.wav,train
speaker_independent,0,04-01-01-02-01.wav,train
speaker_independent,0,04-01-01-02-02.wav,train
speaker_independent,0,04-01-01-02-03.wav,train
speaker_independent,0,04-01-01-02-05.wav,train
speaker_independent,0,04-01-01-02-06.wav,train
speaker_independent,0,04-01-01-02-07.wav,train
speaker_independent,0,04-01-01-02-08.wav,train
speaker_independent,0,04-01-01-02-10.wav,train
speaker_independent,0,04-01-01-02-11.wav,train
speaker_independent,0,04-01-01-02-12.wav,train
speaker_independent,0,04-01-01-02-13.wav,train
speaker_independent,0,04-01-01-02-15.wav,train
speaker_independent,0,04-01-01-02-16.wav,train
speaker_independent,0,04-01-01-02-17.wav,train
speaker_independent,0,04-01-01-02-18.wav,train
speaker_independent,0,04-01-01-02-20.wav,train
speaker_independent,0,04-01-01-02-21.wav,train
speaker_independent,0,04-01-01-02-22.wav,train
speaker_independent,0,04-01-01-02-23.wav,train
speaker_independent,0,04-01-02-01-01.wav,train
speaker_independent,0,04-01-02-01-02.wav,train
speaker_independent,0,04-01-02-01-03.wav,train
speaker_independent,0,04-01-02-01-05.wav,train
speaker_independent,0,04-01-02-01-06.wav,train
speaker_independent,0,04-01-02-01-07.wav,train
speaker_independent,0,04-01-02-01-08.wav,train
speaker_independent,0,04-01-02-01-10.wav,train
speaker_independent,0,04-01-02-01-11.wav,train
speaker_independent,0,04-01-02-01-12.wav,train
speaker_independent,0,04-01-02-01-13.wav,train
speaker_independent,0,04-01-02-01-15.wav,train
speaker_independent,0,04-01-02-01-16.wav,train
speaker_independent,0,04-01-02-01-17.wav,train
speaker_independent,0,04-01-02-01-18.wav,train
speaker_independent,0,04-01-02-01-20.wav,train
speaker_independent,0,04-01-02-01-21.wav,train
speaker_independent,0,04-01-02-01-22.wav,train
speaker_independent,0,04-01-02-01-23.wav,train
speaker_independent,0,04-01-02-02-01.wav,train
speaker_independent,0,04-01-02-02-02.wav,train
speaker_independent,0,04-01-02-02-03.wav,train
speaker_independent,0,04-01-02-02-05.wav,train
speaker_independent,0,04-01-02-02-06.wav,train
speaker_independent,0,04-01-02-02-07.wav,train
speaker_independent,0,04-01-02-02-08.wav,train
speaker_independent,0,04-01-02-02-10.wav,train
speaker_independent,0,04-01-02-02-11.wav,train
speaker_independent,0,04-01-02-02-12.wav,train
speaker_independent,0,04-01-02-02-13.wav,train
speaker_independent,0,04-01-02-02-15.wav,train
speaker_independent,0,04-01-02-02-16.wav,train
speaker_independent,0,04-01-02-02-17.wav,train
speaker_independent,0,04-01-02-02-18.wav,train
speaker_independent,0,04-01-02-02-20.wav,train
speaker_independent,0,04-01-02-02-21.wav,train
speaker_independent,0,04-01-02-02-22.wav,train
speaker_independent,0,04-01-02-02-23.wav,train
speaker_independent,0,04-02-01-01-01.wav,train
speaker_independent,0,04-02-01-01-02.wav,train
speaker_independent,0,04-02-01-01-03.wav,train
speaker_independent,0,04-02-01-01-05.wav,train
speaker_independent,0,04-02-01-01-06.wav,train
speaker_independent,0,04-02-01-01-07.wav,train
speaker_independent,0,04-02-01-01-08.wav,train
speaker_independent,0,04-02-01-01-10.wav,train
speaker_independent,0,04-02-01-01-11.wav,train
speaker_independent,0,04-02-01-01-12.wav,train
speaker_independent,0,04-02-01-01-13.wav,train
speaker_independent,0,04-02-01-01-15.wav,train
speaker_independent,0,04-02-01-01-16.wav,train
speaker_independent,0,04-02-01-01-17.wav,train
speaker_independent,0,04-02-01-01-18.wav,train
speaker_independent,0,04-02-01-01-20.wav,train
speaker_independent,0,04-02-01-01-21.wav,train
speaker_independent,0,04-02-01-01-22.wav,train
speaker_independent,0,04-02-01-01-23.wav,train
speaker_independent,0,04-02-01-02-01.wav,train
speaker_independent,0,04-02-01-02-02.wav,train
speaker_independent,0,04-02-01-02-03.wav,train
speaker_independent,0,04-02-01-02-05.wav,train
speaker_independent,0,04-02-01-02-06.wav,train
speaker_independent,0,04-02-01-02-07.wav,train
speaker_independent,0,04-02-01-02-08.wav,train
speaker_independent,0,04-02-01-02-10.wav,train
speaker_independent,0,04-02-01-02-11.wav,train
speaker_independent,0,04-02-01-02-12.wav,train
speaker_independent,0,04-02-01-02-13.wav,train
speaker_independent,0,04-02-01-02-15.wav,train
speaker_independent,0,04-02-01-02-16.wav,train
speaker_independent,0,04-02-01-02-17.wav,train
speaker_independent,0,04-02-01-02-18.wav,train
speaker_independent,0,04-02-01-02-20.wav,train
speaker_independent,0,04-02-01-02-21.wav,train
speaker_independent,0,04-02-01-02-22.wav,train
speaker_independent,0,04-02-01-02-23.wav,train
speaker_independent,0,04-02-02-01-01.wav,train
speaker_independent,0,04-02-02-01-02.wav,train
speaker_independent,0,04-02-02-01-03.wav,train
speaker_independent,0,04-02-02-01-05.wav,train
speaker_independent,0,04-02-02-01-06.wav,train
speaker_independent,0,04-02-02-01-07.wav,train
speaker_independent,0,04-02-02-01-08.wav,train
speaker_independent,0,04-02-02-01-10.wav,train
speaker_independent,0,04-02-02-01-11.wav,train
speaker_independent,0,04-02-02-01-12.wav,train
speaker_independent,0,04-02-02-01-13.wav,train
speaker_independent,0,04-02-02-01-15.wav,train
speaker_independent,0,04-02-02-01-16.wav,train
speaker_independent,0,04-02-02-01-17.wav,train
speaker_independent,0,04-02-02-01-18.wav,train
speaker_independent,0,04-02-02-01-20.wav,train
speaker_independent,0,04-02-02-01-21.wav,train
speaker_independent,0,04-02-02-01-22.wav,train
speaker_independent,0,04-02-02-01-23.wav,train
speaker_independent,0,04-02-02-02-01.wav,train
speaker_independent,0,04-02-02-02-02.wav,train
speaker_independent,0,04-02-02-02-03.wav,train
speaker_independent,0,04-02-02-02-05.wav,train
speaker_independent,0,04-02-02-02-06.wav,train
speaker_independent,0,04-02-02-02-07.wav,train
speaker_independent,0,04-02-02-02-08.wav,train
speaker_independent,0,04-02-02-02-10.wav,train
speaker_independent,0,04-02-02-02-11.wav,train
speaker_independent,0,04-02-02-02-12.wav,train
speaker_independent,0,04-02-02-02-13.wav,train
speaker_independent,0,04-02-02-02-15.wav,train
speaker_independent,0,04-02-02-02-16.wav,train
speaker_independent,0,04-02-02-02-17.wav,train
speaker_independent,0,04-02-02-02-18.wav,train
speaker_independent,0,04-02-02-02-20.wav,train
speaker_independent,0,04-02-02-02-21.wav,train
speaker_independent,0,04-02-02-02-22.wav,train
speaker_independent,0,04-02-02-02-23.wav,train
speaker_independent,0,05-01-01-01-01.wav,train
speaker_independent,0,05-01-01-01-02.wav,train
speaker_independent,0,05-01-01-01-03.wav,train
speaker_independent,0,05-01-01-01-05.wav,train
speaker_independent,0,05-01-01-01-06.wav,train
speaker_independent,0,05-01-01-01-07.wav,train
speaker_independent,0,05-01-01-01-08.wav,train
speaker_independent,0,05-01-01-01-10.wav,train
speaker_independent,0,05-01-01-01-11.wav,train
speaker_independent,0,05-01-01-01-12.wav,train
speaker_independent,0,05-01-01-01-13.wav,train
speaker_independent,0,05-01-01-01-15.wav,train
speaker_independent,0,05-01-01-01-16.wav,train
speaker_independent,0,05-01-01-01-17.wav,train
speaker_independent,0,05-01-01-01-18.wav,train
speaker_independent,0,05-01-01-01-20.wav,train
speaker_independent,0,05-01-01-01-21.wav,train
speaker_independent,0,05-01-01-01-22.wav,train
speaker_independent,0,05-01-01-01-23.wav,train
speaker_independent,0,05-01-01-02-01.wav,train
speaker_independent,0,05-01-01-02-02.wav,train
speaker_independent,0,05-01-01-02-03.wav,train
speaker_independent,0,05-01-01-02-05.wav,train
speaker_independent,0,05-01-01-02-06.wav,train
speaker_independent,0,05-01-01-02-07.wav,train
speaker_independent,0,05-01-01-02-08.wav,train
speaker_independent,0,05-01-01-02-10.wav,train
speaker_independent,0,05-01-01-02-11.wav,train
speaker_independent,0,05-01-01-02-12.wav,train
speaker_independent,0,05-01-01-02-13.wav,train
speaker_independent,0,05-01-01-02-15.wav,train
speaker_independent,0,05-01-01-02-16.wav,train
speaker_independent,0,05-01-01-02-17.wav,train
speaker_independent,0,05-01-01-02-18.wav,train
speaker_independent,0,05-01-01-02-20.wav,train
speaker_independent,0,05-01-01-02-21.wav,train
speaker_independent,0,05-01-01-02-22.wav,train
speaker_independent,0,05-01-01-02-23.wav,train
speaker_independent,0,05-01-02-01-01.wav,train
speaker_independent,0,05-01-02-01-02.wav,train
speaker_independent,0,05-01-02-01-03.wav,train
speaker_independent,0,05-01-02-01-05.wav,train
speaker_independent,0,05-01-02-01-06.wav,train
speaker_independent,0,05-01-02-01-07.wav,train
speaker_independent,0,05-01-02-01-08.wav,train
speaker_independent,0,05-01-02-01-10.wav,train
speaker_independent,0,05-01-02-01-11.wav,train
speaker_independent,0,05-01-02-01-12.wav,train
speaker_independent,0,05-01-02-01-13.wav,train
speaker_independent,0,05-01-02-01-15.wav,train
speaker_independent,0,05-01-02-01-16.wav,train
speaker_independent,0,05-01-02-01-17.wav,train
speaker_independent,0,05-01-02-01-18.wav,train
speaker_independent,0,05-01-02-01-20.wav,train
speaker_independent,0,05-01-02-01-21.wav,train
speaker_independent,0,05-01-02-01-22.wav,train
speaker_independent,0,05-01-02-01-23.wav,train
speaker_independent,0,05-01-02-02-01.wav,train
speaker_independent,0,05-01-02-02-02.wav,train
speaker_independent,0,05-01-02-02-03.wav,train
speaker_independent,0,05-01-02-02-05.wav,train
speaker_independent,0,05-01-02-02-06.wav,train
speaker_independent,0,05-01-02-02-07.wav,train
speaker_independent,0,05-01-02-02-08.wav,train
speaker_independent,0,05-01-02-02-10.wav,train
speaker_independent,0,05-01-02-02-11.wav,train
speaker_independent,0,05-01-02-02-12.wav,train
speaker_independent,0,05-01-02-02-13.wav,train
speaker_independent,0,05-01-02-02-15.wav,train
speaker_independent,0,05-01-02-02-16.wav,train
speaker_independent,0,05-01-02-02-17.wav,train
speaker_independent,0,05-01-02-02-18.wav,train
speaker_independent,0,05-01-02-02-20.wav,train
speaker_independent,0,05-01-02-02-21.wav,train
speaker_independent,0,05-01-02-02-22.wav,train
speaker_independent,0,05-01-02-02-23.wav,train
speaker_independent,0,05-02-01-01-01.wav,train
speaker_independent,0,05-02-01-01-02.wav,train
speaker_independent,0,05-02-01-01-03.wav,train
speaker_independent,0,05-02-01-01-05.wav,train
speaker_independent,0,05-02-01-01-06.wav,train
speaker_independent,0,05-02-01-01-07.wav,train
speaker_independent,0,05-02-01-01-08.wav,train
speaker_independent,0,05-02-01-01-10.wav,train
speaker_independent,0,05-02-01-01-11.wav,train
speaker_independent,0,05-02-01-01-12.wav,train
speaker_independent,0,05-02-01-01-13.wav,train
speaker_independent,0,05-02-01-01-15.wav,train
speaker_independent,0,05-02-01-01-16.wav,train
speaker_independent,0,05-02-01-01-17.wav,train
speaker_independent,0,05-02-01-01-18.wav,train
speaker_independent,0,05-02-01-01-20.wav,train
speaker_independent,0,05-02-01-01-21.wav,train
speaker_independent,0,05-02-01-01-22.wav,train
speaker_independent,0,05-02-01-01-23.wav,train
speaker_independent,0,05-02-01-02-01.wav,train
speaker_independent,0,05-02-01-02-02.wav,train
speaker_independent,0,05-02-01-02-03.wav,train
speaker_independent,0,05-02-01-02-05.wav,train
speaker_independent,0,05-02-01-02-06.wav,train
speaker_independent,0,05-02-01-02-07.wav,train
speaker_independent,0,05-02-01-02-08.wav,train
speaker_independent,0,05-02-01-02-10.wav,train
speaker_independent,0,05-02-01-02-11.wav,train
speaker_independent,0,05-02-01-02-12.wav,train
speaker_independent,0,05-02-01-02-13.wav,train
speaker_independent,0,05-02-01-02-15.wav,train
speaker_independent,0,05-02-01-02-16.wav,train
speaker_independent,0,05-02-01-02-17.wav,train
speaker_independent,0,05-02-01-02-18.wav,train
speaker_independent,0,05-02-01-02-20.wav,train
speaker_independent,0,05-02-01-02-21.wav,train
speaker_independent,0,05-02-01-02-22.wav,train
speaker_independent,0,05-02-01-02-23.wav,train
speaker_independent,0,05-02-02-01-01.wav,train
speaker_independent,0,05-02-02-01-02.wav,train
speaker_independent,0,05-02-02-01-03.wav,train
speaker_independent,0,05-02-02-01-05.wav,train
speaker_independent,0,05-02-02-01-06.wav,train
speaker_independent,0,05-02-02-01-07.wav,train
speaker_independent,0,05-02-02-01-08.wav,train
speaker_independent,0,05-02-02-01-10.wav,train
speaker_independent,0,05-02-02-01-11.wav,train
speaker_independent,0,05-02-02-01-12.wav,train
speaker_independent,0,05-02-02-01-13.wav,train
speaker_independent,0,05-02-02-01-15.wav,train
speaker_independent,0,05-02-02-01-16.wav,train
speaker_independent,0,05-02-02-01-17.wav,train
speaker_independent,0,05-02-02-01-18.wav,train
speaker_independent,0,05-02-02-01-20.wav,train
speaker_independent,0,05-02-02-01-21.wav,train
speaker_independent,0,05-02-02-01-22.wav,train
speaker_independent,0,05-02-02-01-23.wav,train
speaker_independent,0,05-02-02-02-01.wav,train
speaker_independent,0,05-02-02-02-02.wav,train
speaker_independent,0,05-02-02-02-03.wav,train
speaker_independent,0,05-02-02-02-05.wav,train
speaker_independent,0,05-02-02-02-06.wav,train
speaker_independent,0,05-02-02-02-07.wav,train
speaker_independent,0,05-02-02-02-08.wav,train
speaker_independent,0,05-02-02-02-10.wav,train
speaker_independent,0,05-02-02-02-11.wav,train
speaker_independent,0,05-02-02-02-12.wav,train
speaker_independent,0,05-02-02-02-13.wav,train
speaker_independent,0,05-02-02-02-15.wav,train
speaker_independent,0,05-02-02-02-16.wav,train
speaker_independent,0,05-02-02-02-17.wav,train
speaker_independent,0,05-02-02-02-18.wav,train
speaker_independent,0,05-02-02-02-20.wav,train
speaker_independent,0,05-02-02-02-21.wav,train
speaker_independent,0,05-02-02-02-22.wav,train
speaker_independent,0,05-02-02-02-23.wav,train
speaker_independent,0,06-01-01-01-01.wav,train
speaker_independent,0,06-01-01-01-02.wav,train
speaker_independent,0,06-01-01-01-03.wav,train
speaker_independent,0,06-01-01-01-05.wav,train
speaker_independent,0,06-01-01-01-06.wav,train
speaker_independent,0,06-01-01-01-07.wav,train
speaker_independent,0,06-01-01-01-08.wav,train
speaker_independent,0,06-01-01-01-10.wav,train
speaker_independent,0,06-01-01-01-11.wav,train
speaker_independent,0,06-01-01-01-12.wav,train
speaker_independent,0,06-01-01-01-13.wav,train
speaker_independent,0,06-01-01-01-15.wav,train
speaker_independent,0,06-01-01-01-16.wav,train
speaker_independent,0,06-01-01-01-17.wav,train
speaker_independent,0,06-01-01-01-18.wav,train
speaker_independent,0,06-01-01-01-20.wav,train
speaker_independent,0,06-01-01-01-21.wav,train
speaker_independent,0,06-01-01-01-22.wav,train
speaker_independent,0,06-01-01-01-23.wav,train
speaker_independent,0,06-01-01-02-01.wav,train
speaker_independent,0,06-01-01-02-02.wav,train
speaker_independent,0,06-01-01-02-03.wav,train
speaker_independent,0,06-01-01-02-05.wav,train
speaker_independent,0,06-01-01-02-06.wav,train
speaker_independent,0,06-01-01-02-07.wav,train
speaker_independent,0,06-01-01-02-08.wav,train
speaker_independent,0,06-01-01-02-10.wav,train
speaker_independent,0,06-01-01-02-11.wav,train
speaker_independent,0,06-01-01-02-12.wav,train
speaker_independent,0,06-01-01-02-13.wav,train
speaker_independent,0,06-01-01-02-15.wav,train
speaker_independent,0,06-01-01-02-16.wav,train
speaker_independent,0,06-01-01-02-17.wav,train
speaker_independent,0,06-01-01-02-18.wav,train
speaker_independent,0,06-01-01-02-20.wav,train
speaker_independent,0,06-01-01-02-21.wav,train
speaker_independent,0,06-01-01-02-22.wav,train
speaker_independent,0,06-01-01-02-23.wav,train
speaker_independent,0,06-01-02-01-01.wav,train
speaker_independent,0,06-01-02-01-02.wav,train
speaker_independent,0,06-01-02-01-03.wav,train
speaker_independent,0,06-01-02-01-05.wav,train
speaker_independent,0,06-01-02-01-06.wav,train
speaker_independent,0,06-01-02-01-07.wav,train
speaker_independent,0,06-01-02-01-08.wav,train
speaker_independent,0,06-01-02-01-10.wav,train
speaker_independent,0,06-01-02-01-11.wav,train
speaker_independent,0,06-01-02-01-12.wav,train
speaker_independent,0,06-01-02-01-13.wav,train
speaker_independent,0,06-01-02-01-15.wav,train
speaker_independent,0,06-01-02-01-16.wav,train
speaker_independent,0,06-01-02-01-17.wav,train
speaker_independent,0,06-01-02-01-18.wav,train
speaker_independent,0,06-01-02-01-20.wav,train
speaker_independent,0,06-01-02-01-21.wav,train
speaker_independent,0,06-01-02-01-22.wav,train
speaker_independent,0,06-01-02-01-23.wav,train
speaker_independent,0,06-01-02-02-01.wav,train
speaker_independent,0,06-01-02-02-02.wav,train
speaker_independent,0,06-01-02-02-03.wav,train
speaker_independent,0,06-01-02-02-05.wav,train
speaker_independent,0,06-01-02-02-06.wav,train
speaker_independent,0,06-01-02-02-07.wav,train
speaker_independent,0,06-01-02-02-08.wav,train
speaker_independent,0,06-01-02-02-10.wav,train
speaker_independent,0,06-01-02-02-11.wav,train
speaker_independent,0,06-01-02-02-12.wav,train
speaker_independent,0,06-01-02-02-13.wav,train
speaker_independent,0,06-01-02-02-15.wav,train
speaker_independent,0,06-01-02-02-16.wav,train
speaker_independent,0,06-01-02-02-17.wav,train
speaker_independent,0,06-01-02-02-18.wav,train
speaker_independent,0,06-01-02-02-20.wav,train
speaker_independent,0,06-01-02-02-21.wav,train
speaker_independent,0,06-01-02-02-22.wav,train
speaker_independent,0,06-01-02-02-23.wav,train
speaker_independent,0,06-02-01-01-01.wav,train
speaker_independent,0,06-02-01-01-02.wav,train
speaker_independent,0,06-02-01-01-03.wav,train
speaker_independent,0,06-02-01-01-05.wav,train
speaker_independent,0,06-02-01-01-06.wav,train
speaker_independent,0,06-02-01-01-07.wav,train
speaker_independent,0,06-02-01-01-08.wav,train
speaker_independent,0,06-02-01-01-10.wav,train
speaker_independent,0,06-02-01-01-11.wav,train
speaker_independent,0,06-02-01-01-12.wav,train
speaker_independent,0,06-02-01-01-13.wav,train
speaker_independent,0,06-02-01-01-15.wav,train
speaker_independent,0,06-02-01-01-16.wav,train
speaker_independent,0,06-02-01-01-17.wav,train
speaker_independent,0,06-02-01-01-18.wav,train
speaker_independent,0,06-02-01-01-20.wav,train
speaker_independent,0,06-02-01-01-21.wav,train
speaker_independent,0,06-02-01-01-22.wav,train
speaker_independent,0,06-02-01-01-23.wav,train
speaker_independent,0,06-02-01-02-01.wav,train
speaker_independent,0,06-02-01-02-02.wav,train
speaker_independent,0,06-02-01-02-03.wav,train
speaker_independent,0,06-02-01-02-05.wav,train
speaker_independent,0,06-02-01-02-06.wav,train
speaker_independent,0,06-02-01-02-07.wav,train
speaker_independent,0,06-02-01-02-08.wav,train
speaker_independent,0,06-02-01-02-10.wav,train
speaker_independent,0,06-02-01-02-11.wav,train
speaker_independent,0,06-02-01-02-12.wav,train
speaker_independent,0,06-02-01-02-13.wav,train
speaker_independent,0,06-02-01-02-15.wav,train
speaker_independent,0,06-02-01-02-16.wav,train
speaker_independent,0,06-02-01-02-17.wav,train
speaker_independent,0,06-02-01-02-18.wav,train
speaker_independent,0,06-02-01-02-20.wav,train
speaker_independent,0,06-02-01-02-21.wav,train
speaker_independent,0,06-02-01-02-22.wav,train
speaker_independent,0,06-02-01-02-23.wav,train
speaker_independent,0,06-02-02-01-01.wav,train
speaker_independent,0,06-02-02-01-02.wav,train
speaker_independent,0,06-02-02-01-03.wav,train
speaker_independent,0,06-02-02-01-05.wav,train
speaker_independent,0,06-02-02-01-06.wav,train
speaker_independent,0,06-02-02-01-07.wav,train
speaker_independent,0,06-02-02-01-08.wav,train
speaker_independent,0,06-02-02-01-10.wav,train
speaker_independent,0,06-02-02-01-11.wav,train
speaker_independent,0,06-02-02-01-12.wav,train
speaker_independent,0,06-02-02-01-13.wav,train
speaker_independent,0,06-02-02-01-15.wav,train
speaker_independent,0,06-02-02-01-16.wav,train
speaker_independent,0,06-02-02-01-17.wav,train
speaker_independent,0,06-02-02-01-18.wav,train
speaker_independent,0,06-02-02-01-20.wav,train
speaker_independent,0,06-02-02-01-21.wav,train
speaker_independent,0,06-02-02-01-22.wav,train
speaker_independent,0,06-02-02-01-23.wav,train
speaker_independent,0,06-02-02-02-01.wav,train
speaker_independent,0,06-02-02-02-02.wav,train
speaker_independent,0,06-02-02-02-03.wav,train
speaker_independent,0,06-02-02-02-05.wav,train
speaker_independent,0,06-02-02-02-06.wav,train
speaker_independent,0,06-02-02-02-07.wav,train
speaker_independent,0,06-02-02-02-08.wav,train
speaker_independent,0,06-02-02-02-10.wav,train
speaker_independent,0,06-02-02-02-11.wav,train
speaker_independent,0,06-02-02-02-12.wav,train
speaker_independent,0,06-02-02-02-13.wav,train
speaker_independent,0,06-02-02-02-15.wav,train
speaker_independent,0,06-02-02-02-16.wav,train
speaker_independent,0,06-02-02-02-17.wav,train
speaker_independent,0,06-02-02-02-18.wav,train
speaker_independent,0,06-02-02-02-20.wav,train
speaker_independent,0,06-02-02-02-21.wav,train
speaker_independent,0,06-02-02-02-22.wav,train
speaker_independent,0,06-02-02-02-23.wav,train
speaker_independent,0,07-01-01-01-01.wav,train
speaker_independent,0,07-01-01-01-02.wav,train
speaker_independent,0,07-01-01-01-03.wav,train
speaker_independent,0,07-01-01-01-05.wav,train
speaker_independent,0,07-01-01-01-06.wav,train
speaker_independent,0,07-01-01-01-07.wav,train
speaker_independent,0,07-01-01-01-08.wav,train
speaker_independent,0,07-01-01-01-10.wav,train
speaker_independent,0,07-01-01-01-11.wav,train
speaker_independent,0,07-01-01-01-12.wav,train
speaker_independent,0,07-01-01-01-13.wav,train
speaker_independent,0,07-01-01-01-15.wav,train
speaker_independent,0,07-01-01-01-16.wav,train
speaker_independent,0,07-01-01-01-17.wav,train
speaker_independent,0,07-01-01-01-18.wav,train
speaker_independent,0,07-01-01-01-20.wav,train
speaker_independent,0,07-01-01-01-21.wav,train
speaker_independent,0,07-01-01-01-22.wav,train
speaker_independent,0,07-01-01-01-23.wav,train
speaker_independent,0,07-01-01-02-01.wav,train
speaker_independent,0,07-01-01-02-02.wav,train
speaker_independent,0,07-01-01-02-03.wav,train
speaker_independent,0,07-01-01-02-05.wav,train
speaker_independent,0,07-01-01-02-06.wav,train
speaker_independent,0,07-01-01-02-07.wav,train
speaker_independent,0,07-01-01-02-08.wav,train
speaker_independent,0,07-01-01-02-10.wav,train
speaker_independent,0,07-01-01-02-11.wav,train
speaker_independent,0,07-01-01-02-12.wav,train
speaker_independent,0,07-01-01-02-13.wav,train
speaker_independent,0,07-01-01-02-15.wav,train
speaker_independent,0,07-01-01-02-16.wav,train
speaker_independent,0,07-01-01-02-17.wav,train
speaker_independent,0,07-01-01-02-18.wav,train
speaker_independent,0,07-01-01-02-20.wav,train
speaker_independent,0,07-01-01-02-21.wav,train
speaker_independent,0,07-01-01-02-22.wav,train
speaker_independent,0,07-01-01-02-23.wav,train
speaker_independent,0,07-01-02-01-01.wav,train
speaker_independent,0,07-01-02-01-02.wav,train
speaker_independent,0,07-01-02-01-03.wav,train
speaker_independent,0,07-01-02-01-05.wav,train
speaker_independent,0,07-01-02-01-06.wav,train
speaker_independent,0,07-01-02-01-07.wav,train
speaker_independent,0,07-01-02-01-08.wav,train
speaker_independent,0,07-01-02-01-10.wav,train
speaker_independent,0,07-01-02-01-11.wav,train
speaker_independent,0,07-01-02-01-12.wav,train
speaker_independent,0,07-01-02-01-13.wav,train
speaker_independent,0,07-01-02-01-15.wav,train
speaker_independent,0,07-01-02-01-16.wav,train
speaker_independent,0,07-01-02-01-17.wav,train
speaker_independent,0,07-01-02-01-18.wav,train
speaker_independent,0,07-01-02-01-20.wav,train
speaker_independent,0,07-01-02-01-21.wav,train
speaker_independent,0,07-01-02-01-22.wav,train
speaker_independent,0,07-01-02-01-23.wav,train
speaker_independent,0,07-01-02-02-01.wav,train
speaker_independent,0,07-01-02-02-02.wav,train
speaker_independent,0,07-01-02-02-03.wav,train
speaker_independent,0,07-01-02-02-05.wav,train
speaker_independent,0,07-01-02-02-06.wav,train
speaker_independent,0,07-01-02-02-07.wav,train
speaker_independent,0,07-01-02-02-08.wav,train
speaker_independent,0,07-01-02-02-10.wav,train
speaker_independent,0,07-01-02-02-11.wav,train
speaker_independent,0,07-01-02-02-12.wav,train
speaker_independent,0,07-01-02-02-13.wav,train
speaker_independent,0,07-01-02-02-15.wav,train
speaker_independent,0,07-01-02-02-16.wav,train
speaker_independent,0,07-01-02-02-17.wav,train
speaker_independent,0,07-01-02-02-18.wav,train
speaker_independent,0,07-01-02-02-20.wav,train
speaker_independent,0,07-01-02-02-21.wav,train
speaker_independent,0,07-01-02-02-22.wav,train
speaker_independent,0,07-01-02-02-23.wav,train
speaker_independent,0,07-02-01-01-01.wav,train
speaker_independent,0,07-02-01-01-02.wav,train
speaker_independent,0,07-02-01-01-03.wav,train
speaker_independent,0,07-02-01-01-05.wav,train
speaker_independent,0,07-02-01-01-06.wav,train
speaker_independent,0,07-02-01-01-07.wav,train
speaker_independent,0,07-02-01-01-08.wav,train
speaker_independent,0,07-02-01-01-10.wav,train
speaker_independent,0,07-02-01-01-11.wav,train
speaker_independent,0,07-02-01-01-12.wav,train
speaker_independent,0,07-02-01-01-13.wav,train
speaker_independent,0,07-02-01-01-15.wav,train
speaker_independent,0,07-02-01-01-16.wav,train
speaker_independent,0,07-02-01-01-17.wav,train
speaker_independent,0,07-02-01-01-18.wav,train
speaker_independent,0,07-02-01-01-20.wav,train
speaker_independent,0,07-02-01-01-21.wav,train
speaker_independent,0,07-02-01-01-22.wav,train
speaker_independent,0,07-02-01-01-23.wav,train
speaker_independent,0,07-02-01-02-01.wav,train
speaker_independent,0,07-02-01-02-02.wav,train
speaker_independent,0,07-02-01-02-03.wav,train
speaker_independent,0,07-02-01-02-05.wav,train
speaker_independent,0,07-02-01-02-06.wav,train
speaker_independent,0,07-02-01-02-07.wav,train
speaker_independent,0,07-02-01-02-08.wav,train
speaker_independent,0,07-02-01-02-10.wav,train
speaker_independent,0,07-02-01-02-11.wav,train
speaker_independent,0,07-02-01-02-12.wav,train
speaker_independent,0,07-02-01-02-13.wav,train
speaker_independent,0,07-02-01-02-15.wav,train
speaker_independent,0,07-02-01-02-16.wav,train
speaker_independent,0,07-02-01-02-17.wav,train
speaker_independent,0,07-02-01-02-18.wav,train
speaker_independent,0,07-02-01-02-20.wav,train
speaker_independent,0,07-02-01-02-21.wav,train
speaker_independent,0,07-02-01-02-22.wav,train
speaker_independent,0,07-02-01-02-23.wav,train
speaker_independent,0,07-02-02-01-01.wav,train
speaker_independent,0,07-02-02-01-02.wav,train
speaker_independent,0,07-02-02-01-03.wav,train
speaker_independent,0,07-02-02-01-05.wav,train
speaker_independent,0,07-02-02-01-06.wav,train
speaker_independent,0,07-02-02-01-07.wav,train
speaker_independent,0,07-02-02-01-08.wav,train
speaker_independent,0,07-02-02-01-10.wav,train
speaker_independent,0,07-02-02-01-11.wav,train
speaker_independent,0,07-02-02-01-12.wav,train
speaker_independent,0,07-02-02-01-13.wav,train
speaker_independent,0,07-02-02-01-15.wav,train
speaker_independent,0,07-02-02-01-16.wav,train
speaker_independent,0,07-02-02-01-17.wav,train
speaker_independent,0,07-02-02-01-18.wav,train
speaker_independent,0,07-02-02-01-20.wav,train
speaker_independent,0,07-02-02-01-21.wav,train
speaker_independent,0,07-02-02-01-22.wav,train
speaker_independent,0,07-02-02-01-23.wav,train
speaker_independent,0,07-02-02-02-01.wav,train
speaker_independent,0,07-02-02-02-02.wav,train
speaker_independent,0,07-02-02-02-03.wav,train
speaker_independent,0,07-02-02-02-05.wav,train
speaker_independent,0,07-02-02-02-06.wav,train
speaker_independent,0,07-02-02-02-07.wav,train
speaker_independent,0,07-02-02-02-08.wav,train
speaker_independent,0,07-02-02-02-10.wav,train
speaker_independent,0,07-02-02-02-11.wav,train
speaker_independent,0,07-02-02-02-12.wav,train
speaker_independent,0,07-02-02-02-13.wav,train
speaker_independent,0,07-02-02-02-15.wav,train
speaker_independent,0,07-02-02-02-16.wav,train
speaker_independent,0,07-02-02-02-17.wav,train
speaker_independent,0,07-02-02-02-18.wav,train
speaker_independent,0,07-02-02-02-20.wav,train
speaker_independent,0,07-02-02-02-21.wav,train
speaker_independent,0,07-02-02-02-22.wav,train
speaker_independent,0,07-02-02-02-23.wav,train
speaker_independent,0,08-01-01-01-01.wav,train
speaker_independent,0,08-01-01-01-02.wav,train
speaker_independent,0,08-01-01-01-03.wav,train
speaker_independent,0,08-01-01-01-05.wav,train
speaker_independent,0,08-01-01-01-06.wav,train
speaker_independent,0,08-01-01-01-07.wav,train
speaker_independent,0,08-01-01-01-08.wav,train
speaker_independent,0,08-01-01-01-10.wav,train
speaker_independent,0,08-01-01-01-11.wav,train
speaker_independent,0,08-01-01-01-12.wav,train
speaker_independent,0,08-01-01-01-13.wav,train
speaker_independent,0,08-01-01-01-15.wav,train
speaker_independent,0,08-01-01-01-16.wav,train
speaker_independent,0,08-01-01-01-17.wav,train
speaker_independent,0,08-01-01-01-18.wav,train
speaker_independent,0,08-01-01-01-20.wav,train
speaker_independent,0,08-01-01-01-21.wav,train
speaker_independent,0,08-01-01-01-22.wav,train
speaker_independent,0,08-01-01-01-23.wav,train
speaker_independent,0,08-01-01-02-01.wav,train
speaker_independent,0,08-01-01-02-02.wav,train
speaker_independent,0,08-01-01-02-03.wav,train
speaker_independent,0,08-01-01-02-05.wav,train
speaker_independent,0,08-01-01-02-06.wav,train
speaker_independent,0,08-01-01-02-07.wav,train
speaker_independent,0,08-01-01-02-08.wav,train
speaker_independent,0,08-01-01-02-10.wav,train
speaker_independent,0,08-01-01-02-11.wav,train
speaker_independent,0,08-01-01-02-12.wav,train
speaker_independent,0,08-01-01-02-13.wav,train
speaker_independent,0,08-01-01-02-15.wav,train
speaker_independent,0,08-01-01-02-16.wav,train
speaker_independent,0,08-01-01-02-17.wav,train
speaker_independent,0,08-01-01-02-18.wav,train
speaker_independent,0,08-01-01-02-20.wav,train
speaker_independent,0,08-01-01-02-21.wav,train
speaker_independent,0,08-01-01-02-22.wav,train
speaker_independent,0,08-01-01-02-23.wav,train
speaker_independent,0,08-01-02-01-01.wav,train
speaker_independent,0,08-01-02-01-02.wav,train
speaker_independent,0,08-01-02-01-03.wav,train
speaker_independent,0,08-01-02-01-05.wav,train
speaker_independent,0,08-01-02-01-06.wav,train
speaker_independent,0,08-01-02-01-07.wav,train
speaker_independent,0,08-01-02-01-08.wav,train
speaker_independent,0,08-01-02-01-10.wav,train
speaker_independent,0,08-01-02-01-11.wav,train
speaker_independent,0,08-01-02-01-12.wav,train
speaker_independent,0,08-01-02-01-13.wav,train
speaker_independent,0,08-01-02-01-15.wav,train
speaker_independent,0,08-01-02-01-16.wav,train
speaker_independent,0,08-01-02-01-17.wav,train
speaker_independent,0,08-01-02-01-18.wav,train
speaker_independent,0,08-01-02-01-20.wav,train
speaker_independent,0,08-01-02-01-21.wav,train
speaker_independent,0,08-01-02-01-22.wav,train
speaker_independent,0,08-01-02-01-23.wav,train
speaker_independent,0,08-01-02-02-01.wav,train
speaker_independent,0,08-01-02-02-02.wav,train
speaker_independent,0,08-01-02-02-03.wav,train
speaker_independent,0,08-01-02-02-05.wav,train
speaker_independent,0,08-01-02-02-06.wav,train
speaker_independent,0,08-01-02-02-07.wav,train
speaker_independent,0,08-01-02-02-08.wav,train
speaker_independent,0,08-01-02-02-10.wav,train
speaker_independent,0,08-01-02-02-11.wav,train
speaker_independent,0,08-01-02-02-12.wav,train
speaker_independent,0,08-01-02-02-13.wav,train
speaker_independent,0,08-01-02-02-15.wav,train
speaker_independent,0,08-01-02-02-16.wav,train
speaker_independent,0,08-01-02-02-17.wav,train
speaker_independent,0,08-01-02-02-18.wav,train
speaker_independent,0,08-01-02-02-20.wav,train
speaker_independent,0,08-01-02-02-21.wav,train
speaker_independent,0,08-01-02-02-22.wav,train
speaker_independent,0,08-01-02-02-23.wav,train
speaker_independent,0,08-02-01-01-01.wav,train
speaker_independent,0,08-02-01-01-02.wav,train
speaker_independent,0,08-02-01-01-03.wav,train
speaker_independent,0,08-02-01-01-05.wav,train
speaker_independent,0,08-02-01-01-06.wav,train
speaker_independent,0,08-02-01-01-07.wav,train
speaker_independent,0,08-02-01-01-08.wav,train
speaker_independent,0,08-02-01-01-10.wav,train
speaker_independent,0,08-02-01-01-11.wav,train
speaker_independent,0,08-02-01-01-12.wav,train
speaker_independent,0,08-02-01-01-13.wav,train
speaker_independent,0,08-02-01-01-15.wav,train
speaker_independent,0,08-02-01-01-16.wav,train
speaker_independent,0,08-02-01-01-17.wav,train
speaker_independent,0,08-02-01-01-18.wav,train
speaker_independent,0,08-02-01-01-20.wav,train
speaker_independent,0,08-02-01-01-21.wav,train
speaker_independent,0,08-02-01-01-22.wav,train
speaker_independent,0,08-02-01-01-23.wav,train
speaker_independent,0,08-02-01-02-01.wav,train
speaker_independent,0,08-02-01-02-02.wav,train
speaker_independent,0,08-02-01-02-03.wav,train
speaker_independent,0,08-02-01-02-05.wav,train
speaker_independent,0,08-02-01-02-06.wav,train
speaker_independent,0,08-02-01-02-07.wav,train
speaker_independent,0,08-02-01-02-08.wav,train
speaker_independent,0,08-02-01-02-10.wav,train
speaker_independent,0,08-02-01-02-11.wav,train
speaker_independent,0,08-02-01-02-12.wav,train
speaker_independent,0,08-02-01-02-13.wav,train
speaker_independent,0,08-02-01-02-15.wav,train
speaker_independent,0,08-02-01-02-16.wav,train
speaker_independent,0,08-02-01-02-17.wav,train
speaker_independent,0,08-02-01-02-18.wav,train
speaker_independent,0,08-02-01-02-20.wav,train
speaker_independent,0,08-02-01-02-21.wav,train
speaker_independent,0,08-02-01-02-22.wav,train
speaker_independent,0,08-02-01-02-23.wav,train
speaker_independent,0,08-02-02-01-01.wav,train
speaker_independent,0,08-02-02-01-02.wav,train
speaker_independent,0,08-02-02-01-03.wav,train
speaker_independent,0,08-02-02-01-05.wav,train
speaker_independent,0,08-02-02-01-06.wav,train
speaker_independent,0,08-02-02-01-07.wav,train
speaker_independent,0,08-02-02-01-08.wav,train
speaker_independent,0,08-02-02-01-10.wav,train
speaker_independent,0,08-02-02-01-11.wav,train
speaker_independent,0,08-02-02-01-12.wav,train
speaker_independent,0,08-02-02-01-13.wav,train
speaker_independent,0,08-02-02-01-15.wav,train
speaker_independent,0,08-02-02-01-16.wav,train
speaker_independent,0,08-02-02-01-17.wav,train
speaker_independent,0,08-02-02-01-18.wav,train
speaker_independent,0,08-02-02-01-20.wav,train
speaker_independent,0,08-02-02-01-21.wav,train
speaker_independent,0,08-02-02-01-22.wav,train
speaker_independent,0,08-02-02-01-23.wav,train
speaker_independent,0,08-02-02-02-01.wav,train
speaker_independent,0,08-02-02-02-02.wav,train
speaker_independent,0,08-02-02-02-03.wav,train
speaker_independent,0,08-02-02-02-05.wav,train
speaker_independent,0,08-02-02-02-06.wav,train
speaker_independent,0,08-02-02-02-07.wav,train
speaker_independent,0,08-02-02-02-08.wav,train
speaker_independent,0,08-02-02-02-10.wav,train
speaker_independent,0,08-02-02-02-11.wav,train
speaker_independent,0,08-02-02-02-12.wav,train
speaker_independent,0,08-02-02-02-13.wav,train
speaker_independent,0,08-02-02-02-15.wav,train
speaker_independent,0,08-02-02-02-16.wav,train
speaker_independent,0,08-02-02-02-17.wav,train
speaker_independent,0,08-02-02-02-18.wav,train
speaker_independent,0,08-02-02-02-20.wav,train
speaker_independent,0,08-02-02-02-21.wav,train
speaker_independent,0,08-02-02-02-22.wav,train
speaker_independent,0,08-02-02-02-23.wav,train
speaker_independent,1,01-01-01-01-03.wav,test
speaker_independent,1,01-01-01-01-08.wav,test
speaker_independent,1,01-01-01-01-13.wav,test
speaker_independent,1,01-01-01-01-18.wav,test
speaker_independent,1,01-01-01-01-23.wav,test
speaker_independent,1,01-01-01-02-03.wav,test
speaker_independent,1,01-01-01-02-08.wav,test
speaker_independent,1,01-01-01-02-13.wav,test
speaker_independent,1,01-01-01-02-18.wav,test
speaker_independent,1,01-01-01-02-23.wav,test
speaker_independent,1,01-01-02-01-03.wav,test
speaker_independent,1,01-01-02-01-08.wav,test
speaker_independent,1,01-01-02-01-13.wav,test
speaker_independent,1,01-01-02-01-18.wav,test
speaker_independent,1,01-01-02-01-23.wav,test
speaker_independent,1,01-01-02-02-03.wav,test
speaker_independent,1,01-01-02-02-08.wav,test
speaker_independent,1,01-01-02-02-13.wav,test
speaker_independent,1,01-01-02-02-18.wav,test
speaker_independent,1,01-01-02-02-23.wav,test
speaker_independent,1,02-01-01-01-03.wav,test
speaker_independent,1,02-01-01-01-08.wav,test
speaker_independent,1,02-01-01-01-13.wav,test
speaker_independent,1,02-01-01-01-18.wav,test
speaker_independent,1,02-01-01-01-23.wav,test
speaker_independent,1,02-01-01-02-03.wav,test
speaker_independent,1,02-01-01-02-08.wav,test
speaker_independent,1,02-01-01-02-13.wav,test
speaker_independent,1,02-01-01-02-18.wav,test
speaker_independent,1,02-01-01-02-23.wav,test
speaker_independent,1,02-01-02-01-03.wav,test
speaker_independent,1,02-01-02-01-08.wav,test
speaker_independent,1,02-01-02-01-13.wav,test
speaker_independent,1,02-01-02-01-18.wav,test
speaker_independent,1,02-01-02-01-23.wav,test
speaker_independent,1,02-01-02-02-03.wav,test
speaker_independent,1,02-01-02-02-08.wav,test
speaker_independent,1,02-01-02-02-13.wav,test
speaker_independent,1,02-01-02-02-18.wav,test
speaker_independent,1,02-01-02-02-23.wav,test
speaker_independent,1,02-02-01-01-03.wav,test
speaker_independent,1,02-02-01-01-08.wav,test
speaker_independent,1,02-02-01-01-13.wav,test
speaker_independent,1,02-02-01-01-18.wav,test
speaker_independent,1,02-02-01-01-23.wav,test
speaker_independent,1,02-02-01-02-03.wav,test
speaker_independent,1,02-02-01-02-08.wav,test
speaker_independent,1,02-02-01-02-13.wav,test
speaker_independent,1,02-02-01-02-18.wav,test
speaker_independent,1,02-02-01-02-23.wav,test
speaker_independent,1,02-02-02-01-03.wav,test
speaker_independent,1,02-02-02-01-08.wav,test
speaker_independent,1,02-02-02-01-13.wav,test
speaker_independent,1,02-02-02-01-18.wav,test
speaker_independent,1,02-02-02-01-23.wav,test
speaker_independent,1,02-02-02-02-03.wav,test
speaker_independent,1,02-02-02-02-08.wav,test
speaker_independent,1,02-02-02-02-13.wav,test
speaker_independent,1,02-02-02-02-18.wav,test
speaker_independent,1,02-02-02-02-23.wav,test
speaker_independent,1,03-01-01-01-03.wav,test
speaker_independent,1,03-01-01-01-08.wav,test
speaker_independent,1,03-01-01-01-13.wav,test
speaker_independent,1,03-01-01-01-18.wav,test
speaker_independent,1,03-01-01-01-23.wav,test
speaker_independent,1,03-01-01-02-03.wav,test
speaker_independent,1,03-01-01-02-08.wav,test
speaker_independent,1,03-01-01-02-13.wav,test
speaker_independent,1,03-01-01-02-18.wav,test
speaker_independent,1,03-01-01-02-23.wav,test
speaker_independent,1,03-01-02-01-03.wav,test
speaker_independent,1,03-01-02-01-08.wav,test
speaker_independent,1,03-01-02-01-13.wav,test
speaker_independent,1,03-01-02-01-18.wav,test
speaker_independent,1,03-01-02-01-23.wav,test
speaker_independent,1,03-01-02-02-03.wav,test
speaker_independent,1,03-01-02-02-08.wav,test
speaker_independent,1,03-01-02-02-13.wav,test
speaker_independent,1,03-01-02-02-18.wav,test
speaker_independent,1,03-01-02-02-23.wav,test
speaker_independent,1,03-02-01-01-03.wav,test
speaker_independent,1,03-02-01-01-08.wav,test
speaker_independent,1,03-02-01-01-13.wav,test
speaker_independent,1,03-02-01-01-18.wav,test
speaker_independent,1,03-02-01-01-23.wav,test
speaker_independent,1,03-02-01-02-03.wav,test
speaker_independent,1,03-02-01-02-08.wav,test
speaker_independent,1,03-02-01-02-13.wav,test
speaker_independent,1,03-02-01-02-18.wav,test
speaker_independent,1,03-02-01-02-23.wav,test
speaker_independent,1,03-02-02-01-03.wav,test
speaker_independent,1,03-02-02-01-08.wav,test
speaker_independent,1,03-02-02-01-13.wav,test
speaker_independent,1,03-02-02-01-18.wav,test
speaker_independent,1,03-02-02-01-23.wav,test
speaker_independent,1,03-02-02-02-03.wav,test
speaker_independent,1,03-02-02-02-08.wav,test
speaker_independent,1,03-02-02-02-13.wav,test
speaker_independent,1,03-02-02-02-18.wav,test
speaker_independent,1,03-02-02-02-23.wav,test
speaker_independent,1,04-01-01-01-03.wav,test
speaker_independent,1,04-01-01-01-08.wav,test
speaker_independent,1,04-01-01-01-13.wav,test
speaker_independent,1,04-01-01-01-18.wav,test
speaker_independent,1,04-01-01-01-23.wav,test
speaker_independent,1,04-01-01-02-03.wav,test
speaker_independent,1,04-01-01-02-08.wav,test
speaker_independent,1,04-01-01-02-13.wav,test
speaker_independent,1,04-01-01-02-18.wav,test
speaker_independent,1,04-01-01-02-23.wav,test
speaker_independent,1,04-01-02-01-03.wav,test
speaker_independent,1,04-01-02-01-08.wav,test
speaker_independent,1,04-01-02-01-13.wav,test
speaker_independent,1,04-01-02-01-18.wav,test
speaker_independent,1,04-01-02-01-23.wav,test
speaker_independent,1,04-01-02-02-03.wav,test
speaker_independent,1,04-01-02-02-08.wav,test
speaker_independent,1,04-01-02-02-13.wav,test
speaker_independent,1,04-01-02-02-18.wav,test
speaker_independent,1,04-01-02-02-23.wav,test
speaker_independent,1,04-02-01-01-03.wav,test
speaker_independent,1,04-02-01-01-08.wav,test
speaker_independent,1,04-02-01-01-13.wav,test
speaker_independent,1,04-02-01-01-18.wav,test
speaker_independent,1,04-02-01-01-23.wav,test
speaker_independent,1,04-02-01-02-03.wav,test
speaker_independent,1,04-02-01-02-08.wav,test
speaker_independent,1,04-02-01-02-13.wav,test
speaker_independent,1,04-02-01-02-18.wav,test
speaker_independent,1,04-02-01-02-23.wav,test
speaker_independent,1,04-02-02-01-03.wav,test
speaker_independent,1,04-02-02-01-08.wav,test
speaker_independent,1,04-02-02-01-13.wav,test
speaker_independent,1,04-02-02-01-18.wav,test
speaker_independent,1,04-02-02-01-23.wav,test
speaker_independent,1,04-02-02-02-03.wav,test
speaker_independent,1,04-02-02-02-08.wav,test
speaker_independent,1,04-02-02-02-13.wav,test
speaker_independent,1,04-02-02-02-18.wav,test
speaker_independent,1,04-02-02-02-23.wav,test
speaker_independent,1,05-01-01-01-03.wav,test
speaker_independent,1,05-01-01-01-08.wav,test
speaker_independent,1,05-01-01-01-13.wav,test
speaker_independent,1,05-01-01-01-18.wav,test
speaker_independent,1,05-01-01-01-23.wav,test
speaker_independent,1,05-01-01-02-03.wav,test
speaker_independent,1,05-01-01-02-08.wav,test
speaker_independent,1,05-01-01-02-13.wav,test
speaker_independent,1,05-01-01-02-18.wav,test
speaker_independent,1,05-01-01-02-23.wav,test
speaker_independent,1,05-01-02-01-03.wav,test
speaker_independent,1,05-01-02-01-08.wav,test
speaker_independent,1,05-01-02-01-13.wav,test
speaker_independent,1,05-01-02-01-18.wav,test
speaker_independent,1,05-01-02-01-23.wav,test
speaker_independent,1,05-01-02-02-03.wav,test
speaker_independent,1,05-01-02-02-08.wav,test
speaker_independent,1,05-01-02-02-13.wav,test
speaker_independent,1,05-01-02-02-18.wav,test
speaker_independent,1,05-01-02-02-23.wav,test
speaker_independent,1,05-02-01-01-03.wav,test
speaker_independent,1,05-02-01-01-08.wav,test
speaker_independent,1,05-02-01-01-13.wav,test
speaker_independent,1,05-02-01-01-18.wav,test
speaker_independent,1,05-02-01-01-23.wav,test
speaker_independent,1,05-02-01-02-03.wav,test
speaker_independent,1,05-02-01-02-08.wav,test
speaker_independent,1,05-02-01-02-13.wav,test
speaker_independent,1,05-02-01-02-18.wav,test
speaker_independent,1,05-02-01-02-23.wav,test
speaker_independent,1,05-02-02-01-03.wav,test
speaker_independent,1,05-02-02-01-08.wav,test
speaker_independent,1,05-02-02-01-13.wav,test
speaker_independent,1,05-02-02-01-18.wav,test
speaker_independent,1,05-02-02-01-23.wav,test
speaker_independent,1,05-02-02-02-03.wav,test
speaker_independent,1,05-02-02-02-08.wav,test
speaker_independent,1,05-02-02-02-13.wav,test
speaker_independent,1,05-02-02-02-18.wav,test
speaker_independent,1,05-02-02-02-23.wav,test
speaker_independent,1,06-01-01-01-03.wav,test
speaker_independent,1,06-01-01-01-08.wav,test
speaker_independent,1,06-01-01-01-13.wav,test
speaker_independent,1,06-01-01-01-18.wav,test
speaker_independent,1,06-01-01-01-23.wav,test
speaker_independent,1,06-01-01-02-03.wav,test
speaker_independent,1,06-01-01-02-08.wav,test
speaker_independent,1,06-01-01-02-13.wav,test
speaker_independent,1,06-01-01-02-18.wav,test
speaker_independent,1,06-01-01-02-23.wav,test
speaker_independent,1,06-01-02-01-03.wav,test
speaker_independent,1,06-01-02-01-08.wav,test
speaker_independent,1,06-01-02-01-13.wav,test
speaker_independent,1,06-01-02-01-18.wav,test
speaker_independent,1,06-01-02-01-23.wav,test
speaker_independent,1,06-01-02-02-03.wav,test
speaker_independent,1,06-01-02-02-08.wav,test
speaker_independent,1,06-01-02-02-13.wav,test
speaker_independent,1,06-01-02-02-18.wav,test
speaker_independent,1,06-01-02-02-23.wav,test
speaker_independent,1,06-02-01-01-03.wav,test
speaker_independent,1,06-02-01-01-08.wav,test
speaker_independent,1,06-02-01-01-13.wav,test
speaker_independent,1,06-02-01-01-18.wav,test
speaker_independent,1,06-02-01-01-23.wav,test
speaker_independent,1,06-02-01-02-03.wav,test
speaker_independent,1,06-02-01-02-08.wav,test
speaker_independent,1,06-02-01-02-13.wav,test
speaker_independent,1,06-02-01-02-18.wav,test
speaker_independent,1,06-02-01-02-23.wav,test
speaker_independent,1,06-02-02-01-03.wav,test
speaker_independent,1,06-02-02-01-08.wav,test
speaker_independent,1,06-02-02-01-13.wav,test
speaker_independent,1,06-02-02-01-18.wav,test
speaker_independent,1,06-02-02-01-23.wav,test
speaker_independent,1,06-02-02-02-03.wav,test
speaker_independent,1,06-02-02-02-08.wav,test
speaker_independent,1,06-02-02-02-13.wav,test
speaker_independent,1,06-02-02-02-18.wav,test
speaker_independent,1,06-02-02-02-23.wav,test
speaker_independent,1,07-01-01-01-03.wav,test
speaker_independent,1,07-01-01-01-08.wav,test
speaker_independent,1,07-01-01-01-13.wav,test
speaker_independent,1,07-01-01-01-18.wav,test
speaker_independent,1,07-01-01-01-23.wav,test
speaker_independent,1,07-01-01-02-03.wav,test
speaker_independent,1,07-01-01-02-08.wav,test
speaker_independent,1,07-01-01-02-13.wav,test
speaker_independent,1,07-01-01-02-18.wav,test
speaker_independent,1,07-01-01-02-23.wav,test
speaker_independent,1,07-01-02-01-03.wav,test
speaker_independent,1,07-01-02-01-08.wav,test
speaker_independent,1,07-01-02-01-13.wav,test
speaker_independent,1,07-01-02-01-18.wav,test
speaker_independent,1,07-01-02-01-23.wav,test
speaker_independent,1,07-01-02-02-03.wav,test
speaker_independent,1,07-01-02-02-08.wav,test
speaker_independent,1,07-01-02-02-13.wav,test
speaker_independent,1,07-01-02-02-18.wav,test
speaker_independent,1,07-01-02-02-23.wav,test
speaker_independent,1,07-02-01-01-03.wav,test
speaker_independent,1,07-02-01-01-08.wav,test
speaker_independent,1,07-02-01-01-13.wav,test
speaker_independent,1,07-02-01-01-18.wav,test
speaker_independent,1,07-02-01-01-23.wav,test
speaker_independent,1,07-02-01-02-03.wav,test
speaker_independent,1,07-02-01-02-08.wav,test
speaker_independent,1,07-02-01-02-13.wav,test
speaker_independent,1,07-02-01-02-18.wav,test
speaker_independent,1,07-02-01-02-23.wav,test
speaker_independent,1,07-02-02-01-03.wav,test
speaker_independent,1,07-02-02-01-08.wav,test
speaker_independent,1,07-02-02-01-13.wav,test
speaker_independent,1,07-02-02-01-18.wav,test
speaker_independent,1,07-02-02-01-23.wav,test
speaker_independent,1,07-02-02-02-03.wav,test
speaker_independent,1,07-02-02-02-08.wav,test
speaker_independent,1,07-02-02-02-13.wav,test
speaker_independent,1,07-02-02-02-18.wav,test
speaker_independent,1,07-02-02-02-23.wav,test
speaker_independent,1,08-01-01-01-03.wav,test
speaker_independent,1,08-01-01-01-08.wav,test
speaker_independent,1,08-01-01-01-13.wav,test
speaker_independent,1,08-01-01-01-18.wav,test
speaker_independent,1,08-01-01-01-23.wav,test
speaker_independent,1,08-01-01-02-03.wav,test
speaker_independent,1,08-01-01-02-08.wav,test
speaker_independent,1,08-01-01-02-13.wav,test
speaker_independent,1,08-01-01-02-18.wav,test
speaker_independent,1,08-01-01-02-23.wav,test
speaker_independent,1,08-01-02-01-03.wav,test
speaker_independent,1,08-01-02-01-08.wav,test
speaker_independent,1,08-01-02-01-13.wav,test
speaker_independent,1,08-01-02-01-18.wav,test
speaker_independent,1,08-01-02-01-23.wav,test
speaker_independent,1,08-01-02-02-03.wav,test
speaker_independent,1,08-01-02-02-08.wav,test
speaker_independent,1,08-01-02-02-13.wav,test
speaker_independent,1,08-01-02-02-18.wav,test
speaker_independent,1,08-01-02-02-23.wav,test
speaker_independent,1,08-02-01-01-03.wav,test
speaker_independent,1,08-02-01-01-08.wav,test
speaker_independent,1,08-02-01-01-13.wav,test
speaker_independent,1,08-02-01-01-18.wav,test
speaker_independent,1,08-02-01-01-23.wav,test
speaker_independent,1,08-02-01-02-03.wav,test
speaker_independent,1,08-02-01-02-08.wav,test
speaker_independent,1,08-02-01-02-13.wav,test
speaker_independent,1,08-02-01-02-18.wav,test
speaker_independent,1,08-02-01-02-23.wav,test
speaker_independent,1,08-02-02-01-03.wav,test
speaker_independent,1,08-02-02-01-08.wav,test
speaker_independent,1,08-02-02-01-13.wav,test
speaker_independent,1,08-02-02-01-18.wav,test
speaker_independent,1,08-02-02-01-23.wav,test
speaker_independent,1,08-02-02-02-03.wav,test
speaker_independent,1,08-02-02-02-08.wav,test
speaker_independent,1,08-02-02-02-13.wav,test
speaker_independent,1,08-02-02-02-18.wav,test
speaker_independent,1,08-02-02-02-23.wav,test
speaker_independent,1,01-01-01-01-01.wav,train
speaker_independent,1,01-01-01-01-02.wav,train
speaker_independent,1,01-01-01-01-04.wav,train
speaker_independent,1,01-01-01-01-05.wav,train
speaker_independent,1,01-01-01-01-06.wav,train
speaker_independent,1,01-01-01-01-07.wav,train
speaker_independent,1,01-01-01-01-09.wav,train
speaker_independent,1,01-01-01-01-10.wav,train
speaker_independent,1,01-01-01-01-11.wav,train
speaker_independent,1,01-01-01-01-12.wav,train
speaker_independent,1,01-01-01-01-14.wav,train
speaker_independent,1,01-01-01-01-15.wav,train
speaker_independent,1,01-01-01-01-16.wav,train
speaker_independent,1,01-01-01-01-17.wav,train
speaker_independent,1,01-01-01-01-19.wav,train
speaker_independent,1,01-01-01-01-20.wav,train
speaker_independent,1,01-01-01-01-21.wav,train
speaker_independent,1,01-01-01-01-22.wav,train
speaker_independent,1,01-01-01-01-24.wav,train
speaker_independent,1,01-01-01-02-01.wav,train
speaker_independent,1,01-01-01-02-02.wav,train
speaker_independent,1,01-01-01-02-04.wav,train
speaker_independent,1,01-01-01-02-05.wav,train
speaker_independent,1,01-01-01-02-06.wav,train
speaker_independent,1,01-01-01-02-07.wav,train
speaker_independent,1,01-01-01-02-09.wav,train
speaker_independent,1,01-01-01-02-10.wav,train
speaker_independent,1,01-01-01-02-11.wav,train
speaker_independent,1,01-01-01-02-12.wav,train
speaker_independent,1,01-01-01-02-14.wav,train
speaker_independent,1,01-01-01-02-15.wav,train
speaker_independent,1,01-01-01-02-16.wav,train
speaker_independent,1,01-01-01-02-17.wav,train
speaker_independent,1,01-01-01-02-19.wav,train
speaker_independent,1,01-01-01-02-20.wav,train
speaker_independent,1,01-01-01-02-21.wav,train
speaker_independent,1,01-01-01-02-22.wav,train
speaker_independent,1,01-01-01-02-24.wav,train
speaker_independent,1,01-01-02-01-01.wav,train
speaker_independent,1,01-01-02-01-02.wav,train
speaker_independent,1,01-01-02-01-04.wav,train
speaker_independent,1,01-01-02-01-05.wav,train
speaker_independent,1,01-01-02-01-06.wav,train
speaker_independent,1,01-01-02-01-07.wav,train
speaker_independent,1,01-01-02-01-09.wav,train
speaker_independent,1,01-01-02-01-10.wav,train
speaker_independent,1,01-01-02-01-11.wav,train
speaker_independent,1,01-01-02-01-12.wav,train
speaker_independent,1,01-01-02-01-14.wav,train
speaker_independent,1,01-01-02-01-15.wav,train
speaker_independent,1,01-01-02-01-16.wav,train
speaker_independent,1,01-01-02-01-17.wav,train
speaker_independent,1,01-01-02-01-19.wav,train
speaker_independent,1,01-01-02-01-20.wav,train
speaker_independent,1,01-01-02-01-21.wav,train
speaker_independent,1,01-01-02-01-22.wav,train
speaker_independent,1,01-01-02-01-24.wav,train
speaker_independent,1,01-01-02-02-01.wav,train
speaker_independent,1,01-01-02-02-02.wav,train
speaker_independent,1,01-01-02-02-04.wav,train
speaker_independent,1,01-01-02-02-05.wav,train
speaker_independent,1,01-01-02-02-06.wav,train
speaker_independent,1,01-01-02-02-07.wav,train
speaker_independent,1,01-01-02-02-09.wav,train
speaker_independent,1,01-01-02-02-10.wav,train
speaker_independent,1,01-01-02-02-11.wav,train
speaker_independent,1,01-01-02-02-12.wav,train
speaker_independent,1,01-01-02-02-14.wav,train
speaker_independent,1,01-01-02-02-15.wav,train
speaker_independent,1,01-01-02-02-16.wav,train
speaker_independent,1,01-01-02-02-17.wav,train
speaker_independent,1,01-01-02-02-19.wav,train
speaker_independent,1,01-01-02-02-20.wav,train
speaker_independent,1,01-01-02-02-21.wav,train
speaker_independent,1,01-01-02-02-22.wav,train
speaker_independent,1,01-01-02-02-24.wav,train
speaker_independent,1,02-01-01-01-01.wav,train
speaker_independent,1,02-01-01-01-02.wav,train
speaker_independent,1,02-01-01-01-04.wav,train
speaker_independent,1,02-01-01-01-05.wav,train
speaker_independent,1,02-01-01-01-06.wav,train
speaker_independent,1,02-01-01-01-07.wav,train
speaker_independent,1,02-01-01-01-09.wav,train
speaker_independent,1,02-01-01-01-10.wav,train
speaker_independent,1,02-01-01-01-11.wav,train
speaker_independent,1,02-01-01-01-12.wav,train
speaker_independent,1,02-01-01-01-14.wav,train
speaker_independent,1,02-01-01-01-15.wav,train
speaker_independent,1,02-01-01-01-16.wav,train
speaker_independent,1,02-01-01-01-17.wav,train
speaker_independent,1,02-01-01-01-19.wav,train
speaker_independent,1,02-01-01-01-20.wav,train
speaker_independent,1,02-01-01-01-21.wav,train
speaker_independent,1,02-01-01-01-22.wav,train
speaker_independent,1,02-01-01-01-24.wav,train
speaker_independent,1,02-01-01-02-01.wav,train
speaker_independent,1,02-01-01-02-02.wav,train
speaker_independent,1,02-01-01-02-04.wav,train
speaker_independent,1,02-01-01-02-05.wav,train
speaker_independent,1,02-01-01-02-06.wav,train
speaker_independent,1,02-01-01-02-07.wav,train
speaker_independent,1,02-01-01-02-09.wav,train
speaker_independent,1,02-01-01-02-10.wav,train
speaker_independent,1,02-01-01-02-11.wav,train
speaker_independent,1,02-01-01-02-12.wav,train
speaker_independent,1,02-01-01-02-14.wav,train
speaker_independent,1,02-01-01-02-15.wav,train
speaker_independent,1,02-01-01-02-16.wav,train
speaker_independent,1,02-01-01-02-17.wav,train
speaker_independent,1,02-01-01-02-19.wav,train
speaker_independent,1,02-01-01-02-20.wav,train
speaker_independent,1,02-01-01-02-21.wav,train
speaker_independent,1,02-01-01-02-22.wav,train
speaker_independent,1,02-01-01-02-24.wav,train
speaker_independent,1,02-01-02-01-01.wav,train
speaker_independent,1,02-01-02-01-02.wav,train
speaker_independent,1,02-01-02-01-04.wav,train
speaker_independent,1,02-01-02-01-05.wav,train
speaker_independent,1,02-01-02-01-06.wav,train
speaker_independent,1,02-01-02-01-07.wav,train
speaker_independent,1,02-01-02-01-09.wav,train
speaker_independent,1,02-01-02-01-10.wav,train
speaker_independent,1,02-01-02-01-11.wav,train
speaker_independent,1,02-01-02-01-12.wav,train
speaker_independent,1,02-01-02-01-14.wav,train
speaker_independent,1,02-01-02-01-15.wav,train
speaker_independent,1,02-01-02-01-16.wav,train
speaker_independent,1,02-01-02-01-17.wav,train
speaker_independent,1,02-01-02-01-19.wav,train
speaker_independent,1,02-01-02-01-20.wav,train
speaker_independent,1,02-01-02-01-21.wav,train
speaker_independent,1,02-01-02-01-22.wav,train
speaker_independent,1,02-01-02-01-24.wav,train
speaker_independent,1,02-01-02-02-01.wav,train
speaker_independent,1,02-01-02-02-02.wav,train
speaker_independent,1,02-01-02-02-04.wav,train
speaker_independent,1,02-01-02-02-05.wav,train
speaker_independent,1,02-01-02-02-06.wav,train
speaker_independent,1,02-01-02-02-07.wav,train
speaker_independent,1,02-01-02-02-09.wav,train
speaker_independent,1,02-01-02-02-10.wav,train
speaker_independent,1,02-01-02-02-11.wav,train
speaker_independent,1,02-01-02-02-12.wav,train
speaker_independent,1,02-01-02-02-14.wav,train
speaker_independent,1,02-01-02-02-15.wav,train
speaker_independent,1,02-01-02-02-16.wav,train
speaker_independent,1,02-01-02-02-17.wav,train
speaker_independent,1,02-01-02-02-19.wav,train
speaker_independent,1,02-01-02-02-20.wav,train
speaker_independent,1,02-01-02-02-21.wav,train
speaker_independent,1,02-01-02-02-22.wav,train
speaker_independent,1,02-01-02-02-24.wav,train
speaker_independent,1,02-02-01-01-01.wav,train
speaker_independent,1,02-02-01-01-02.wav,train
speaker_independent,1,02-02-01-01-04.wav,train
speaker_independent,1,02-02-01-01-05.wav,train
speaker_independent,1,02-02-01-01-06.wav,train
speaker_independent,1,02-02-01-01-07.wav,train
speaker_independent,1,02-02-01-01-09.wav,train
speaker_independent,1,02-02-01-01-10.wav,train
speaker_independent,1,02-02-01-01-11.wav,train
speaker_independent,1,02-02-01-01-12.wav,train
speaker_independent,1,02-02-01-01-14.wav,train
speaker_independent,1,02-02-01-01-15.wav,train
speaker_independent,1,02-02-01-01-16.wav,train
speaker_independent,1,02-02-01-01-17.wav,train
speaker_independent,1,02-02-01-01-19.wav,train
speaker_independent,1,02-02-01-01-20.wav,train
speaker_independent,1,02-02-01-01-21.wav,train
speaker_independent,1,02-02-01-01-22.wav,train
speaker_independent,1,02-02-01-01-24.wav,train
speaker_independent,1,02-02-01-02-01.wav,train
speaker_independent,1,02-02-01-02-02.wav,train
speaker_independent,1,02-02-01-02-04.wav,train
speaker_independent,1,02-02-01-02-05.wav,train
speaker_independent,1,02-02-01-02-06.wav,train
speaker_independent,1,02-02-01-02-07.wav,train
speaker_independent,1,02-02-01-02-09.wav,train
speaker_independent,1,02-02-01-02-10.wav,train
speaker_independent,1,02-02-01-02-11.wav,train
speaker_independent,1,02-02-01-02-12.wav,train
speaker_independent,1,02-02-01-02-14.wav,train
speaker_independent,1,02-02-01-02-15.wav,train
speaker_independent,1,02-02-01-02-16.wav,train
speaker_independent,1,02-02-01-02-17.wav,train
speaker_independent,1,02-02-01-02-19.wav,train
speaker_independent,1,02-02-01-02-20.wav,train
speaker_independent,1,02-02-01-02-21.wav,train
speaker_independent,1,02-02-01-02-22.wav,train
speaker_independent,1,02-02-01-02-24.wav,train
speaker_independent,1,02-02-02-01-01.wav,train
speaker_independent,1,02-02-02-01-02.wav,train
speaker_independent,1,02-02-02-01-04.wav,train
speaker_independent,1,02-02-02-01-05.wav,train
speaker_independent,1,02-02-02-01-06.wav,train
speaker_independent,1,02-02-02-01-07.wav,train
speaker_independent,1,02-02-02-01-09.wav,train
speaker_independent,1,02-02-02-01-10.wav,train
speaker_independent,1,02-02-02-01-11.wav,train
speaker_independent,1,02-02-02-01-12.wav,train
speaker_independent,1,02-02-02-01-14.wav,train
speaker_independent,1,02-02-02-01-15.wav,train
speaker_independent,1,02-02-02-01-16.wav,train
speaker_independent,1,02-02-02-01-17.wav,train
speaker_independent,1,02-02-02-01-19.wav,train
speaker_independent,1,02-02-02-01-20.wav,train
speaker_independent,1,02-02-02-01-21.wav,train
speaker_independent,1,02-02-02-01-22.wav,train
speaker_independent,1,02-02-02-01-24.wav,train
speaker_independent,1,02-02-02-02-01.wav,train
speaker_independent,1,02-02-02-02-02.wav,train
speaker_independent,1,02-02-02-02-04.wav,train
speaker_independent,1,02-02-02-02-05.wav,train
speaker_independent,1,02-02-02-02-06.wav,train
speaker_independent,1,02-02-02-02-07.wav,train
speaker_independent,1,02-02-02-02-09.wav,train
speaker_independent,1,02-02-02-02-10.wav,train
speaker_independent,1,02-02-02-02-11.wav,train
speaker_independent,1,02-02-02-02-12.wav,train
speaker_independent,1,02-02-02-02-14.wav,train
speaker_independent,1,02-02-02-02-15.wav,train
speaker_independent,1,02-02-02-02-16.wav,train
speaker_independent,1,02-02-02-02-17.wav,train
speaker_independent,1,02-02-02-02-19.wav,train
speaker_independent,1,02-02-02-02-20.wav,train
speaker_independent,1,02-02-02-02-21.wav,train
speaker_independent,1,02-02-02-02-22.wav,train
speaker_independent,1,02-02-02-02-24.wav,train
speaker_independent,1,03-01-01-01-01.wav,train
speaker_independent,1,03-01-01-01-02.wav,train
speaker_independent,1,03-01-01-01-04.wav,train
speaker_independent,1,03-01-01-01-05.wav,train
speaker_independent,1,03-01-01-01-06.wav,train
speaker_independent,1,03-01-01-01-07.wav,train
speaker_independent,1,03-01-01-01-09.wav,train
speaker_independent,1,03-01-01-01-10.wav,train
speaker_independent,1,03-01-01-01-11.wav,train
speaker_independent,1,03-01-01-01-12.wav,train
speaker_independent,1,03-01-01-01-14.wav,train
speaker_independent,1,03-01-01-01-15.wav,train
speaker_independent,1,03-01-01-01-16.wav,train
speaker_independent,1,03-01-01-01-17.wav,train
speaker_independent,1,03-01-01-01-19.wav,train
speaker_independent,1,03-01-01-01-20.wav,train
speaker_independent,1,03-01-01-01-21.wav,train
speaker_independent,1,03-01-01-01-22.wav,train
speaker_independent,1,03-01-01-01-24.wav,train
speaker_independent,1,03-01-01-02-01.wav,train
speaker_independent,1,03-01-01-02-02.wav,train
speaker_independent,1,03-01-01-02-04.wav,train
speaker_independent,1,03-01-01-02-05.wav,train
speaker_independent,1,03-01-01-02-06.wav,train
speaker_independent,1,03-01-01-02-07.wav,train
speaker_independent,1,03-01-01-02-09.wav,train
speaker_independent,1,03-01-01-02-10.wav,train
speaker_independent,1,03-01-01-02-11.wav,train
speaker_independent,1,03-01-01-02-12.wav,train
speaker_independent,1,03-01-01-02-14.wav,train
speaker_independent,1,03-01-01-02-15.wav,train
speaker_independent,1,03-01-01-02-16.wav,train
speaker_independent,1,03-01-01-02-17.wav,train
speaker_independent,1,03-01-01-02-19.wav,train
speaker_independent,1,03-01-01-02-20.wav,train
speaker_independent,1,03-01-01-02-21.wav,train
speaker_independent,1,03-01-01-02-22.wav,train
speaker_independent,1,03-01-01-02-24.wav,train
speaker_independent,1,03-01-02-01-01.wav,train
speaker_independent,1,03-01-02-01-02.wav,train
speaker_independent,1,03-01-02-01-04.wav,train
speaker_independent,1,03-01-02-01-05.wav,train
speaker_independent,1,03-01-02-01-06.wav,train
speaker_independent,1,03-01-02-01-07.wav,train
speaker_independent,1,03-01-02-01-09.wav,train
speaker_independent,1,03-01-02-01-10.wav,train
speaker_independent,1,03-01-02-01-11.wav,train
speaker_independent,1,03-01-02-01-12.wav,train
speaker_independent,1,03-01-02-01-14.wav,train
speaker_independent,1,03-01-02-01-15.wav,train
speaker_independent,1,03-01-02-01-16.wav,train
speaker_independent,1,03-01-02-01-17.wav,train
speaker_independent,1,03-01-02-01-19.wav,train
speaker_independent,1,03-01-02-01-20.wav,train
speaker_independent,1,03-01-02-01-21.wav,train
speaker_independent,1,03-01-02-01-22.wav,train
speaker_independent,1,03-01-02-01-24.wav,train
speaker_independent,1,03-01-02-02-01.wav,train
speaker_independent,1,03-01-02-02-02.wav,train
speaker_independent,1,03-01-02-02-04.wav,train
speaker_independent,1,03-01-02-02-05.wav,train
speaker_independent,1,03-01-02-02-06.wav,train
speaker_independent,1,03-01-02-02-07.wav,train
speaker_independent,1,03-01-02-02-09.wav,train
speaker_independent,1,03-01-02-02-10.wav,train
speaker_independent,1,03-01-02-02-11.wav,train
speaker_independent,1,03-01-02-02-12.wav,train
speaker_independent,1,03-01-02-02-14.wav,train
speaker_independent,1,03-01-02-02-15.wav,train
speaker_independent,1,03-01-02-02-16.wav,train
speaker_independent,1,03-01-02-02-17.wav,train
speaker_independent,1,03-01-02-02-19.wav,train
speaker_independent,1,03-01-02-02-20.wav,train
speaker_independent,1,03-01-02-02-21.wav,train
speaker_independent,1,03-01-02-02-22.wav,train
speaker_independent,1,03-01-02-02-24.wav,train
speaker_independent,1,03-02-01-01-01.wav,train
speaker_independent,1,03-02-01-01-02.wav,train
speaker_independent,1,03-02-01-01-04.wav,train
speaker_independent,1,03-02-01-01-05.wav,train
speaker_independent,1,03-02-01-01-06.wav,train
speaker_independent,1,03-02-01-01-07.wav,train
speaker_independent,1,03-02-01-01-09.wav,train
speaker_independent,1,03-02-01-01-10.wav,train
speaker_independent,1,03-02-01-01-11.wav,train
speaker_independent,1,03-02-01-01-12.wav,train
speaker_independent,1,03-02-01-01-14.wav,train
speaker_independent,1,03-02-01-01-15.wav,train
speaker_independent,1,03-02-01-01-16.wav,train
speaker_independent,1,03-02-01-01-17.wav,train
speaker_independent,1,03-02-01-01-19.wav,train
speaker_independent,1,03-02-01-01-20.wav,train
speaker_independent,1,03-02-01-01-21.wav,train
speaker_independent,1,03-02-01-01-22.wav,train
speaker_independent,1,03-02-01-01-24.wav,train
speaker_independent,1,03-02-01-02-01.wav,train
speaker_independent,1,03-02-01-02-02.wav,train
speaker_independent,1,03-02-01-02-04.wav,train
speaker_independent,1,03-02-01-02-05.wav,train
speaker_independent,1,03-02-01-02-06.wav,train
speaker_independent,1,03-02-01-02-07.wav,train
speaker_independent,1,03-02-01-02-09.wav,train
speaker_independent,1,03-02-01-02-10.wav,train
speaker_independent,1,03-02-01-02-11.wav,train
speaker_independent,1,03-02-01-02-12.wav,train
speaker_independent,1,03-02-01-02-14.wav,train
speaker_independent,1,03-02-01-02-15.wav,train
speaker_independent,1,03-02-01-02-16.wav,train
speaker_independent,1,03-02-01-02-17.wav,train
speaker_independent,1,03-02-01-02-19.wav,train
speaker_independent,1,03-02-01-02-20.wav,train
speaker_independent,1,03-02-01-02-21.wav,train
speaker_independent,1,03-02-01-02-22.wav,train
speaker_independent,1,03-02-01-02-24.wav,train
speaker_independent,1,03-02-02-01-01.wav,train
speaker_independent,1,03-02-02-01-02.wav,train
speaker_independent,1,03-02-02-01-04.wav,train
speaker_independent,1,03-02-02-01-05.wav,train
speaker_independent,1,03-02-02-01-06.wav,train
speaker_independent,1,03-02-02-01-07.wav,train
speaker_independent,1,03-02-02-01-09.wav,train
speaker_independent,1,03-02-02-01-10.wav,train
speaker_independent,1,03-02-02-01-11.wav,train
speaker_independent,1,03-02-02-01-12.wav,train
speaker_independent,1,03-02-02-01-14.wav,train
speaker_independent,1,03-02-02-01-15.wav,train
speaker_independent,1,03-02-02-01-16.wav,train
speaker_independent,1,03-02-02-01-17.wav,train
speaker_independent,1,03-02-02-01-19.wav,train
speaker_independent,1,03-02-02-01-20.wav,train
speaker_independent,1,03-02-02-01-21.wav,train
speaker_independent,1,03-02-02-01-22.wav,train
speaker_independent,1,03-02-02-01-24.wav,train
speaker_independent,1,03-02-02-02-01.wav,train
speaker_independent,1,03-02-02-02-02.wav,train
speaker_independent,1,03-02-02-02-04.wav,train
speaker_independent,1,03-02-02-02-05.wav,train
speaker_independent,1,03-02-02-02-06.wav,train
speaker_independent,1,03-02-02-02-07.wav,train
speaker_independent,1,03-02-02-02-09.wav,train
speaker_independent,1,03-02-02-02-10.wav,train
speaker_independent,1,03-02-02-02-11.wav,train
speaker_independent,1,03-02-02-02-12.wav,train
speaker_independent,1,03-02-02-02-14.wav,train
speaker_independent,1,03-02-02-02-15.wav,train
speaker_independent,1,03-02-02-02-16.wav,train
speaker_independent,1,03-02-02-02-17.wav,train
speaker_independent,1,03-02-02-02-19.wav,train
speaker_independent,1,03-02-02-02-20.wav,train
speaker_independent,1,03-02-02-02-21.wav,train
speaker_independent,1,03-02-02-02-22.wav,train
speaker_independent,1,03-02-02-02-24.wav,train
speaker_independent,1,04-01-01-01-01.wav,train
speaker_independent,1,04-01-01-01-02.wav,train
speaker_independent,1,04-01-01-01-04.wav,train
speaker_independent,1,04-01-01-01-05.wav,train
speaker_independent,1,04-01-01-01-06.wav,train
speaker_independent,1,04-01-01-01-07.wav,train
speaker_independent,1,04-01-01-01-09.wav,train
speaker_independent,1,04-01-01-01-10.wav,train
speaker_independent,1,04-01-01-01-11.wav,train
speaker_independent,1,04-01-01-01-12.wav,train
speaker_independent,1,04-01-01-01-14.wav,train
speaker_independent,1,04-01-01-01-15.wav,train
speaker_independent,1,04-01-01-01-16.wav,train
speaker_independent,1,04-01-01-01-17.wav,train
speaker_independent,1,04-01-01-01-19.wav,train
speaker_independent,1,04-01-01-01-20.wav,train
speaker_independent,1,04-01-01-01-21.wav,train
speaker_independent,1,04-01-01-01-22.wav,train
speaker_independent,1,04-01-01-01-24.wav,train
speaker_independent,1,04-01-01-02-01.wav,train
speaker_independent,1,04-01-01-02-02.wav,train
speaker_independent,1,04-01-01-02-04.wav,train
speaker_independent,1,04-01-01-02-05.wav,train
speaker_independent,1,04-01-01-02-06.wav,train
speaker_independent,1,04-01-01-02-07.wav,train
speaker_independent,1,04-01-01-02-09.wav,train
speaker_independent,1,04-01-01-02-10.wav,train
speaker_independent,1,04-01-01-02-11.wav,train
speaker_independent,1,04-01-01-02-12.wav,train
speaker_independent,1,04-01-01-02-14.wav,train
speaker_independent,1,04-01-01-02-15.wav,train
speaker_independent,1,04-01-01-02-16.wav,train
speaker_independent,1,04-01-01-02-17.wav,train
speaker_independent,1,04-01-01-02-19.wav,train
speaker_independent,1,04-01-01-02-20.wav,train
speaker_independent,1,04-01-01-02-21.wav,train
speaker_independent,1,04-01-01-02-22.wav,train
speaker_independent,1,04-01-01-02-24.wav,train
speaker_independent,1,04-01-02-01-01.wav,train
speaker_independent,1,04-01-02-01-02.wav,train
speaker_independent,1,04-01-02-01-04.wav,train
speaker_independent,1,04-01-02-01-05.wav,train
speaker_independent,1,04-01-02-01-06.wav,train
speaker_independent,1,04-01-02-01-07.wav,train
speaker_independent,1,04-01-02-01-09.wav,train
speaker_independent,1,04-01-02-01-10.wav,train
speaker_independent,1,04-01-02-01-11.wav,train
speaker_independent,1,04-01-02-01-12.wav,train
speaker_independent,1,04-01-02-01-14.wav,train
speaker_independent,1,04-01-02-01-15.wav,train
speaker_independent,1,04-01-02-01-16.wav,train
speaker_independent,1,04-01-02-01-17.wav,train
speaker_independent,1,04-01-02-01-19.wav,train
speaker_independent,1,04-01-02-01-20.wav,train
speaker_independent,1,04-01-02-01-21.wav,train
speaker_independent,1,04-01-02-01-22.wav,train
speaker_independent,1,04-01-02-01-24.wav,train
speaker_independent,1,04-01-02-02-01.wav,train
speaker_independent,1,04-01-02-02-02.wav,train
speaker_independent,1,04-01-02-02-04.wav,train
speaker_independent,1,04-01-02-02-05.wav,train
speaker_independent,1,04-01-02-02-06.wav,train
speaker_independent,1,04-01-02-02-07.wav,train
speaker_independent,1,04-01-02-02-09.wav,train
speaker_independent,1,04-01-02-02-10.wav,train
speaker_independent,1,04-01-02-02-11.wav,train
speaker_independent,1,04-01-02-02-12.wav,train
speaker_independent,1,04-01-02-02-14.wav,train
speaker_independent,1,04-01-02-02-15.wav,train
speaker_independent,1,04-01-02-02-16.wav,train
speaker_independent,1,04-01-02-02-17.wav,train
speaker_independent,1,04-01-02-02-19.wav,train
speaker_independent,1,04-01-02-02-20.wav,train
speaker_independent,1,04-01-02-02-21.wav,train
speaker_independent,1,04-01-02-02-22.wav,train
speaker_independent,1,04-01-02-02-24.wav,train
speaker_independent,1,04-02-01-01-01.wav,train
speaker_independent,1,04-02-01-01-02.wav,train
speaker_independent,1,04-02-01-01-04.wav,train
speaker_independent,1,04-02-01-01-05.wav,train
speaker_independent,1,04-02-01-01-06.wav,train
speaker_independent,1,04-02-01-01-07.wav,train
speaker_independent,1,04-02-01-01-09.wav,train
speaker_independent,1,04-02-01-01-10.wav,train
speaker_independent,1,04-02-01-01-11.wav,train
speaker_independent,1,04-02-01-01-12.wav,train
speaker_independent,1,04-02-01-01-14.wav,train
speaker_independent,1,04-02-01-01-15.wav,train
speaker_independent,1,04-02-01-01-16.wav,train
speaker_independent,1,04-02-01-01-17.wav,train
speaker_independent,1,04-02-01-01-19.wav,train
speaker_independent,1,04-02-01-01-20.wav,train
speaker_independent,1,04-02-01-01-21.wav,train
speaker_independent,1,04-02-01-01-22.wav,train
speaker_independent,1,04-02-01-01-24.wav,train
speaker_independent,1,04-02-01-02-01.wav,train
speaker_independent,1,04-02-01-02-02.wav,train
speaker_independent,1,04-02-01-02-04.wav,train
speaker_independent,1,04-02-01-02-05.wav,train
speaker_independent,1,04-02-01-02-06.wav,train
speaker_independent,1,04-02-01-02-07.wav,train
speaker_independent,1,04-02-01-02-09.wav,train
speaker_independent,1,04-02-01-02-10.wav,train
speaker_independent,1,04-02-01-02-11.wav,train
speaker_independent,1,04-02-01-02-12.wav,train
speaker_independent,1,04-02-01-02-14.wav,train
speaker_independent,1,04-02-01-02-15.wav,train
speaker_independent,1,04-02-01-02-16.wav,train
speaker_independent,1,04-02-01-02-17.wav,train
speaker_independent,1,04-02-01-02-19.wav,train
speaker_independent,1,04-02-01-02-20.wav,train
speaker_independent,1,04-02-01-02-21.wav,train
speaker_independent,1,04-02-01-02-22.wav,train
speaker_independent,1,04-02-01-02-24.wav,train
speaker_independent,1,04-02-02-01-01.wav,train
speaker_independent,1,04-02-02-01-02.wav,train
speaker_independent,1,04-02-02-01-04.wav,train
speaker_independent,1,04-02-02-01-05.wav,train
speaker_independent,1,04-02-02-01-06.wav,train
speaker_independent,1,04-02-02-01-07.wav,train
speaker_independent,1,04-02-02-01-09.wav,train
speaker_independent,1,04-02-02-01-10.wav,train
speaker_independent,1,04-02-02-01-11.wav,train
speaker_independent,1,04-02-02-01-12.wav,train
speaker_independent,1,04-02-02-01-14.wav,train
speaker_independent,1,04-02-02-01-15.wav,train
speaker_independent,1,04-02-02-01-16.wav,train
speaker_independent,1,04-02-02-01-17.wav,train
speaker_independent,1,04-02-02-01-19.wav,train
speaker_independent,1,04-02-02-01-20.wav,train
speaker_independent,1,04-02-02-01-21.wav,train
speaker_independent,1,04-02-02-01-22.wav,train
speaker_independent,1,04-02-02-01-24.wav,train
speaker_independent,1,04-02-02-02-01.wav,train
speaker_independent,1,04-02-02-02-02.wav,train
speaker_independent,1,04-02-02-02-04.wav,train
speaker_independent,1,04-02-02-02-05.wav,train
speaker_independent,1,04-02-02-02-06.wav,train
speaker_independent,1,04-02-02-02-07.wav,train
speaker_independent,1,04-02-02-02-09.wav,train
speaker_independent,1,04-02-02-02-10.wav,train
speaker_independent,1,04-02-02-02-11.wav,train
speaker_independent,1,04-02-02-02-12.wav,train
speaker_independent,1,04-02-02-02-14.wav,train
speaker_independent,1,04-02-02-02-15.wav,train
speaker_independent,1,04-02-02-02-16.wav,train
speaker_independent,1,04-02-02-02-17.wav,train
speaker_independent,1,04-02-02-02-19.wav,train
speaker_independent,1,04-02-02-02-20.wav,train
speaker_independent,1,04-02-02-02-21.wav,train
speaker_independent,1,04-02-02-02-22.wav,train
speaker_independent,1,04-02-02-02-24.wav,train
speaker_independent,1,05-01-01-01-01.wav,train
speaker_independent,1,05-01-01-01-02.wav,train
speaker_independent,1,05-01-01-01-04.wav,train
speaker_independent,1,05-01-01-01-05.wav,train
speaker_independent,1,05-01-01-01-06.wav,train
speaker_independent,1,05-01-01-01-07.wav,train
speaker_independent,1,05-01-01-01-09.wav,train
speaker_independent,1,05-01-01-01-10.wav,train
speaker_independent,1,05-01-01-01-11.wav,train
speaker_independent,1,05-01-01-01-12.wav,train
speaker_independent,1,05-01-01-01-14.wav,train
speaker_independent,1,05-01-01-01-15.wav,train
speaker_independent,1,05-01-01-01-16.wav,train
speaker_independent,1,05-01-01-01-17.wav,train
speaker_independent,1,05-01-01-01-19.wav,train
speaker_independent,1,05-01-01-01-20.wav,train
speaker_independent,1,05-01-01-01-21.wav,train
speaker_independent,1,05-01-01-01-22.wav,train
speaker_independent,1,05-01-01-01-24.wav,train
speaker_independent,1,05-01-01-02-01.wav,train
speaker_independent,1,05-01-01-02-02.wav,train
speaker_independent,1,05-01-01-02-04.wav,train
speaker_independent,1,05-01-01-02-05.wav,train
speaker_independent,1,05-01-01-02-06.wav,train
speaker_independent,1,05-01-01-02-07.wav,train
speaker_independent,1,05-01-01-02-09.wav,train
speaker_independent,1,05-01-01-02-10.wav,train
speaker_independent,1,05-01-01-02-11.wav,train
speaker_independent,1,05-01-01-02-12.wav,train
speaker_independent,1,05-01-01-02-14.wav,train
speaker_independent,1,05-01-01-02-15.wav,train
speaker_independent,1,05-01-01-02-16.wav,train
speaker_independent,1,05-01-01-02-17.wav,train
speaker_independent,1,05-01-01-02-19.wav,train
speaker_independent,1,05-01-01-02-20.wav,train
speaker_independent,1,05-01-01-02-21.wav,train
speaker_independent,1,05-01-01-02-22.wav,train
speaker_independent,1,05-01-01-02-24.wav,train
speaker_independent,1,05-01-02-01-01.wav,train
speaker_independent,1,05-01-02-01-02.wav,train
speaker_independent,1,05-01-02-01-04.wav,train
speaker_independent,1,05-01-02-01-05.wav,train
speaker_independent,1,05-01-02-01-06.wav,train
speaker_independent,1,05-01-02-01-07.wav,train
speaker_independent,1,05-01-02-01-09.wav,train
speaker_independent,1,05-01-02-01-10.wav,train
speaker_independent,1,05-01-02-01-11.wav,train
speaker_independent,1,05-01-02-01-12.wav,train
speaker_independent,1,05-01-02-01-14.wav,train
speaker_independent,1,05-01-02-01-15.wav,train
speaker_independent,1,05-01-02-01-16.wav,train
speaker_independent,1,05-01-02-01-17.wav,train
speaker_independent,1,05-01-02-01-19.wav,train
speaker_independent,1,05-01-02-01-20.wav,train
speaker_independent,1,05-01-02-01-21.wav,train
speaker_independent,1,05-01-02-01-22.wav,train
speaker_independent,1,05-01-02-01-24.wav,train
speaker_independent,1,05-01-02-02-01.wav,train
speaker_independent,1,05-01-02-02-02.wav,train
speaker_independent,1,05-01-02-02-04.wav,train
speaker_independent,1,05-01-02-02-05.wav,train
speaker_independent,1,05-01-02-02-06.wav,train
speaker_independent,1,05-01-02-02-07.wav,train
speaker_independent,1,05-01-02-02-09.wav,train
speaker_independent,1,05-01-02-02-10.wav,train
speaker_independent,1,05-01-02-02-11.wav,train
speaker_independent,1,05-01-02-02-12.wav,train
speaker_independent,1,05-01-02-02-14.wav,train
speaker_independent,1,05-01-02-02-15.wav,train
speaker_independent,1,05-01-02-02-16.wav,train
speaker_independent,1,05-01-02-02-17.wav,train
speaker_independent,1,05-01-02-02-19.wav,train
speaker_independent,1,05-01-02-02-20.wav,train
speaker_independent,1,05-01-02-02-21.wav,train
speaker_independent,1,05-01-02-02-22.wav,train
speaker_independent,1,05-01-02-02-24.wav,train
speaker_independent,1,05-02-01-01-01.wav,train
speaker_independent,1,05-02-01-01-02.wav,train
speaker_independent,1,05-02-01-01-04.wav,train
speaker_independent,1,05-02-01-01-05.wav,train
speaker_independent,1,05-02-01-01-06.wav,train
speaker_independent,1,05-02-01-01-07.wav,train
speaker_independent,1,05-02-01-01-09.wav,train
speaker_independent,1,05-02-01-01-10.wav,train
speaker_independent,1,05-02-01-01-11.wav,train
speaker_independent,1,05-02-01-01-12.wav,train
speaker_independent,1,05-02-01-01-14.wav,train
speaker_independent,1,05-02-01-01-15.wav,train
speaker_independent,1,05-02-01-01-16.wav,train
speaker_independent,1,05-02-01-01-17.wav,train
speaker_independent,1,05-02-01-01-19.wav,train
speaker_independent,1,05-02-01-01-20.wav,train
speaker_independent,1,05-02-01-01-21.wav,train
speaker_independent,1,05-02-01-01-22.wav,train
speaker_independent,1,05-02-01-01-24.wav,train
speaker_independent,1,05-02-01-02-01.wav,train
speaker_independent,1,05-02-01-02-02.wav,train
speaker_independent,1,05-02-01-02-04.wav,train
speaker_independent,1,05-02-01-02-05.wav,train
speaker_independent,1,05-02-01-02-06.wav,train
speaker_independent,1,05-02-01-02-07.wav,train
speaker_independent,1,05-02-01-02-09.wav,train
speaker_independent,1,05-02-01-02-10.wav,train
speaker_independent,1,05-02-01-02-11.wav,train
speaker_independent,1,05-02-01-02-12.wav,train
speaker_independent,1,05-02-01-02-14.wav,train
speaker_independent,1,05-02-01-02-15.wav,train
speaker_independent,1,05-02-01-02-16.wav,train
speaker_independent,1,05-02-01-02-17.wav,train
speaker_independent,1,05-02-01-02-19.wav,train
speaker_independent,1,05-02-01-02-20.wav,train
speaker_independent,1,05-02-01-02-21.wav,train
speaker_independent,1,05-02-01-02-22.wav,train
speaker_independent,1,05-02-01-02-24.wav,train
speaker_independent,1,05-02-02-01-01.wav,train
speaker_independent,1,05-02-02-01-02.wav,train
speaker_independent,1,05-02-02-01-04.wav,train
speaker_independent,1,05-02-02-01-05.wav,train
speaker_independent,1,05-02-02-01-06.wav,train
speaker_independent,1,05-02-02-01-07.wav,train
speaker_independent,1,05-02-02-01-09.wav,train
speaker_independent,1,05-02-02-01-10.wav,train
speaker_independent,1,05-02-02-01-11.wav,train
speaker_independent,1,05-02-02-01-12.wav,train
speaker_independent,1,05-02-02-01-14.wav,train
speaker_independent,1,05-02-02-01-15.wav,train
speaker_independent,1,05-02-02-01-16.wav,train
speaker_independent,1,05-02-02-01-17.wav,train
speaker_independent,1,05-02-02-01-19.wav,train
speaker_independent,1,05-02-02-01-20.wav,train
speaker_independent,1,05-02-02-01-21.wav,train
speaker_independent,1,05-02-02-01-22.wav,train
speaker_independent,1,05-02-02-01-24.wav,train
speaker_independent,1,05-02-02-02-01.wav,train
speaker_independent,1,05-02-02-02-02.wav,train
speaker_independent,1,05-02-02-02-04.wav,train
speaker_independent,1,05-02-02-02-05.wav,train
speaker_independent,1,05-02-02-02-06.wav,train
speaker_independent,1,05-02-02-02-07.wav,train
speaker_independent,1,05-02-02-02-09.wav,train
speaker_independent,1,05-02-02-02-10.wav,train
speaker_independent,1,05-02-02-02-11.wav,train
speaker_independent,1,05-02-02-02-12.wav,train
speaker_independent,1,05-02-02-02-14.wav,train
speaker_independent,1,05-02-02-02-15.wav,train
speaker_independent,1,05-02-02-02-16.wav,train
speaker_independent,1,05-02-02-02-17.wav,train
speaker_independent,1,05-02-02-02-19.wav,train
speaker_independent,1,05-02-02-02-20.wav,train
speaker_independent,1,05-02-02-02-21.wav,train
speaker_independent,1,05-02-02-02-22.wav,train
speaker_independent,1,05-02-02-02-24.wav,train
speaker_independent,1,06-01-01-01-01.wav,train
speaker_independent,1,06-01-01-01-02.wav,train
speaker_independent,1,06-01-01-01-04.wav,train
speaker_independent,1,06-01-01-01-05.wav,train
speaker_independent,1,06-01-01-01-06.wav,train
speaker_independent,1,06-01-01-01-07.wav,train
speaker_independent,1,06-01-01-01-09.wav,train
speaker_independent,1,06-01-01-01-10.wav,train
speaker_independent,1,06-01-01-01-11.wav,train
speaker_independent,1,06-01-01-01-12.wav,train
speaker_independent,1,06-01-01-01-14.wav,train
speaker_independent,1,06-01-01-01-15.wav,train
speaker_independent,1,06-01-01-01-16.wav,train
speaker_independent,1,06-01-01-01-17.wav,train
speaker_independent,1,06-01-01-01-19.wav,train
speaker_independent,1,06-01-01-01-20.wav,train
speaker_independent,1,06-01-01-01-21.wav,train
speaker_independent,1,06-01-01-01-22.wav,train
speaker_independent,1,06-01-01-01-24.wav,train
speaker_independent,1,06-01-01-02-01.wav,train
speaker_independent,1,06-01-01-02-02.wav,train
speaker_independent,1,06-01-01-02-04.wav,train
speaker_independent,1,06-01-01-02-05.wav,train
speaker_independent,1,06-01-01-02-06.wav,train
speaker_independent,1,06-01-01-02-07.wav,train
speaker_independent,1,06-01-01-02-09.wav,train
speaker_independent,1,06-01-01-02-10.wav,train
speaker_independent,1,06-01-01-02-11.wav,train
speaker_independent,1,06-01-01-02-12.wav,train
speaker_independent,1,06-01-01-02-14.wav,train
speaker_independent,1,06-01-01-02-15.wav,train
speaker_independent,1,06-01-01-02-16.wav,train
speaker_independent,1,06-01-01-02-17.wav,train
speaker_independent,1,06-01-01-02-19.wav,train
speaker_independent,1,06-01-01-02-20.wav,train
speaker_independent,1,06-01-01-02-21.wav,train
speaker_independent,1,06-01-01-02-22.wav,train
speaker_independent,1,06-01-01-02-24.wav,train
speaker_independent,1,06-01-02-01-01.wav,train
speaker_independent,1,06-01-02-01-02.wav,train
speaker_independent,1,06-01-02-01-04.wav,train
speaker_independent,1,06-01-02-01-05.wav,train
speaker_independent,1,06-01-02-01-06.wav,train
speaker_independent,1,06-01-02-01-07.wav,train
speaker_independent,1,06-01-02-01-09.wav,train
speaker_independent,1,06-01-02-01-10.wav,train
speaker_independent,1,06-01-02-01-11.wav,train
speaker_independent,1,06-01-02-01-12.wav,train
speaker_independent,1,06-01-02-01-14.wav,train
speaker_independent,1,06-01-02-01-15.wav,train
speaker_independent,1,06-01-02-01-16.wav,train
speaker_independent,1,06-01-02-01-17.wav,train
speaker_independent,1,06-01-02-01-19.wav,train
speaker_independent,1,06-01-02-01-20.wav,train
speaker_independent,1,06-01-02-01-21.wav,train
speaker_independent,1,06-01-02-01-22.wav,train
speaker_independent,1,06-01-02-01-24.wav,train
speaker_independent,1,06-01-02-02-01.wav,train
speaker_independent,1,06-01-02-02-02.wav,train
speaker_independent,1,06-01-02-02-04.wav,train
speaker_independent,1,06-01-02-02-05.wav,train
speaker_independent,1,06-01-02-02-06.wav,train
speaker_independent,1,06-01-02-02-07.wav,train
speaker_independent,1,06-01-02-02-09.wav,train
speaker_independent,1,06-01-02-02-10.wav,train
speaker_independent,1,06-01-02-02-11.wav,train
speaker_independent,1,06-01-02-02-12.wav,train
speaker_independent,1,06-01-02-02-14.wav,train
speaker_independent,1,06-01-02-02-15.wav,train
speaker_independent,1,06-01-02-02-16.wav,train
speaker_independent,1,06-01-02-02-17.wav,train
speaker_independent,1,06-01-02-02-19.wav,train
speaker_independent,1,06-01-02-02-20.wav,train
speaker_independent,1,06-01-02-02-21.wav,train
speaker_independent,1,06-01-02-02-22.wav,train
speaker_independent,1,06-01-02-02-24.wav,train
speaker_independent,1,06-02-01-01-01.wav,train
speaker_independent,1,06-02-01-01-02.wav,train
speaker_independent,1,06-02-01-01-04.wav,train
speaker_independent,1,06-02-01-01-05.wav,train
speaker_independent,1,06-02-01-01-06.wav,train
speaker_independent,1,06-02-01-01-07.wav,train
speaker_independent,1,06-02-01-01-09.wav,train
speaker_independent,1,06-02-01-01-10.wav,train
speaker_independent,1,06-02-01-01-11.wav,train
speaker_independent,1,06-02-01-01-12.wav,train
speaker_independent,1,06-02-01-01-14.wav,train
speaker_independent,1,06-02-01-01-15.wav,train
speaker_independent,1,06-02-01-01-16.wav,train
speaker_independent,1,06-02-01-01-17.wav,train
speaker_independent,1,06-02-01-01-19.wav,train
speaker_independent,1,06-02-01-01-20.wav,train
speaker_independent,1,06-02-01-01-21.wav,train
speaker_independent,1,06-02-01-01-22.wav,train
speaker_independent,1,06-02-01-01-24.wav,train
speaker_independent,1,06-02-01-02-01.wav,train
speaker_independent,1,06-02-01-02-02.wav,train
speaker_independent,1,06-02-01-02-04.wav,train
speaker_independent,1,06-02-01-02-05.wav,train
speaker_independent,1,06-02-01-02-06.wav,train
speaker_independent,1,06-02-01-02-07.wav,train
speaker_independent,1,06-02-01-02-09.wav,train
speaker_independent,1,06-02-01-02-10.wav,train
speaker_independent,1,06-02-01-02-11.wav,train
speaker_independent,1,06-02-01-02-12.wav,train
speaker_independent,1,06-02-01-02-14.wav,train
speaker_independent,1,06-02-01-02-15.wav,train
speaker_independent,1,06-02-01-02-16.wav,train
speaker_independent,1,06-02-01-02-17.wav,train
speaker_independent,1,06-02-01-02-19.wav,train
speaker_independent,1,06-02-01-02-20.wav,train
speaker_independent,1,06-02-01-02-21.wav,train
speaker_independent,1,06-02-01-02-22.wav,train
speaker_independent,1,06-02-01-02-24.wav,train
speaker_independent,1,06-02-02-01-01.wav,train
speaker_independent,1,06-02-02-01-02.wav,train
speaker_independent,1,06-02-02-01-04.wav,train
speaker_independent,1,06-02-02-01-05.wav,train
speaker_independent,1,06-02-02-01-06.wav,train
speaker_independent,1,06-02-02-01-07.wav,train
speaker_independent,1,06-02-02-01-09.wav,train
speaker_independent,1,06-02-02-01-10.wav,train
speaker_independent,1,06-02-02-01-11.wav,train
speaker_independent,1,06-02-02-01-12.wav,train
speaker_independent,1,06-02-02-01-14.wav,train
speaker_independent,1,06-02-02-01-15.wav,train
speaker_independent,1,06-02-02-01-16.wav,train
speaker_independent,1,06-02-02-01-17.wav,train
speaker_independent,1,06-02-02-01-19.wav,train
speaker_independent,1,06-02-02-01-20.wav,train
speaker_independent,1,06-02-02-01-21.wav,train
speaker_independent,1,06-02-02-01-22.wav,train
speaker_independent,1,06-02-02-01-24.wav,train
speaker_independent,1,06-02-02-02-01.wav,train
speaker_independent,1,06-02-02-02-02.wav,train
speaker_independent,1,06-02-02-02-04.wav,train
speaker_independent,1,06-02-02-02-05.wav,train
speaker_independent,1,06-02-02-02-06.wav,train
speaker_independent,1,06-02-02-02-07.wav,train
speaker_independent,1,06-02-02-02-09.wav,train
speaker_independent,1,06-02-02-02-10.wav,train
speaker_independent,1,06-02-02-02-11.wav,train
speaker_independent,1,06-02-02-02-12.wav,train
speaker_independent,1,06-02-02-02-14.wav,train
speaker_independent,1,06-02-02-02-15.wav,train
speaker_independent,1,06-02-02-02-16.wav,train
speaker_independent,1,06-02-02-02-17.wav,train
speaker_independent,1,06-02-02-02-19.wav,train
speaker_independent,1,06-02-02-02-20.wav,train
speaker_independent,1,06-02-02-02-21.wav,train
speaker_independent,1,06-02-02-02-22.wav,train
speaker_independent,1,06-02-02-02-24.wav,train
speaker_independent,1,07-01-01-01-01.wav,train
speaker_independent,1,07-01-01-01-02.wav,train
speaker_independent,1,07-01-01-01-04.wav,train
speaker_independent,1,07-01-01-01-05.wav,train
speaker_independent,1,07-01-01-01-06.wav,train
speaker_independent,1,07-01-01-01-07.wav,train
speaker_independent,1,07-01-01-01-09.wav,train
speaker_independent,1,07-01-01-01-10.wav,train
speaker_independent,1,07-01-01-01-11.wav,train
speaker_independent,1,07-01-01-01-12.wav,train
speaker_independent,1,07-01-01-01-14.wav,train
speaker_independent,1,07-01-01-01-15.wav,train
speaker_independent,1,07-01-01-01-16.wav,train
speaker_independent,1,07-01-01-01-17.wav,train
speaker_independent,1,07-01-01-01-19.wav,train
speaker_independent,1,07-01-01-01-20.wav,train
speaker_independent,1,07-01-01-01-21.wav,train
speaker_independent,1,07-01-01-01-22.wav,train
speaker_independent,1,07-01-01-01-24.wav,train
speaker_independent,1,07-01-01-02-01.wav,train
speaker_independent,1,07-01-01-02-02.wav,train
speaker_independent,1,07-01-01-02-04.wav,train
speaker_independent,1,07-01-01-02-05.wav,train
speaker_independent,1,07-01-01-02-06.wav,train
speaker_independent,1,07-01-01-02-07.wav,train
speaker_independent,1,07-01-01-02-09.wav,train
speaker_independent,1,07-01-01-02-10.wav,train
speaker_independent,1,07-01-01-02-11.wav,train
speaker_independent,1,07-01-01-02-12.wav,train
speaker_independent,1,07-01-01-02-14.wav,train
speaker_independent,1,07-01-01-02-15.wav,train
speaker_independent,1,07-01-01-02-16.wav,train
speaker_independent,1,07-01-01-02-17.wav,train
speaker_independent,1,07-01-01-02-19.wav,train
speaker_independent,1,07-01-01-02-20.wav,train
speaker_independent,1,07-01-01-02-21.wav,train
speaker_independent,1,07-01-01-02-22.wav,train
speaker_independent,1,07-01-01-02-24.wav,train
speaker_independent,1,07-01-02-01-01.wav,train
speaker_independent,1,07-01-02-01-02.wav,train
speaker_independent,1,07-01-02-01-04.wav,train
speaker_independent,1,07-01-02-01-05.wav,train
speaker_independent,1,07-01-02-01-06.wav,train
speaker_independent,1,07-01-02-01-07.wav,train
speaker_independent,1,07-01-02-01-09.wav,train
speaker_independent,1,07-01-02-01-10.wav,train
speaker_independent,1,07-01-02-01-11.wav,train
speaker_independent,1,07-01-02-01-12.wav,train
speaker_independent,1,07-01-02-01-14.wav,train
speaker_independent,1,07-01-02-01-15.wav,train
speaker_independent,1,07-01-02-01-16.wav,train
speaker_independent,1,07-01-02-01-17.wav,train
speaker_independent,1,07-01-02-01-19.wav,train
speaker_independent,1,07-01-02-01-20.wav,train
speaker_independent,1,07-01-02-01-21.wav,train
speaker_independent,1,07-01-02-01-22.wav,train
speaker_independent,1,07-01-02-01-24.wav,train
speaker_independent,1,07-01-02-02-01.wav,train
speaker_independent,1,07-01-02-02-02.wav,train
speaker_independent,1,07-01-02-02-04.wav,train
speaker_independent,1,07-01-02-02-05.wav,train
speaker_independent,1,07-01-02-02-06.wav,train
speaker_independent,1,07-01-02-02-07.wav,train
speaker_independent,1,07-01-02-02-09.wav,train
speaker_independent,1,07-01-02-02-10.wav,train
speaker_independent,1,07-01-02-02-11.wav,train
speaker_independent,1,07-01-02-02-12.wav,train
speaker_independent,1,07-01-02-02-14.wav,train
speaker_independent,1,07-01-02-02-15.wav,train
speaker_independent,1,07-01-02-02-16.wav,train
speaker_independent,1,07-01-02-02-17.wav,train
speaker_independent,1,07-01-02-02-19.wav,train
speaker_independent,1,07-01-02-02-20.wav,train
speaker_independent,1,07-01-02-02-21.wav,train
speaker_independent,1,07-01-02-02-22.wav,train
speaker_independent,1,07-01-02-02-24.wav,train
speaker_independent,1,07-02-01-01-01.wav,train
speaker_independent,1,07-02-01-01-02.wav,train
speaker_independent,1,07-02-01-01-04.wav,train
speaker_independent,1,07-02-01-01-05.wav,train
speaker_independent,1,07-02-01-01-06.wav,train
speaker_independent,1,07-02-01-01-07.wav,train
speaker_independent,1,07-02-01-01-09.wav,train
speaker_independent,1,07-02-01-01-10.wav,train
speaker_independent,1,07-02-01-01-11.wav,train
speaker_independent,1,07-02-01-01-12.wav,train
speaker_independent,1,07-02-01-01-14.wav,train
speaker_independent,1,07-02-01-01-15.wav,train
speaker_independent,1,07-02-01-01-16.wav,train
speaker_independent,1,07-02-01-01-17.wav,train
speaker_independent,1,07-02-01-01-19.wav,train
speaker_independent,1,07-02-01-01-20.wav,train
speaker_independent,1,07-02-01-01-21.wav,train
speaker_independent,1,07-02-01-01-22.wav,train
speaker_independent,1,07-02-01-01-24.wav,train
speaker_independent,1,07-02-01-02-01.wav,train
speaker_independent,1,07-02-01-02-02.wav,train
speaker_independent,1,07-02-01-02-04.wav,train
speaker_independent,1,07-02-01-02-05.wav,train
speaker_independent,1,07-02-01-02-06.wav,train
speaker_independent,1,07-02-01-02-07.wav,train
speaker_independent,1,07-02-01-02-09.wav,train
speaker_independent,1,07-02-01-02-10.wav,train
speaker_independent,1,07-02-01-02-11.wav,train
speaker_independent,1,07-02-01-02-12.wav,train
speaker_independent,1,07-02-01-02-14.wav,train
speaker_independent,1,07-02-01-02-15.wav,train
speaker_independent,1,07-02-01-02-16.wav,train
speaker_independent,1,07-02-01-02-17.wav,train
speaker_independent,1,07-02-01-02-19.wav,train
speaker_independent,1,07-02-01-02-20.wav,train
speaker_independent,1,07-02-01-02-21.wav,train
speaker_independent,1,07-02-01-02-22.wav,train
speaker_independent,1,07-02-01-02-24.wav,train
speaker_independent,1,07-02-02-01-01.wav,train
speaker_independent,1,07-02-02-01-02.wav,train
speaker_independent,1,07-02-02-01-04.wav,train
speaker_independent,1,07-02-02-01-05.wav,train
speaker_independent,1,07-02-02-01-06.wav,train
speaker_independent,1,07-02-02-01-07.wav,train
speaker_independent,1,07-02-02-01-09.wav,train
speaker_independent,1,07-02-02-01-10.wav,train
speaker_independent,1,07-02-02-01-11.wav,train
speaker_independent,1,07-02-02-01-12.wav,train
speaker_independent,1,07-02-02-01-14.wav,train
speaker_independent,1,07-02-02-01-15.wav,train
speaker_independent,1,07-02-02-01-16.wav,train
speaker_independent,1,07-02-02-01-17.wav,train
speaker_independent,1,07-02-02-01-19.wav,train
speaker_independent,1,07-02-02-01-20.wav,train
speaker_independent,1,07-02-02-01-21.wav,train
speaker_independent,1,07-02-02-01-22.wav,train
speaker_independent,1,07-02-02-01-24.wav,train
speaker_independent,1,07-02-02-02-01.wav,train
speaker_independent,1,07-02-02-02-02.wav,train
speaker_independent,1,07-02-02-02-04.wav,train
speaker_independent,1,07-02-02-02-05.wav,train
speaker_independent,1,07-02-02-02-06.wav,train
speaker_independent,1,07-02-02-02-07.wav,train
speaker_independent,1,07-02-02-02-09.wav,train
speaker_independent,1,07-02-02-02-10.wav,train
speaker_independent,1,07-02-02-02-11.wav,train
speaker_independent,1,07-02-02-02-12.wav,train
speaker_independent,1,07-02-02-02-14.wav,train
speaker_independent,1,07-02-02-02-15.wav,train
speaker_independent,1,07-02-02-02-16.wav,train
speaker_independent,1,07-02-02-02-17.wav,train
speaker_independent,1,07-02-02-02-19.wav,train
speaker_independent,1,07-02-02-02-20.wav,train
speaker_independent,1,07-02-02-02-21.wav,train
speaker_independent,1,07-02-02-02-22.wav,train
speaker_independent,1,07-02-02-02-24.wav,train
speaker_independent,1,08-01-01-01-01.wav,train
speaker_independent,1,08-01-01-01-02.wav,train
speaker_independent,1,08-01-01-01-04.wav,train
speaker_independent,1,08-01-01-01-05.wav,train
speaker_independent,1,08-01-01-01-06.wav,train
speaker_independent,1,08-01-01-01-07.wav,train
speaker_independent,1,08-01-01-01-09.wav,train
speaker_independent,1,08-01-01-01-10.wav,train
speaker_independent,1,08-01-01-01-11.wav,train
speaker_independent,1,08-01-01-01-12.wav,train
speaker_independent,1,08-01-01-01-14.wav,train
speaker_independent,1,08-01-01-01-15.wav,train
speaker_independent,1,08-01-01-01-16.wav,train
speaker_independent,1,08-01-01-01-17.wav,train
speaker_independent,1,08-01-01-01-19.wav,train
speaker_independent,1,08-01-01-01-20.wav,train
speaker_independent,1,08-01-01-01-21.wav,train
speaker_independent,1,08-01-01-01-22.wav,train
speaker_independent,1,08-01-01-01-24.wav,train
speaker_independent,1,08-01-01-02-01.wav,train
speaker_independent,1,08-01-01-02-02.wav,train
speaker_independent,1,08-01-01-02-04.wav,train
speaker_independent,1,08-01-01-02-05.wav,train
speaker_independent,1,08-01-01-02-06.wav,train
speaker_independent,1,08-01-01-02-07.wav,train
speaker_independent,1,08-01-01-02-09.wav,train
speaker_independent,1,08-01-01-02-10.wav,train
speaker_independent,1,08-01-01-02-11.wav,train
speaker_independent,1,08-01-01-02-12.wav,train
speaker_independent,1,08-01-01-02-14.wav,train
speaker_independent,1,08-01-01-02-15.wav,train
speaker_independent,1,08-01-01-02-16.wav,train
speaker_independent,1,08-01-01-02-17.wav,train
speaker_independent,1,08-01-01-02-19.wav,train
speaker_independent,1,08-01-01-02-20.wav,train
speaker_independent,1,08-01-01-02-21.wav,train
speaker_independent,1,08-01-01-02-22.wav,train
speaker_independent,1,08-01-01-02-24.wav,train
speaker_independent,1,08-01-02-01-01.wav,train
speaker_independent,1,08-01-02-01-02.wav,train
speaker_independent,1,08-01-02-01-04.wav,train
speaker_independent,1,08-01-02-01-05.wav,train
speaker_independent,1,08-01-02-01-06.wav,train
speaker_independent,1,08-01-02-01-07.wav,train
speaker_independent,1,08-01-02-01-09.wav,train
speaker_independent,1,08-01-02-01-10.wav,train
speaker_independent,1,08-01-02-01-11.wav,train
speaker_independent,1,08-01-02-01-12.wav,train
speaker_independent,1,08-01-02-01-14.wav,train
speaker_independent,1,08-01-02-01-15.wav,train
speaker_independent,1,08-01-02-01-16.wav,train
speaker_independent,1,08-01-02-01-17.wav,train
speaker_independent,1,08-01-02-01-19.wav,train
speaker_independent,1,08-01-02-01-20.wav,train
speaker_independent,1,08-01-02-01-21.wav,train
speaker_independent,1,08-01-02-01-22.wav,train
speaker_independent,1,08-01-02-01-24.wav,train
speaker_independent,1,08-01-02-02-01.wav,train
speaker_independent,1,08-01-02-02-02.wav,train
speaker_independent,1,08-01-02-02-04.wav,train
speaker_independent,1,08-01-02-02-05.wav,train
speaker_independent,1,08-01-02-02-06.wav,train
speaker_independent,1,08-01-02-02-07.wav,train
speaker_independent,1,08-01-02-02-09.wav,train
speaker_independent,1,08-01-02-02-10.wav,train
speaker_independent,1,08-01-02-02-11.wav,train
speaker_independent,1,08-01-02-02-12.wav,train
speaker_independent,1,08-01-02-02-14.wav,train
speaker_independent,1,08-01-02-02-15.wav,train
speaker_independent,1,08-01-02-02-16.wav,train
speaker_independent,1,08-01-02-02-17.wav,train
speaker_independent,1,08-01-02-02-19.wav,train
speaker_independent,1,08-01-02-02-20.wav,train
speaker_independent,1,08-01-02-02-21.wav,train
speaker_independent,1,08-01-02-02-22.wav,train
speaker_independent,1,08-01-02-02-24.wav,train
speaker_independent,1,08-02-01-01-01.wav,train
speaker_independent,1,08-02-01-01-02.wav,train
speaker_independent,1,08-02-01-01-04.wav,train
speaker_independent,1,08-02-01-01-05.wav,train
speaker_independent,1,08-02-01-01-06.wav,train
speaker_independent,1,08-02-01-01-07.wav,train
speaker_independent,1,08-02-01-01-09.wav,train
speaker_independent,1,08-02-01-01-10.wav,train
speaker_independent,1,08-02-01-01-11.wav,train
speaker_independent,1,08-02-01-01-12.wav,train
speaker_independent,1,08-02-01-01-14.wav,train
speaker_independent,1,08-02-01-01-15.wav,train
speaker_independent,1,08-02-01-01-16.wav,train
speaker_independent,1,08-02-01-01-17.wav,train
speaker_independent,1,08-02-01-01-19.wav,train
speaker_independent,1,08-02-01-01-20.wav,train
speaker_independent,1,08-02-01-01-21.wav,train
speaker_independent,1,08-02-01-01-22.wav,train
speaker_independent,1,08-02-01-01-24.wav,train
speaker_independent,1,08-02-01-02-01.wav,train
speaker_independent,1,08-02-01-02-02.wav,train
speaker_independent,1,08-02-01-02-04.wav,train
speaker_independent,1,08-02-01-02-05.wav,train
speaker_independent,1,08-02-01-02-06.wav,train
speaker_independent,1,08-02-01-02-07.wav,train
speaker_independent,1,08-02-01-02-09.wav,train
speaker_independent,1,08-02-01-02-10.wav,train
speaker_independent,1,08-02-01-02-11.wav,train
speaker_independent,1,08-02-01-02-12.wav,train
speaker_independent,1,08-02-01-02-14.wav,train
speaker_independent,1,08-02-01-02-15.wav,train
speaker_independent,1,08-02-01-02-16.wav,train
speaker_independent,1,08-02-01-02-17.wav,train
speaker_independent,1,08-02-01-02-19.wav,train
speaker_independent,1,08-02-01-02-20.wav,train
speaker_independent,1,08-02-01-02-21.wav,train
speaker_independent,1,08-02-01-02-22.wav,train
speaker_independent,1,08-02-01-02-24.wav,train
speaker_independent,1,08-02-02-01-01.wav,train
speaker_independent,1,08-02-02-01-02.wav,train
speaker_independent,1,08-02-02-01-04.wav,train
speaker_independent,1,08-02-02-01-05.wav,train
speaker_independent,1,08-02-02-01-06.wav,train
speaker_independent,1,08-02-02-01-07.wav,train
speaker_independent,1,08-02-02-01-09.wav,train
speaker_independent,1,08-02-02-01-10.wav,train
speaker_independent,1,08-02-02-01-11.wav,train
speaker_independent,1,08-02-02-01-12.wav,train
speaker_independent,1,08-02-02-01-14.wav,train
speaker_independent,1,08-02-02-01-15.wav,train
speaker_independent,1,08-02-02-01-16.wav,train
speaker_independent,1,08-02-02-01-17.wav,train
speaker_independent,1,08-02-02-01-19.wav,train
speaker_independent,1,08-02-02-01-20.wav,train
speaker_independent,1,08-02-02-01-21.wav,train
speaker_independent,1,08-02-02-01-22.wav,train
speaker_independent,1,08-02-02-01-24.wav,train
speaker_independent,1,08-02-02-02-01.wav,train
speaker_independent,1,08-02-02-02-02.wav,train
speaker_independent,1,08-02-02-02-04.wav,train
speaker_independent,1,08-02-02-02-05.wav,train
speaker_independent,1,08-02-02-02-06.wav,train
speaker_independent,1,08-02-02-02-07.wav,train
speaker_independent,1,08-02-02-02-09.wav,train
speaker_independent,1,08-02-02-02-10.wav,train
speaker_independent,1,08-02-02-02-11.wav,train
speaker_independent,1,08-02-02-02-12.wav,train
speaker_independent,1,08-02-02-02-14.wav,train
speaker_independent,1,08-02-02-02-15.wav,train
speaker_independent,1,08-02-02-02-16.wav,train
speaker_independent,1,08-02-02-02-17.wav,train
speaker_independent,1,08-02-02-02-19.wav,train
speaker_independent,1,08-02-02-02-20.wav,train
speaker_independent,1,08-02-02-02-21.wav,train
speaker_independent,1,08-02-02-02-22.wav,train
speaker_independent,1,08-02-02-02-24.wav,train
speaker_independent,2,01-01-01-01-02.wav,test
speaker_independent,2,01-01-01-01-07.wav,test
speaker_independent,2,01-01-01-01-12.wav,test
speaker_independent,2,01-01-01-01-17.wav,test
speaker_independent,2,01-01-01-01-22.wav,test
speaker_independent,2,01-01-01-02-02.wav,test
speaker_independent,2,01-01-01-02-07.wav,test
speaker_independent,2,01-01-01-02-12.wav,test
speaker_independent,2,01-01-01-02-17.wav,test
speaker_independent,2,01-01-01-02-22.wav,test
speaker_independent,2,01-01-02-01-02.wav,test
speaker_independent,2,01-01-02-01-07.wav,test
speaker_independent,2,01-01-02-01-12.wav,test
speaker_independent,2,01-01-02-01-17.wav,test
speaker_independent,2,01-01-02-01-22.wav,test
speaker_independent,2,01-01-02-02-02.wav,test
speaker_independent,2,01-01-02-02-07.wav,test
speaker_independent,2,01-01-02-02-12.wav,test
speaker_independent,2,01-01-02-02-17.wav,test
speaker_independent,2,01-01-02-02-22.wav,test
speaker_independent,2,02-01-01-01-02.wav,test
speaker_independent,2,02-01-01-01-07.wav,test
speaker_independent,2,02-01-01-01-12.wav,test
speaker_independent,2,02-01-01-01-17.wav,test
speaker_independent,2,02-01-01-01-22.wav,test
speaker_independent,2,02-01-01-02-02.wav,test
speaker_independent,2,02-01-01-02-07.wav,test
speaker_independent,2,02-01-01-02-12.wav,test
speaker_independent,2,02-01-01-02-17.wav,test
speaker_independent,2,02-01-01-02-22.wav,test
speaker_independent,2,02-01-02-01-02.wav,test
speaker_independent,2,02-01-02-01-07.wav,test
speaker_independent,2,02-01-02-01-12.wav,test
speaker_independent,2,02-01-02-01-17.wav,test
speaker_independent,2,02-01-02-01-22.wav,test
speaker_independent,2,02-01-02-02-02.wav,test
speaker_independent,2,02-01-02-02-07.wav,test
speaker_independent,2,02-01-02-02-12.wav,test
speaker_independent,2,02-01-02-02-17.wav,test
speaker_independent,2,02-01-02-02-22.wav,test
speaker_independent,2,02-02-01-01-02.wav,test
speaker_independent,2,02-02-01-01-07.wav,test
speaker_independent,2,02-02-01-01-12.wav,test
speaker_independent,2,02-02-01-01-17.wav,test
speaker_independent,2,02-02-01-01-22.wav,test
speaker_independent,2,02-02-01-02-02.wav,test
speaker_independent,2,02-02-01-02-07.wav,test
speaker_independent,2,02-02-01-02-12.wav,test
speaker_independent,2,02-02-01-02-17.wav,test
speaker_independent,2,02-02-01-02-22.wav,test
speaker_independent,2,02-02-02-01-02.wav,test
speaker_independent,2,02-02-02-01-07.wav,test
speaker_independent,2,02-02-02-01-12.wav,test
speaker_independent,2,02-02-02-01-17.wav,test
speaker_independent,2,02-02-02-01-22.wav,test
speaker_independent,2,02-02-02-02-02.wav,test
speaker_independent,2,02-02-02-02-07.wav,test
speaker_independent,2,02-02-02-02-12.wav,test
speaker_independent,2,02-02-02-02-17.wav,test
speaker_independent,2,02-02-02-02-22.wav,test
speaker_independent,2,03-01-01-01-02.wav,test
speaker_independent,2,03-01-01-01-07.wav,test
speaker_independent,2,03-01-01-01-12.wav,test
speaker_independent,2,03-01-01-01-17.wav,test
speaker_independent,2,03-01-01-01-22.wav,test
speaker_independent,2,03-01-01-02-02.wav,test
speaker_independent,2,03-01-01-02-07.wav,test
speaker_independent,2,03-01-01-02-12.wav,test
speaker_independent,2,03-01-01-02-17.wav,test
speaker_independent,2,03-01-01-02-22.wav,test
speaker_independent,2,03-01-02-01-02.wav,test
speaker_independent,2,03-01-02-01-07.wav,test
speaker_independent,2,03-01-02-01-12.wav,test
speaker_independent,2,03-01-02-01-17.wav,test
speaker_independent,2,03-01-02-01-22.wav,test
speaker_independent,2,03-01-02-02-02.wav,test
speaker_independent,2,03-01-02-02-07.wav,test
speaker_independent,2,03-01-02-02-12.wav,test
speaker_independent,2,03-01-02-02-17.wav,test
speaker_independent,2,03-01-02-02-22.wav,test
speaker_independent,2,03-02-01-01-02.wav,test
speaker_independent,2,03-02-01-01-07.wav,test
speaker_independent,2,03-02-01-01-12.wav,test
speaker_independent,2,03-02-01-01-17.wav,test
speaker_independent,2,03-02-01-01-22.wav,test
speaker_independent,2,03-02-01-02-02.wav,test
speaker_independent,2,03-02-01-02-07.wav,test
speaker_independent,2,03-02-01-02-12.wav,test
speaker_independent,2,03-02-01-02-17.wav,test
speaker_independent,2,03-02-01-02-22.wav,test
speaker_independent,2,03-02-02-01-02.wav,test
speaker_independent,2,03-02-02-01-07.wav,test
speaker_independent,2,03-02-02-01-12.wav,test
speaker_independent,2,03-02-02-01-17.wav,test
speaker_independent,2,03-02-02-01-22.wav,test
speaker_independent,2,03-02-02-02-02.wav,test
speaker_independent,2,03-02-02-02-07.wav,test
speaker_independent,2,03-02-02-02-12.wav,test
speaker_independent,2,03-02-02-02-17.wav,test
speaker_independent,2,03-02-02-02-22.wav,test
speaker_independent,2,04-01-01-01-02.wav,test
speaker_independent,2,04-01-01-01-07.wav,test
speaker_independent,2,04-01-01-01-12.wav,test
speaker_independent,2,04-01-01-01-17.wav,test
speaker_independent,2,04-01-01-01-22.wav,test
speaker_independent,2,04-01-01-02-02.wav,test
speaker_independent,2,04-01-01-02-07.wav,test
speaker_independent,2,04-01-01-02-12.wav,test
speaker_independent,2,04-01-01-02-17.wav,test
speaker_independent,2,04-01-01-02-22.wav,test
speaker_independent,2,04-01-02-01-02.wav,test
speaker_independent,2,04-01-02-01-07.wav,test
speaker_independent,2,04-01-02-01-12.wav,test
speaker_independent,2,04-01-02-01-17.wav,test
speaker_independent,2,04-01-02-01-22.wav,test
speaker_independent,2,04-01-02-02-02.wav,test
speaker_independent,2,04-01-02-02-07.wav,test
speaker_independent,2,04-01-02-02-12.wav,test
speaker_independent,2,04-01-02-02-17.wav,test
speaker_independent,2,04-01-02-02-22.wav,test
speaker_independent,2,04-02-01-01-02.wav,test
speaker_independent,2,04-02-01-01-07.wav,test
speaker_independent,2,04-02-01-01-12.wav,test
speaker_independent,2,04-02-01-01-17.wav,test
speaker_independent,2,04-02-01-01-22.wav,test
speaker_independent,2,04-02-01-02-02.wav,test
speaker_independent,2,04-02-01-02-07.wav,test
speaker_independent,2,04-02-01-02-12.wav,test
speaker_independent,2,04-02-01-02-17.wav,test
speaker_independent,2,04-02-01-02-22.wav,test
speaker_independent,2,04-02-02-01-02.wav,test
speaker_independent,2,04-02-02-01-07.wav,test
speaker_independent,2,04-02-02-01-12.wav,test
speaker_independent,2,04-02-02-01-17.wav,test
speaker_independent,2,04-02-02-01-22.wav,test
speaker_independent,2,04-02-02-02-02.wav,test
speaker_independent,2,04-02-02-02-07.wav,test
speaker_independent,2,04-02-02-02-12.wav,test
speaker_independent,2,04-02-02-02-17.wav,test
speaker_independent,2,04-02-02-02-22.wav,test
speaker_independent,2,05-01-01-01-02.wav,test
speaker_independent,2,05-01-01-01-07.wav,test
speaker_independent,2,05-01-01-01-12.wav,test
speaker_independent,2,05-01-01-01-17.wav,test
speaker_independent,2,05-01-01-01-22.wav,test
speaker_independent,2,05-01-01-02-02.wav,test
speaker_independent,2,05-01-01-02-07.wav,test
speaker_independent,2,05-01-01-02-12.wav,test
speaker_independent,2,05-01-01-02-17.wav,test
speaker_independent,2,05-01-01-02-22.wav,test
speaker_independent,2,05-01-02-01-02.wav,test
speaker_independent,2,05-01-02-01-07.wav,test
speaker_independent,2,05-01-02-01-12.wav,test
speaker_independent,2,05-01-02-01-17.wav,test
speaker_independent,2,05-01-02-01-22.wav,test
speaker_independent,2,05-01-02-02-02.wav,test
speaker_independent,2,05-01-02-02-07.wav,test
speaker_independent,2,05-01-02-02-12.wav,test
speaker_independent,2,05-01-02-02-17.wav,test
speaker_independent,2,05-01-02-02-22.wav,test
speaker_independent,2,05-02-01-01-02.wav,test
speaker_independent,2,05-02-01-01-07.wav,test
speaker_independent,2,05-02-01-01-12.wav,test
speaker_independent,2,05-02-01-01-17.wav,test
speaker_independent,2,05-02-01-01-22.wav,test
speaker_independent,2,05-02-01-02-02.wav,test
speaker_independent,2,05-02-01-02-07.wav,test
speaker_independent,2,05-02-01-02-12.wav,test
speaker_independent,2,05-02-01-02-17.wav,test
speaker_independent,2,05-02-01-02-22.wav,test
speaker_independent,2,05-02-02-01-02.wav,test
speaker_independent,2,05-02-02-01-07.wav,test
speaker_independent,2,05-02-02-01-12.wav,test
speaker_independent,2,05-02-02-01-17.wav,test
speaker_independent,2,05-02-02-01-22.wav,test
speaker_independent,2,05-02-02-02-02.wav,test
speaker_independent,2,05-02-02-02-07.wav,test
speaker_independent,2,05-02-02-02-12.wav,test
speaker_independent,2,05-02-02-02-17.wav,test
speaker_independent,2,05-02-02-02-22.wav,test
speaker_independent,2,06-01-01-01-02.wav,test
speaker_independent,2,06-01-01-01-07.wav,test
speaker_independent,2,06-01-01-01-12.wav,test
speaker_independent,2,06-01-01-01-17.wav,test
speaker_independent,2,06-01-01-01-22.wav,test
speaker_independent,2,06-01-01-02-02.wav,test
speaker_independent,2,06-01-01-02-07.wav,test
speaker_independent,2,06-01-01-02-12.wav,test
speaker_independent,2,06-01-01-02-17.wav,test
speaker_independent,2,06-01-01-02-22.wav,test
speaker_independent,2,06-01-02-01-02.wav,test
speaker_independent,2,06-01-02-01-07.wav,test
speaker_independent,2,06-01-02-01-12.wav,test
speaker_independent,2,06-01-02-01-17.wav,test
speaker_independent,2,06-01-02-01-22.wav,test
speaker_independent,2,06-01-02-02-02.wav,test
speaker_independent,2,06-01-02-02-07.wav,test
speaker_independent,2,06-01-02-02-12.wav,test
speaker_independent,2,06-01-02-02-17.wav,test
speaker_independent,2,06-01-02-02-22.wav,test
speaker_independent,2,06-02-01-01-02.wav,test
speaker_independent,2,06-02-01-01-07.wav,test
speaker_independent,2,06-02-01-01-12.wav,test
speaker_independent,2,06-02-01-01-17.wav,test
speaker_independent,2,06-02-01-01-22.wav,test
speaker_independent,2,06-02-01-02-02.wav,test
speaker_independent,2,06-02-01-02-07.wav,test
speaker_independent,2,06-02-01-02-12.wav,test
speaker_independent,2,06-02-01-02-17.wav,test
speaker_independent,2,06-02-01-02-22.wav,test
speaker_independent,2,06-02-02-01-02.wav,test
speaker_independent,2,06-02-02-01-07.wav,test
speaker_independent,2,06-02-02-01-12.wav,test
speaker_independent,2,06-02-02-01-17.wav,test
speaker_independent,2,06-02-02-01-22.wav,test
speaker_independent,2,06-02-02-02-02.wav,test
speaker_independent,2,06-02-02-02-07.wav,test
speaker_independent,2,06-02-02-02-12.wav,test
speaker_independent,2,06-02-02-02-17.wav,test
speaker_independent,2,06-02-02-02-22.wav,test
speaker_independent,2,07-01-01-01-02.wav,test
speaker_independent,2,07-01-01-01-07.wav,test
speaker_independent,2,07-01-01-01-12.wav,test
speaker_independent,2,07-01-01-01-17.wav,test
speaker_independent,2,07-01-01-01-22.wav,test
speaker_independent,2,07-01-01-02-02.wav,test
speaker_independent,2,07-01-01-02-07.wav,test
speaker_independent,2,07-01-01-02-12.wav,test
speaker_independent,2,07-01-01-02-17.wav,test
speaker_independent,2,07-01-01-02-22.wav,test
speaker_independent,2,07-01-02-01-02.wav,test
speaker_independent,2,07-01-02-01-07.wav,test
speaker_independent,2,07-01-02-01-12.wav,test
speaker_independent,2,07-01-02-01-17.wav,test
speaker_independent,2,07-01-02-01-22.wav,test
speaker_independent,2,07-01-02-02-02.wav,test
speaker_independent,2,07-01-02-02-07.wav,test
speaker_independent,2,07-01-02-02-12.wav,test
speaker_independent,2,07-01-02-02-17.wav,test
speaker_independent,2,07-01-02-02-22.wav,test
speaker_independent,2,07-02-01-01-02.wav,test
speaker_independent,2,07-02-01-01-07.wav,test
speaker_independent,2,07-02-01-01-12.wav,test
speaker_independent,2,07-02-01-01-17.wav,test
speaker_independent,2,07-02-01-01-22.wav,test
speaker_independent,2,07-02-01-02-02.wav,test
speaker_independent,2,07-02-01-02-07.wav,test
speaker_independent,2,07-02-01-02-12.wav,test
speaker_independent,2,07-02-01-02-17.wav,test
speaker_independent,2,07-02-01-02-22.wav,test
speaker_independent,2,07-02-02-01-02.wav,test
speaker_independent,2,07-02-02-01-07.wav,test
speaker_independent,2,07-02-02-01-12.wav,test
speaker_independent,2,07-02-02-01-17.wav,test
speaker_independent,2,07-02-02-01-22.wav,test
speaker_independent,2,07-02-02-02-02.wav,test
speaker_independent,2,07-02-02-02-07.wav,test
speaker_independent,2,07-02-02-02-12.wav,test
speaker_independent,2,07-02-02-02-17.wav,test
speaker_independent,2,07-02-02-02-22.wav,test
speaker_independent,2,08-01-01-01-02.wav,test
speaker_independent,2,08-01-01-01-07.wav,test
speaker_independent,2,08-01-01-01-12.wav,test
speaker_independent,2,08-01-01-01-17.wav,test
speaker_independent,2,08-01-01-01-22.wav,test
speaker_independent,2,08-01-01-02-02.wav,test
speaker_independent,2,08-01-01-02-07.wav,test
speaker_independent,2,08-01-01-02-12.wav,test
speaker_independent,2,08-01-01-02-17.wav,test
speaker_independent,2,08-01-01-02-22.wav,test
speaker_independent,2,08-01-02-01-02.wav,test
speaker_independent,2,08-01-02-01-07.wav,test
speaker_independent,2,08-01-02-01-12.wav,test
speaker_independent,2,08-01-02-01-17.wav,test
speaker_independent,2,08-01-02-01-22.wav,test
speaker_independent,2,08-01-02-02-02.wav,test
speaker_independent,2,08-01-02-02-07.wav,test
speaker_independent,2,08-01-02-02-12.wav,test
speaker_independent,2,08-01-02-02-17.wav,test
speaker_independent,2,08-01-02-02-22.wav,test
speaker_independent,2,08-02-01-01-02.wav,test
speaker_independent,2,08-02-01-01-07.wav,test
speaker_independent,2,08-02-01-01-12.wav,test
speaker_independent,2,08-02-01-01-17.wav,test
speaker_independent,2,08-02-01-01-22.wav,test
speaker_independent,2,08-02-01-02-02.wav,test
speaker_independent,2,08-02-01-02-07.wav,test
speaker_independent,2,08-02-01-02-12.wav,test
speaker_independent,2,08-02-01-02-17.wav,test
speaker_independent,2,08-02-01-02-22.wav,test
speaker_independent,2,08-02-02-01-02.wav,test
speaker_independent,2,08-02-02-01-07.wav,test
speaker_independent,2,08-02-02-01-12.wav,test
speaker_independent,2,08-02-02-01-17.wav,test
speaker_independent,2,08-02-02-01-22.wav,test
speaker_independent,2,08-02-02-02-02.wav,test
speaker_independent,2,08-02-02-02-07.wav,test
speaker_independent,2,08-02-02-02-12.wav,test
speaker_independent,2,08-02-02-02-17.wav,test
speaker_independent,2,08-02-02-02-22.wav,test
speaker_independent,2,01-01-01-01-01.wav,train
speaker_independent,2,01-01-01-01-03.wav,train
speaker_independent,2,01-01-01-01-04.wav,train
speaker_independent,2,01-01-01-01-05.wav,train
speaker_independent,2,01-01-01-01-06.wav,train
speaker_independent,2,01-01-01-01-08.wav,train
speaker_independent,2,01-01-01-01-09.wav,train
speaker_independent,2,01-01-01-01-10.wav,train
speaker_independent,2,01-01-01-01-11.wav,train
speaker_independent,2,01-01-01-01-13.wav,train
speaker_independent,2,01-01-01-01-14.wav,train
speaker_independent,2,01-01-01-01-15.wav,train
speaker_independent,2,01-01-01-01-16.wav,train
speaker_independent,2,01-01-01-01-18.wav,train
speaker_independent,2,01-01-01-01-19.wav,train
speaker_independent,2,01-01-01-01-20.wav,train
speaker_independent,2,01-01-01-01-21.wav,train
speaker_independent,2,01-01-01-01-23.wav,train
speaker_independent,2,01-01-01-01-24.wav,train
speaker_independent,2,01-01-01-02-01.wav,train
speaker_independent,2,01-01-01-02-03.wav,train
speaker_independent,2,01-01-01-02-04.wav,train
speaker_independent,2,01-01-01-02-05.wav,train
speaker_independent,2,01-01-01-02-06.wav,train
speaker_independent,2,01-01-01-02-08.wav,train
speaker_independent,2,01-01-01-02-09.wav,train
speaker_independent,2,01-01-01-02-10.wav,train
speaker_independent,2,01-01-01-02-11.wav,train
speaker_independent,2,01-01-01-02-13.wav,train
speaker_independent,2,01-01-01-02-14.wav,train
speaker_independent,2,01-01-01-02-15.wav,train
speaker_independent,2,01-01-01-02-16.wav,train
speaker_independent,2,01-01-01-02-18.wav,train
speaker_independent,2,01-01-01-02-19.wav,train
speaker_independent,2,01-01-01-02-20.wav,train
speaker_independent,2,01-01-01-02-21.wav,train
speaker_independent,2,01-01-01-02-23.wav,train
speaker_independent,2,01-01-01-02-24.wav,train
speaker_independent,2,01-01-02-01-01.wav,train
speaker_independent,2,01-01-02-01-03.wav,train
speaker_independent,2,01-01-02-01-04.wav,train
speaker_independent,2,01-01-02-01-05.wav,train
speaker_independent,2,01-01-02-01-06.wav,train
speaker_independent,2,01-01-02-01-08.wav,train
speaker_independent,2,01-01-02-01-09.wav,train
speaker_independent,2,01-01-02-01-10.wav,train
speaker_independent,2,01-01-02-01-11.wav,train
speaker_independent,2,01-01-02-01-13.wav,train
speaker_independent,2,01-01-02-01-14.wav,train
speaker_independent,2,01-01-02-01-15.wav,train
speaker_independent,2,01-01-02-01-16.wav,train
speaker_independent,2,01-01-02-01-18.wav,train
speaker_independent,2,01-01-02-01-19.wav,train
speaker_independent,2,01-01-02-01-20.wav,train
speaker_independent,2,01-01-02-01-21.wav,train
speaker_independent,2,01-01-02-01-23.wav,train
speaker_independent,2,01-01-02-01-24.wav,train
speaker_independent,2,01-01-02-02-01.wav,train
speaker_independent,2,01-01-02-02-03.wav,train
speaker_independent,2,01-01-02-02-04.wav,train
speaker_independent,2,01-01-02-02-05.wav,train
speaker_independent,2,01-01-02-02-06.wav,train
speaker_independent,2,01-01-02-02-08.wav,train
speaker_independent,2,01-01-02-02-09.wav,train
speaker_independent,2,01-01-02-02-10.wav,train
speaker_independent,2,01-01-02-02-11.wav,train
speaker_independent,2,01-01-02-02-13.wav,train
speaker_independent,2,01-01-02-02-14.wav,train
speaker_independent,2,01-01-02-02-15.wav,train
speaker_independent,2,01-01-02-02-16.wav,train
speaker_independent,2,01-01-02-02-18.wav,train
speaker_independent,2,01-01-02-02-19.wav,train
speaker_independent,2,01-01-02-02-20.wav,train
speaker_independent,2,01-01-02-02-21.wav,train
speaker_independent,2,01-01-02-02-23.wav,train
speaker_independent,2,01-01-02-02-24.wav,train
speaker_independent,2,02-01-01-01-01.wav,train
speaker_independent,2,02-01-01-01-03.wav,train
speaker_independent,2,02-01-01-01-04.wav,train
speaker_independent,2,02-01-01-01-05.wav,train
speaker_independent,2,02-01-01-01-06.wav,train
speaker_independent,2,02-01-01-01-08.wav,train
speaker_independent,2,02-01-01-01-09.wav,train
speaker_independent,2,02-01-01-01-10.wav,train
speaker_independent,2,02-01-01-01-11.wav,train
speaker_independent,2,02-01-01-01-13.wav,train
speaker_independent,2,02-01-01-01-14.wav,train
speaker_independent,2,02-01-01-01-15.wav,train
speaker_independent,2,02-01-01-01-16.wav,train
speaker_independent,2,02-01-01-01-18.wav,train
speaker_independent,2,02-01-01-01-19.wav,train
speaker_independent,2,02-01-01-01-20.wav,train
speaker_independent,2,02-01-01-01-21.wav,train
speaker_independent,2,02-01-01-01-23.wav,train
speaker_independent,2,02-01-01-01-24.wav,train
speaker_independent,2,02-01-01-02-01.wav,train
speaker_independent,2,02-01-01-02-03.wav,train
speaker_independent,2,02-01-01-02-04.wav,train
speaker_independent,2,02-01-01-02-05.wav,train
speaker_independent,2,02-01-01-02-06.wav,train
speaker_independent,2,02-01-01-02-08.wav,train
speaker_independent,2,02-01-01-02-09.wav,train
speaker_independent,2,02-01-01-02-10.wav,train
speaker_independent,2,02-01-01-02-11.wav,train
speaker_independent,2,02-01-01-02-13.wav,train
speaker_independent,2,02-01-01-02-14.wav,train
speaker_independent,2,02-01-01-02-15.wav,train
speaker_independent,2,02-01-01-02-16.wav,train
speaker_independent,2,02-01-01-02-18.wav,train
speaker_independent,2,02-01-01-02-19.wav,train
speaker_independent,2,02-01-01-02-20.wav,train
speaker_independent,2,02-01-01-02-21.wav,train
speaker_independent,2,02-01-01-02-23.wav,train
speaker_independent,2,02-01-01-02-24.wav,train
speaker_independent,2,02-01-02-01-01.wav,train
speaker_independent,2,02-01-02-01-03.wav,train
speaker_independent,2,02-01-02-01-04.wav,train
speaker_independent,2,02-01-02-01-05.wav,train
speaker_independent,2,02-01-02-01-06.wav,train
speaker_independent,2,02-01-02-01-08.wav,train
speaker_independent,2,02-01-02-01-09.wav,train
speaker_independent,2,02-01-02-01-10.wav,train
speaker_independent,2,02-01-02-01-11.wav,train
speaker_independent,2,02-01-02-01-13.wav,train
speaker_independent,2,02-01-02-01-14.wav,train
speaker_independent,2,02-01-02-01-15.wav,train
speaker_independent,2,02-01-02-01-16.wav,train
speaker_independent,2,02-01-02-01-18.wav,train
speaker_independent,2,02-01-02-01-19.wav,train
speaker_independent,2,02-01-02-01-20.wav,train
speaker_independent,2,02-01-02-01-21.wav,train
speaker_independent,2,02-01-02-01-23.wav,train
speaker_independent,2,02-01-02-01-24.wav,train
speaker_independent,2,02-01-02-02-01.wav,train
speaker_independent,2,02-01-02-02-03.wav,train
speaker_independent,2,02-01-02-02-04.wav,train
speaker_independent,2,02-01-02-02-05.wav,train
speaker_independent,2,02-01-02-02-06.wav,train
speaker_independent,2,02-01-02-02-08.wav,train
speaker_independent,2,02-01-02-02-09.wav,train
speaker_independent,2,02-01-02-02-10.wav,train
speaker_independent,2,02-01-02-02-11.wav,train
speaker_independent,2,02-01-02-02-13.wav,train
speaker_independent,2,02-01-02-02-14.wav,train
speaker_independent,2,02-01-02-02-15.wav,train
speaker_independent,2,02-01-02-02-16.wav,train
speaker_independent,2,02-01-02-02-18.wav,train
speaker_independent,2,02-01-02-02-19.wav,train
speaker_independent,2,02-01-02-02-20.wav,train
speaker_independent,2,02-01-02-02-21.wav,train
speaker_independent,2,02-01-02-02-23.wav,train
speaker_independent,2,02-01-02-02-24.wav,train
speaker_independent,2,02-02-01-01-01.wav,train
speaker_independent,2,02-02-01-01-03.wav,train
speaker_independent,2,02-02-01-01-04.wav,train
speaker_independent,2,02-02-01-01-05.wav,train
speaker_independent,2,02-02-01-01-06.wav,train
speaker_independent,2,02-02-01-01-08.wav,train
speaker_independent,2,02-02-01-01-09.wav,train
speaker_independent,2,02-02-01-01-10.wav,train
speaker_independent,2,02-02-01-01-11.wav,train
speaker_independent,2,02-02-01-01-13.wav,train
speaker_independent,2,02-02-01-01-14.wav,train
speaker_independent,2,02-02-01-01-15.wav,train
speaker_independent,2,02-02-01-01-16.wav,train
speaker_independent,2,02-02-01-01-18.wav,train
speaker_independent,2,02-02-01-01-19.wav,train
speaker_independent,2,02-02-01-01-20.wav,train
speaker_independent,2,02-02-01-01-21.wav,train
speaker_independent,2,02-02-01-01-23.wav,train
speaker_independent,2,02-02-01-01-24.wav,train
speaker_independent,2,02-02-01-02-01.wav,train
speaker_independent,2,02-02-01-02-03.wav,train
speaker_independent,2,02-02-01-02-04.wav,train
speaker_independent,2,02-02-01-02-05.wav,train
speaker_independent,2,02-02-01-02-06.wav,train
speaker_independent,2,02-02-01-02-08.wav,train
speaker_independent,2,02-02-01-02-09.wav,train
speaker_independent,2,02-02-01-02-10.wav,train
speaker_independent,2,02-02-01-02-11.wav,train
speaker_independent,2,02-02-01-02-13.wav,train
speaker_independent,2,02-02-01-02-14.wav,train
speaker_independent,2,02-02-01-02-15.wav,train
speaker_independent,2,02-02-01-02-16.wav,train
speaker_independent,2,02-02-01-02-18.wav,train
speaker_independent,2,02-02-01-02-19.wav,train
speaker_independent,2,02-02-01-02-20.wav,train
speaker_independent,2,02-02-01-02-21.wav,train
speaker_independent,2,02-02-01-02-23.wav,train
speaker_independent,2,02-02-01-02-24.wav,train
speaker_independent,2,02-02-02-01-01.wav,train
speaker_independent,2,02-02-02-01-03.wav,train
speaker_independent,2,02-02-02-01-04.wav,train
speaker_independent,2,02-02-02-01-05.wav,train
speaker_independent,2,02-02-02-01-06.wav,train
speaker_independent,2,02-02-02-01-08.wav,train
speaker_independent,2,02-02-02-01-09.wav,train
speaker_independent,2,02-02-02-01-10.wav,train
speaker_independent,2,02-02-02-01-11.wav,train
speaker_independent,2,02-02-02-01-13.wav,train
speaker_independent,2,02-02-02-01-14.wav,train
speaker_independent,2,02-02-02-01-15.wav,train
speaker_independent,2,02-02-02-01-16.wav,train
speaker_independent,2,02-02-02-01-18.wav,train
speaker_independent,2,02-02-02-01-19.wav,train
speaker_independent,2,02-02-02-01-20.wav,train
speaker_independent,2,02-02-02-01-21.wav,train
speaker_independent,2,02-02-02-01-23.wav,train
speaker_independent,2,02-02-02-01-24.wav,train
speaker_independent,2,02-02-02-02-01.wav,train
speaker_independent,2,02-02-02-02-03.wav,train
speaker_independent,2,02-02-02-02-04.wav,train
speaker_independent,2,02-02-02-02-05.wav,train
speaker_independent,2,02-02-02-02-06.wav,train
speaker_independent,2,02-02-02-02-08.wav,train
speaker_independent,2,02-02-02-02-09.wav,train
speaker_independent,2,02-02-02-02-10.wav,train
speaker_independent,2,02-02-02-02-11.wav,train
speaker_independent,2,02-02-02-02-13.wav,train
speaker_independent,2,02-02-02-02-14.wav,train
speaker_independent,2,02-02-02-02-15.wav,train
speaker_independent,2,02-02-02-02-16.wav,train
speaker_independent,2,02-02-02-02-18.wav,train
speaker_independent,2,02-02-02-02-19.wav,train
speaker_independent,2,02-02-02-02-20.wav,train
speaker_independent,2,02-02-02-02-21.wav,train
speaker_independent,2,02-02-02-02-23.wav,train
speaker_independent,2,02-02-02-02-24.wav,train
speaker_independent,2,03-01-01-01-01.wav,train
speaker_independent,2,03-01-01-01-03.wav,train
speaker_independent,2,03-01-01-01-04.wav,train
speaker_independent,2,03-01-01-01-05.wav,train
speaker_independent,2,03-01-01-01-06.wav,train
speaker_independent,2,03-01-01-01-08.wav,train
speaker_independent,2,03-01-01-01-09.wav,train
speaker_independent,2,03-01-01-01-10.wav,train
speaker_independent,2,03-01-01-01-11.wav,train
speaker_independent,2,03-01-01-01-13.wav,train
speaker_independent,2,03-01-01-01-14.wav,train
speaker_independent,2,03-01-01-01-15.wav,train
speaker_independent,2,03-01-01-01-16.wav,train
speaker_independent,2,03-01-01-01-18.wav,train
speaker_independent,2,03-01-01-01-19.wav,train
speaker_independent,2,03-01-01-01-20.wav,train
speaker_independent,2,03-01-01-01-21.wav,train
speaker_independent,2,03-01-01-01-23.wav,train
speaker_independent,2,03-01-01-01-24.wav,train
speaker_independent,2,03-01-01-02-01.wav,train
speaker_independent,2,03-01-01-02-03.wav,train
speaker_independent,2,03-01-01-02-04.wav,train
speaker_independent,2,03-01-01-02-05.wav,train
speaker_independent,2,03-01-01-02-06.wav,train
speaker_independent,2,03-01-01-02-08.wav,train
speaker_independent,2,03-01-01-02-09.wav,train
speaker_independent,2,03-01-01-02-10.wav,train
speaker_independent,2,03-01-01-02-11.wav,train
speaker_independent,2,03-01-01-02-13.wav,train
speaker_independent,2,03-01-01-02-14.wav,train
speaker_independent,2,03-01-01-02-15.wav,train
speaker_independent,2,03-01-01-02-16.wav,train
speaker_independent,2,03-01-01-02-18.wav,train
speaker_independent,2,03-01-01-02-19.wav,train
speaker_independent,2,03-01-01-02-20.wav,train
speaker_independent,2,03-01-01-02-21.wav,train
speaker_independent,2,03-01-01-02-23.wav,train
speaker_independent,2,03-01-01-02-24.wav,train
speaker_independent,2,03-01-02-01-01.wav,train
speaker_independent,2,03-01-02-01-03.wav,train
speaker_independent,2,03-01-02-01-04.wav,train
speaker_independent,2,03-01-02-01-05.wav,train
speaker_independent,2,03-01-02-01-06.wav,train
speaker_independent,2,03-01-02-01-08.wav,train
speaker_independent,2,03-01-02-01-09.wav,train
speaker_independent,2,03-01-02-01-10.wav,train
speaker_independent,2,03-01-02-01-11.wav,train
speaker_independent,2,03-01-02-01-13.wav,train
speaker_independent,2,03-01-02-01-14.wav,train
speaker_independent,2,03-01-02-01-15.wav,train
speaker_independent,2,03-01-02-01-16.wav,train
speaker_independent,2,03-01-02-01-18.wav,train
speaker_independent,2,03-01-02-01-19.wav,train
speaker_independent,2,03-01-02-01-20.wav,train
speaker_independent,2,03-01-02-01-21.wav,train
speaker_independent,2,03-01-02-01-23.wav,train
speaker_independent,2,03-01-02-01-24.wav,train
speaker_independent,2,03-01-02-02-01.wav,train
speaker_independent,2,03-01-02-02-03.wav,train
speaker_independent,2,03-01-02-02-04.wav,train
speaker_independent,2,03-01-02-02-05.wav,train
speaker_independent,2,03-01-02-02-06.wav,train
speaker_independent,2,03-01-02-02-08.wav,train
speaker_independent,2,03-01-02-02-09.wav,train
speaker_independent,2,03-01-02-02-10.wav,train
speaker_independent,2,03-01-02-02-11.wav,train
speaker_independent,2,03-01-02-02-13.wav,train
speaker_independent,2,03-01-02-02-14.wav,train
speaker_independent,2,03-01-02-02-15.wav,train
speaker_independent,2,03-01-02-02-16.wav,train
speaker_independent,2,03-01-02-02-18.wav,train
speaker_independent,2,03-01-02-02-19.wav,train
speaker_independent,2,03-01-02-02-20.wav,train
speaker_independent,2,03-01-02-02-21.wav,train
speaker_independent,2,03-01-02-02-23.wav,train
speaker_independent,2,03-01-02-02-24.wav,train
speaker_independent,2,03-02-01-01-01.wav,train
speaker_independent,2,03-02-01-01-03.wav,train
speaker_independent,2,03-02-01-01-04.wav,train
speaker_independent,2,03-02-01-01-05.wav,train
speaker_independent,2,03-02-01-01-06.wav,train
speaker_independent,2,03-02-01-01-08.wav,train
speaker_independent,2,03-02-01-01-09.wav,train
speaker_independent,2,03-02-01-01-10.wav,train
speaker_independent,2,03-02-01-01-11.wav,train
speaker_independent,2,03-02-01-01-13.wav,train
speaker_independent,2,03-02-01-01-14.wav,train
speaker_independent,2,03-02-01-01-15.wav,train
speaker_independent,2,03-02-01-01-16.wav,train
speaker_independent,2,03-02-01-01-18.wav,train
speaker_independent,2,03-02-01-01-19.wav,train
speaker_independent,2,03-02-01-01-20.wav,train
speaker_independent,2,03-02-01-01-21.wav,train
speaker_independent,2,03-02-01-01-23.wav,train
speaker_independent,2,03-02-01-01-24.wav,train
speaker_independent,2,03-02-01-02-01.wav,train
speaker_independent,2,03-02-01-02-03.wav,train
speaker_independent,2,03-02-01-02-04.wav,train
speaker_independent,2,03-02-01-02-05.wav,train
speaker_independent,2,03-02-01-02-06.wav,train
speaker_independent,2,03-02-01-02-08.wav,train
speaker_independent,2,03-02-01-02-09.wav,train
speaker_independent,2,03-02-01-02-10.wav,train
speaker_independent,2,03-02-01-02-11.wav,train
speaker_independent,2,03-02-01-02-13.wav,train
speaker_independent,2,03-02-01-02-14.wav,train
speaker_independent,2,03-02-01-02-15.wav,train
speaker_independent,2,03-02-01-02-16.wav,train
speaker_independent,2,03-02-01-02-18.wav,train
speaker_independent,2,03-02-01-02-19.wav,train
speaker_independent,2,03-02-01-02-20.wav,train
speaker_independent,2,03-02-01-02-21.wav,train
speaker_independent,2,03-02-01-02-23.wav,train
speaker_independent,2,03-02-01-02-24.wav,train
speaker_independent,2,03-02-02-01-01.wav,train
speaker_independent,2,03-02-02-01-03.wav,train
speaker_independent,2,03-02-02-01-04.wav,train
speaker_independent,2,03-02-02-01-05.wav,train
speaker_independent,2,03-02-02-01-06.wav,train
speaker_independent,2,03-02-02-01-08.wav,train
speaker_independent,2,03-02-02-01-09.wav,train
speaker_independent,2,03-02-02-01-10.wav,train
speaker_independent,2,03-02-02-01-11.wav,train
speaker_independent,2,03-02-02-01-13.wav,train
speaker_independent,2,03-02-02-01-14.wav,train
speaker_independent,2,03-02-02-01-15.wav,train
speaker_independent,2,03-02-02-01-16.wav,train
speaker_independent,2,03-02-02-01-18.wav,train
speaker_independent,2,03-02-02-01-19.wav,train
speaker_independent,2,03-02-02-01-20.wav,train
speaker_independent,2,03-02-02-01-21.wav,train
speaker_independent,2,03-02-02-01-23.wav,train
speaker_independent,2,03-02-02-01-24.wav,train
speaker_independent,2,03-02-02-02-01.wav,train
speaker_independent,2,03-02-02-02-03.wav,train
speaker_independent,2,03-02-02-02-04.wav,train
speaker_independent,2,03-02-02-02-05.wav,train
speaker_independent,2,03-02-02-02-06.wav,train
speaker_independent,2,03-02-02-02-08.wav,train
speaker_independent,2,03-02-02-02-09.wav,train
speaker_independent,2,03-02-02-02-10.wav,train
speaker_independent,2,03-02-02-02-11.wav,train
speaker_independent,2,03-02-02-02-13.wav,train
speaker_independent,2,03-02-02-02-14.wav,train
speaker_independent,2,03-02-02-02-15.wav,train
speaker_independent,2,03-02-02-02-16.wav,train
speaker_independent,2,03-02-02-02-18.wav,train
speaker_independent,2,03-02-02-02-19.wav,train
speaker_independent,2,03-02-02-02-20.wav,train
speaker_independent,2,03-02-02-02-21.wav,train
speaker_independent,2,03-02-02-02-23.wav,train
speaker_independent,2,03-02-02-02-24.wav,train
speaker_independent,2,04-01-01-01-01.wav,train
speaker_independent,2,04-01-01-01-03.wav,train
speaker_independent,2,04-01-01-01-04.wav,train
speaker_independent,2,04-01-01-01-05.wav,train
speaker_independent,2,04-01-01-01-06.wav,train
speaker_independent,2,04-01-01-01-08.wav,train
speaker_independent,2,04-01-01-01-09.wav,train
speaker_independent,2,04-01-01-01-10.wav,train
speaker_independent,2,04-01-01-01-11.wav,train
speaker_independent,2,04-01-01-01-13.wav,train
speaker_independent,2,04-01-01-01-14.wav,train
speaker_independent,2,04-01-01-01-15.wav,train
speaker_independent,2,04-01-01-01-16.wav,train
speaker_independent,2,04-01-01-01-18.wav,train
speaker_independent,2,04-01-01-01-19.wav,train
speaker_independent,2,04-01-01-01-20.wav,train
speaker_independent,2,04-01-01-01-21.wav,train
speaker_independent,2,04-01-01-01-23.wav,train
speaker_independent,2,04-01-01-01-24.wav,train
speaker_independent,2,04-01-01-02-01.wav,train
speaker_independent,2,04-01-01-02-03.wav,train
speaker_independent,2,04-01-01-02-04.wav,train
speaker_independent,2,04-01-01-02-05.wav,train
speaker_independent,2,04-01-01-02-06.wav,train
speaker_independent,2,04-01-01-02-08.wav,train
speaker_independent,2,04-01-01-02-09.wav,train
speaker_independent,2,04-01-01-02-10.wav,train
speaker_independent,2,04-01-01-02-11.wav,train
speaker_independent,2,04-01-01-02-13.wav,train
speaker_independent,2,04-01-01-02-14.wav,train
speaker_independent,2,04-01-01-02-15.wav,train
speaker_independent,2,04-01-01-02-16.wav,train
speaker_independent,2,04-01-01-02-18.wav,train
speaker_independent,2,04-01-01-02-19.wav,train
speaker_independent,2,04-01-01-02-20.wav,train
speaker_independent,2,04-01-01-02-21.wav,train
speaker_independent,2,04-01-01-02-23.wav,train
speaker_independent,2,04-01-01-02-24.wav,train
speaker_independent,2,04-01-02-01-01.wav,train
speaker_independent,2,04-01-02-01-03.wav,train
speaker_independent,2,04-01-02-01-04.wav,train
speaker_independent,2,04-01-02-01-05.wav,train
speaker_independent,2,04-01-02-01-06.wav,train
speaker_independent,2,04-01-02-01-08.wav,train
speaker_independent,2,04-01-02-01-09.wav,train
speaker_independent,2,04-01-02-01-10.wav,train
speaker_independent,2,04-01-02-01-11.wav,train
speaker_independent,2,04-01-02-01-13.wav,train
speaker_independent,2,04-01-02-01-14.wav,train
speaker_independent,2,04-01-02-01-15.wav,train
speaker_independent,2,04-01-02-01-16.wav,train
speaker_independent,2,04-01-02-01-18.wav,train
speaker_independent,2,04-01-02-01-19.wav,train
speaker_independent,2,04-01-02-01-20.wav,train
speaker_independent,2,04-01-02-01-21.wav,train
speaker_independent,2,04-01-02-01-23.wav,train
speaker_independent,2,04-01-02-01-24.wav,train
speaker_independent,2,04-01-02-02-01.wav,train
speaker_independent,2,04-01-02-02-03.wav,train
speaker_independent,2,04-01-02-02-04.wav,train
speaker_independent,2,04-01-02-02-05.wav,train
speaker_independent,2,04-01-02-02-06.wav,train
speaker_independent,2,04-01-02-02-08.wav,train
speaker_independent,2,04-01-02-02-09.wav,train
speaker_independent,2,04-01-02-02-10.wav,train
speaker_independent,2,04-01-02-02-11.wav,train
speaker_independent,2,04-01-02-02-13.wav,train
speaker_independent,2,04-01-02-02-14.wav,train
speaker_independent,2,04-01-02-02-15.wav,train
speaker_independent,2,04-01-02-02-16.wav,train
speaker_independent,2,04-01-02-02-18.wav,train
speaker_independent,2,04-01-02-02-19.wav,train
speaker_independent,2,04-01-02-02-20.wav,train
speaker_independent,2,04-01-02-02-21.wav,train
speaker_independent,2,04-01-02-02-23.wav,train
speaker_independent,2,04-01-02-02-24.wav,train
speaker_independent,2,04-02-01-01-01.wav,train
speaker_independent,2,04-02-01-01-03.wav,train
speaker_independent,2,04-02-01-01-04.wav,train
speaker_independent,2,04-02-01-01-05.wav,train
speaker_independent,2,04-02-01-01-06.wav,train
speaker_independent,2,04-02-01-01-08.wav,train
speaker_independent,2,04-02-01-01-09.wav,train
speaker_independent,2,04-02-01-01-10.wav,train
speaker_independent,2,04-02-01-01-11.wav,train
speaker_independent,2,04-02-01-01-13.wav,train
speaker_independent,2,04-02-01-01-14.wav,train
speaker_independent,2,04-02-01-01-15.wav,train
speaker_independent,2,04-02-01-01-16.wav,train
speaker_independent,2,04-02-01-01-18.wav,train
speaker_independent,2,04-02-01-01-19.wav,train
speaker_independent,2,04-02-01-01-20.wav,train
speaker_independent,2,04-02-01-01-21.wav,train
speaker_independent,2,04-02-01-01-23.wav,train
speaker_independent,2,04-02-01-01-24.wav,train
speaker_independent,2,04-02-01-02-01.wav,train
speaker_independent,2,04-02-01-02-03.wav,train
speaker_independent,2,04-02-01-02-04.wav,train
speaker_independent,2,04-02-01-02-05.wav,train
speaker_independent,2,04-02-01-02-06.wav,train
speaker_independent,2,04-02-01-02-08.wav,train
speaker_independent,2,04-02-01-02-09.wav,train
speaker_independent,2,04-02-01-02-10.wav,train
speaker_independent,2,04-02-01-02-11.wav,train
speaker_independent,2,04-02-01-02-13.wav,train
speaker_independent,2,04-02-01-02-14.wav,train
speaker_independent,2,04-02-01-02-15.wav,train
speaker_independent,2,04-02-01-02-16.wav,train
speaker_independent,2,04-02-01-02-18.wav,train
speaker_independent,2,04-02-01-02-19.wav,train
speaker_independent,2,04-02-01-02-20.wav,train
speaker_independent,2,04-02-01-02-21.wav,train
speaker_independent,2,04-02-01-02-23.wav,train
speaker_independent,2,04-02-01-02-24.wav,train
speaker_independent,2,04-02-02-01-01.wav,train
speaker_independent,2,04-02-02-01-03.wav,train
speaker_independent,2,04-02-02-01-04.wav,train
speaker_independent,2,04-02-02-01-05.wav,train
speaker_independent,2,04-02-02-01-06.wav,train
speaker_independent,2,04-02-02-01-08.wav,train
speaker_independent,2,04-02-02-01-09.wav,train
speaker_independent,2,04-02-02-01-10.wav,train
speaker_independent,2,04-02-02-01-11.wav,train
speaker_independent,2,04-02-02-01-13.wav,train
speaker_independent,2,04-02-02-01-14.wav,train
speaker_independent,2,04-02-02-01-15.wav,train
speaker_independent,2,04-02-02-01-16.wav,train
speaker_independent,2,04-02-02-01-18.wav,train
speaker_independent,2,04-02-02-01-19.wav,train
speaker_independent,2,04-02-02-01-20.wav,train
speaker_independent,2,04-02-02-01-21.wav,train
speaker_independent,2,04-02-02-01-23.wav,train
speaker_independent,2,04-02-02-01-24.wav,train
speaker_independent,2,04-02-02-02-01.wav,train
speaker_independent,2,04-02-02-02-03.wav,train
speaker_independent,2,04-02-02-02-04.wav,train
speaker_independent,2,04-02-02-02-05.wav,train
speaker_independent,2,04-02-02-02-06.wav,train
speaker_independent,2,04-02-02-02-08.wav,train
speaker_independent,2,04-02-02-02-09.wav,train
speaker_independent,2,04-02-02-02-10.wav,train
speaker_independent,2,04-02-02-02-11.wav,train
speaker_independent,2,04-02-02-02-13.wav,train
speaker_independent,2,04-02-02-02-14.wav,train
speaker_independent,2,04-02-02-02-15.wav,train
speaker_independent,2,04-02-02-02-16.wav,train
speaker_independent,2,04-02-02-02-18.wav,train
speaker_independent,2,04-02-02-02-19.wav,train
speaker_independent,2,04-02-02-02-20.wav,train
speaker_independent,2,04-02-02-02-21.wav,train
speaker_independent,2,04-02-02-02-23.wav,train
speaker_independent,2,04-02-02-02-24.wav,train
speaker_independent,2,05-01-01-01-01.wav,train
speaker_independent,2,05-01-01-01-03.wav,train
speaker_independent,2,05-01-01-01-04.wav,train
speaker_independent,2,05-01-01-01-05.wav,train
speaker_independent,2,05-01-01-01-06.wav,train
speaker_independent,2,05-01-01-01-08.wav,train
speaker_independent,2,05-01-01-01-09.wav,train
speaker_independent,2,05-01-01-01-10.wav,train
speaker_independent,2,05-01-01-01-11.wav,train
speaker_independent,2,05-01-01-01-13.wav,train
speaker_independent,2,05-01-01-01-14.wav,train
speaker_independent,2,05-01-01-01-15.wav,train
speaker_independent,2,05-01-01-01-16.wav,train
speaker_independent,2,05-01-01-01-18.wav,train
speaker_independent,2,05-01-01-01-19.wav,train
speaker_independent,2,05-01-01-01-20.wav,train
speaker_independent,2,05-01-01-01-21.wav,train
speaker_independent,2,05-01-01-01-23.wav,train
speaker_independent,2,05-01-01-01-24.wav,train
speaker_independent,2,05-01-01-02-01.wav,train
speaker_independent,2,05-01-01-02-03.wav,train
speaker_independent,2,05-01-01-02-04.wav,train
speaker_independent,2,05-01-01-02-05.wav,train
speaker_independent,2,05-01-01-02-06.wav,train
speaker_independent,2,05-01-01-02-08.wav,train
speaker_independent,2,05-01-01-02-09.wav,train
speaker_independent,2,05-01-01-02-10.wav,train
speaker_independent,2,05-01-01-02-11.wav,train
speaker_independent,2,05-01-01-02-13.wav,train
speaker_independent,2,05-01-01-02-14.wav,train
speaker_independent,2,05-01-01-02-15.wav,train
speaker_independent,2,05-01-01-02-16.wav,train
speaker_independent,2,05-01-01-02-18.wav,train
speaker_independent,2,05-01-01-02-19.wav,train
speaker_independent,2,05-01-01-02-20.wav,train
speaker_independent,2,05-01-01-02-21.wav,train
speaker_independent,2,05-01-01-02-23.wav,train
speaker_independent,2,05-01-01-02-24.wav,train
speaker_independent,2,05-01-02-01-01.wav,train
speaker_independent,2,05-01-02-01-03.wav,train
speaker_independent,2,05-01-02-01-04.wav,train
speaker_independent,2,05-01-02-01-05.wav,train
speaker_independent,2,05-01-02-01-06.wav,train
speaker_independent,2,05-01-02-01-08.wav,train
speaker_independent,2,05-01-02-01-09.wav,train
speaker_independent,2,05-01-02-01-10.wav,train
speaker_independent,2,05-01-02-01-11.wav,train
speaker_independent,2,05-01-02-01-13.wav,train
speaker_independent,2,05-01-02-01-14.wav,train
speaker_independent,2,05-01-02-01-15.wav,train
speaker_independent,2,05-01-02-01-16.wav,train
speaker_independent,2,05-01-02-01-18.wav,train
speaker_independent,2,05-01-02-01-19.wav,train
speaker_independent,2,05-01-02-01-20.wav,train
speaker_independent,2,05-01-02-01-21.wav,train
speaker_independent,2,05-01-02-01-23.wav,train
speaker_independent,2,05-01-02-01-24.wav,train
speaker_independent,2,05-01-02-02-01.wav,train
speaker_independent,2,05-01-02-02-03.wav,train
speaker_independent,2,05-01-02-02-04.wav,train
speaker_independent,2,05-01-02-02-05.wav,train
speaker_independent,2,05-01-02-02-06.wav,train
speaker_independent,2,05-01-02-02-08.wav,train
speaker_independent,2,05-01-02-02-09.wav,train
speaker_independent,2,05-01-02-02-10.wav,train
speaker_independent,2,05-01-02-02-11.wav,train
speaker_independent,2,05-01-02-02-13.wav,train
speaker_independent,2,05-01-02-02-14.wav,train
speaker_independent,2,05-01-02-02-15.wav,train
speaker_independent,2,05-01-02-02-16.wav,train
speaker_independent,2,05-01-02-02-18.wav,train
speaker_independent,2,05-01-02-02-19.wav,train
speaker_independent,2,05-01-02-02-20.wav,train
speaker_independent,2,05-01-02-02-21.wav,train
speaker_independent,2,05-01-02-02-23.wav,train
speaker_independent,2,05-01-02-02-24.wav,train
speaker_independent,2,05-02-01-01-01.wav,train
speaker_independent,2,05-02-01-01-03.wav,train
speaker_independent,2,05-02-01-01-04.wav,train
speaker_independent,2,05-02-01-01-05.wav,train
speaker_independent,2,05-02-01-01-06.wav,train
speaker_independent,2,05-02-01-01-08.wav,train
speaker_independent,2,05-02-01-01-09.wav,train
speaker_independent,2,05-02-01-01-10.wav,train
speaker_independent,2,05-02-01-01-11.wav,train
speaker_independent,2,05-02-01-01-13.wav,train
speaker_independent,2,05-02-01-01-14.wav,train
speaker_independent,2,05-02-01-01-15.wav,train
speaker_independent,2,05-02-01-01-16.wav,train
speaker_independent,2,05-02-01-01-18.wav,train
speaker_independent,2,05-02-01-01-19.wav,train
speaker_independent,2,05-02-01-01-20.wav,train
speaker_independent,2,05-02-01-01-21.wav,train
speaker_independent,2,05-02-01-01-23.wav,train
speaker_independent,2,05-02-01-01-24.wav,train
speaker_independent,2,05-02-01-02-01.wav,train
speaker_independent,2,05-02-01-02-03.wav,train
speaker_independent,2,05-02-01-02-04.wav,train
speaker_independent,2,05-02-01-02-05.wav,train
speaker_independent,2,05-02-01-02-06.wav,train
speaker_independent,2,05-02-01-02-08.wav,train
speaker_independent,2,05-02-01-02-09.wav,train
speaker_independent,2,05-02-01-02-10.wav,train
speaker_independent,2,05-02-01-02-11.wav,train
speaker_independent,2,05-02-01-02-13.wav,train
speaker_independent,2,05-02-01-02-14.wav,train
speaker_independent,2,05-02-01-02-15.wav,train
speaker_independent,2,05-02-01-02-16.wav,train
speaker_independent,2,05-02-01-02-18.wav,train
speaker_independent,2,05-02-01-02-19.wav,train
speaker_independent,2,05-02-01-02-20.wav,train
speaker_independent,2,05-02-01-02-21.wav,train
speaker_independent,2,05-02-01-02-23.wav,train
speaker_independent,2,05-02-01-02-24.wav,train
speaker_independent,2,05-02-02-01-01.wav,train
speaker_independent,2,05-02-02-01-03.wav,train
speaker_independent,2,05-02-02-01-04.wav,train
speaker_independent,2,05-02-02-01-05.wav,train
speaker_independent,2,05-02-02-01-06.wav,train
speaker_independent,2,05-02-02-01-08.wav,train
speaker_independent,2,05-02-02-01-09.wav,train
speaker_independent,2,05-02-02-01-10.wav,train
speaker_independent,2,05-02-02-01-11.wav,train
speaker_independent,2,05-02-02-01-13.wav,train
speaker_independent,2,05-02-02-01-14.wav,train
speaker_independent,2,05-02-02-01-15.wav,train
speaker_independent,2,05-02-02-01-16.wav,train
speaker_independent,2,05-02-02-01-18.wav,train
speaker_independent,2,05-02-02-01-19.wav,train
speaker_independent,2,05-02-02-01-20.wav,train
speaker_independent,2,05-02-02-01-21.wav,train
speaker_independent,2,05-02-02-01-23.wav,train
speaker_independent,2,05-02-02-01-24.wav,train
speaker_independent,2,05-02-02-02-01.wav,train
speaker_independent,2,05-02-02-02-03.wav,train
speaker_independent,2,05-02-02-02-04.wav,train
speaker_independent,2,05-02-02-02-05.wav,train
speaker_independent,2,05-02-02-02-06.wav,train
speaker_independent,2,05-02-02-02-08.wav,train
speaker_independent,2,05-02-02-02-09.wav,train
speaker_independent,2,05-02-02-02-10.wav,train
speaker_independent,2,05-02-02-02-11.wav,train
speaker_independent,2,05-02-02-02-13.wav,train
speaker_independent,2,05-02-02-02-14.wav,train
speaker_independent,2,05-02-02-02-15.wav,train
speaker_independent,2,05-02-02-02-16.wav,train
speaker_independent,2,05-02-02-02-18.wav,train
speaker_independent,2,05-02-02-02-19.wav,train
speaker_independent,2,05-02-02-02-20.wav,train
speaker_independent,2,05-02-02-02-21.wav,train
speaker_independent,2,05-02-02-02-23.wav,train
speaker_independent,2,05-02-02-02-24.wav,train
speaker_independent,2,06-01-01-01-01.wav,train
speaker_independent,2,06-01-01-01-03.wav,train
speaker_independent,2,06-01-01-01-04.wav,train
speaker_independent,2,06-01-01-01-05.wav,train
speaker_independent,2,06-01-01-01-06.wav,train
speaker_independent,2,06-01-01-01-08.wav,train
speaker_independent,2,06-01-01-01-09.wav,train
speaker_independent,2,06-01-01-01-10.wav,train
speaker_independent,2,06-01-01-01-11.wav,train
speaker_independent,2,06-01-01-01-13.wav,train
speaker_independent,2,06-01-01-01-14.wav,train
speaker_independent,2,06-01-01-01-15.wav,train
speaker_independent,2,06-01-01-01-16.wav,train
speaker_independent,2,06-01-01-01-18.wav,train
speaker_independent,2,06-01-01-01-19.wav,train
speaker_independent,2,06-01-01-01-20.wav,train
speaker_independent,2,06-01-01-01-21.wav,train
speaker_independent,2,06-01-01-01-23.wav,train
speaker_independent,2,06-01-01-01-24.wav,train
speaker_independent,2,06-01-01-02-01.wav,train
speaker_independent,2,06-01-01-02-03.wav,train
speaker_independent,2,06-01-01-02-04.wav,train
speaker_independent,2,06-01-01-02-05.wav,train
speaker_independent,2,06-01-01-02-06.wav,train
speaker_independent,2,06-01-01-02-08.wav,train
speaker_independent,2,06-01-01-02-09.wav,train
speaker_independent,2,06-01-01-02-10.wav,train
speaker_independent,2,06-01-01-02-11.wav,train
speaker_independent,2,06-01-01-02-13.wav,train
speaker_independent,2,06-01-01-02-14.wav,train
speaker_independent,2,06-01-01-02-15.wav,train
speaker_independent,2,06-01-01-02-16.wav,train
speaker_independent,2,06-01-01-02-18.wav,train
speaker_independent,2,06-01-01-02-19.wav,train
speaker_independent,2,06-01-01-02-20.wav,train
speaker_independent,2,06-01-01-02-21.wav,train
speaker_independent,2,06-01-01-02-23.wav,train
speaker_independent,2,06-01-01-02-24.wav,train
speaker_independent,2,06-01-02-01-01.wav,train
speaker_independent,2,06-01-02-01-03.wav,train
speaker_independent,2,06-01-02-01-04.wav,train
speaker_independent,2,06-01-02-01-05.wav,train
speaker_independent,2,06-01-02-01-06.wav,train
speaker_independent,2,06-01-02-01-08.wav,train
speaker_independent,2,06-01-02-01-09.wav,train
speaker_independent,2,06-01-02-01-10.wav,train
speaker_independent,2,06-01-02-01-11.wav,train
speaker_independent,2,06-01-02-01-13.wav,train
speaker_independent,2,06-01-02-01-14.wav,train
speaker_independent,2,06-01-02-01-15.wav,train
speaker_independent,2,06-01-02-01-16.wav,train
speaker_independent,2,06-01-02-01-18.wav,train
speaker_independent,2,06-01-02-01-19.wav,train
speaker_independent,2,06-01-02-01-20.wav,train
speaker_independent,2,06-01-02-01-21.wav,train
speaker_independent,2,06-01-02-01-23.wav,train
speaker_independent,2,06-01-02-01-24.wav,train
speaker_independent,2,06-01-02-02-01.wav,train
speaker_independent,2,06-01-02-02-03.wav,train
speaker_independent,2,06-01-02-02-04.wav,train
speaker_independent,2,06-01-02-02-05.wav,train
speaker_independent,2,06-01-02-02-06.wav,train
speaker_independent,2,06-01-02-02-08.wav,train
speaker_independent,2,06-01-02-02-09.wav,train
speaker_independent,2,06-01-02-02-10.wav,train
speaker_independent,2,06-01-02-02-11.wav,train
speaker_independent,2,06-01-02-02-13.wav,train
speaker_independent,2,06-01-02-02-14.wav,train
speaker_independent,2,06-01-02-02-15.wav,train
speaker_independent,2,06-01-02-02-16.wav,train
speaker_independent,2,06-01-02-02-18.wav,train
speaker_independent,2,06-01-02-02-19.wav,train
speaker_independent,2,06-01-02-02-20.wav,train
speaker_independent,2,06-01-02-02-21.wav,train
speaker_independent,2,06-01-02-02-23.wav,train
speaker_independent,2,06-01-02-02-24.wav,train
speaker_independent,2,06-02-01-01-01.wav,train
speaker_independent,2,06-02-01-01-03.wav,train
speaker_independent,2,06-02-01-01-04.wav,train
speaker_independent,2,06-02-01-01-05.wav,train
speaker_independent,2,06-02-01-01-06.wav,train
speaker_independent,2,06-02-01-01-08.wav,train
speaker_independent,2,06-02-01-01-09.wav,train
speaker_independent,2,06-02-01-01-10.wav,train
speaker_independent,2,06-02-01-01-11.wav,train
speaker_independent,2,06-02-01-01-13.wav,train
speaker_independent,2,06-02-01-01-14.wav,train
speaker_independent,2,06-02-01-01-15.wav,train
speaker_independent,2,06-02-01-01-16.wav,train
speaker_independent,2,06-02-01-01-18.wav,train
speaker_independent,2,06-02-01-01-19.wav,train
speaker_independent,2,06-02-01-01-20.wav,train
speaker_independent,2,06-02-01-01-21.wav,train
speaker_independent,2,06-02-01-01-23.wav,train
speaker_independent,2,06-02-01-01-24.wav,train
speaker_independent,2,06-02-01-02-01.wav,train
speaker_independent,2,06-02-01-02-03.wav,train
speaker_independent,2,06-02-01-02-04.wav,train
speaker_independent,2,06-02-01-02-05.wav,train
speaker_independent,2,06-02-01-02-06.wav,train
speaker_independent,2,06-02-01-02-08.wav,train
speaker_independent,2,06-02-01-02-09.wav,train
speaker_independent,2,06-02-01-02-10.wav,train
speaker_independent,2,06-02-01-02-11.wav,train
speaker_independent,2,06-02-01-02-13.wav,train
speaker_independent,2,06-02-01-02-14.wav,train
speaker_independent,2,06-02-01-02-15.wav,train
speaker_independent,2,06-02-01-02-16.wav,train
speaker_independent,2,06-02-01-02-18.wav,train
speaker_independent,2,06-02-01-02-19.wav,train
speaker_independent,2,06-02-01-02-20.wav,train
speaker_independent,2,06-02-01-02-21.wav,train
speaker_independent,2,06-02-01-02-23.wav,train
speaker_independent,2,06-02-01-02-24.wav,train
speaker_independent,2,06-02-02-01-01.wav,train
speaker_independent,2,06-02-02-01-03.wav,train
speaker_independent,2,06-02-02-01-04.wav,train
speaker_independent,2,06-02-02-01-05.wav,train
speaker_independent,2,06-02-02-01-06.wav,train
speaker_independent,2,06-02-02-01-08.wav,train
speaker_independent,2,06-02-02-01-09.wav,train
speaker_independent,2,06-02-02-01-10.wav,train
speaker_independent,2,06-02-02-01-11.wav,train
speaker_independent,2,06-02-02-01-13.wav,train
speaker_independent,2,06-02-02-01-14.wav,train
speaker_independent,2,06-02-02-01-15.wav,train
speaker_independent,2,06-02-02-01-16.wav,train
speaker_independent,2,06-02-02-01-18.wav,train
speaker_independent,2,06-02-02-01-19.wav,train
speaker_independent,2,06-02-02-01-20.wav,train
speaker_independent,2,06-02-02-01-21.wav,train
speaker_independent,2,06-02-02-01-23.wav,train
speaker_independent,2,06-02-02-01-24.wav,train
speaker_independent,2,06-02-02-02-01.wav,train
speaker_independent,2,06-02-02-02-03.wav,train
speaker_independent,2,06-02-02-02-04.wav,train
speaker_independent,2,06-02-02-02-05.wav,train
speaker_independent,2,06-02-02-02-06.wav,train
speaker_independent,2,06-02-02-02-08.wav,train
speaker_independent,2,06-02-02-02-09.wav,train
speaker_independent,2,06-02-02-02-10.wav,train
speaker_independent,2,06-02-02-02-11.wav,train
speaker_independent,2,06-02-02-02-13.wav,train
speaker_independent,2,06-02-02-02-14.wav,train
speaker_independent,2,06-02-02-02-15.wav,train
speaker_independent,2,06-02-02-02-16.wav,train
speaker_independent,2,06-02-02-02-18.wav,train
speaker_independent,2,06-02-02-02-19.wav,train
speaker_independent,2,06-02-02-02-20.wav,train
speaker_independent,2,06-02-02-02-21.wav,train
speaker_independent,2,06-02-02-02-23.wav,train
speaker_independent,2,06-02-02-02-24.wav,train
speaker_independent,2,07-01-01-01-01.wav,train
speaker_independent,2,07-01-01-01-03.wav,train
speaker_independent,2,07-01-01-01-04.wav,train
speaker_independent,2,07-01-01-01-05.wav,train
speaker_independent,2,07-01-01-01-06.wav,train
speaker_independent,2,07-01-01-01-08.wav,train
speaker_independent,2,07-01-01-01-09.wav,train
speaker_independent,2,07-01-01-01-10.wav,train
speaker_independent,2,07-01-01-01-11.wav,train
speaker_independent,2,07-01-01-01-13.wav,train
speaker_independent,2,07-01-01-01-14.wav,train
speaker_independent,2,07-01-01-01-15.wav,train
speaker_independent,2,07-01-01-01-16.wav,train
speaker_independent,2,07-01-01-01-18.wav,train
speaker_independent,2,07-01-01-01-19.wav,train
speaker_independent,2,07-01-01-01-20.wav,train
speaker_independent,2,07-01-01-01-21.wav,train
speaker_independent,2,07-01-01-01-23.wav,train
speaker_independent,2,07-01-01-01-24.wav,train
speaker_independent,2,07-01-01-02-01.wav,train
speaker_independent,2,07-01-01-02-03.wav,train
speaker_independent,2,07-01-01-02-04.wav,train
speaker_independent,2,07-01-01-02-05.wav,train
speaker_independent,2,07-01-01-02-06.wav,train
speaker_independent,2,07-01-01-02-08.wav,train
speaker_independent,2,07-01-01-02-09.wav,train
speaker_independent,2,07-01-01-02-10.wav,train
speaker_independent,2,07-01-01-02-11.wav,train
speaker_independent,2,07-01-01-02-13.wav,train
speaker_independent,2,07-01-01-02-14.wav,train
speaker_independent,2,07-01-01-02-15.wav,train
speaker_independent,2,07-01-01-02-16.wav,train
speaker_independent,2,07-01-01-02-18.wav,train
speaker_independent,2,07-01-01-02-19.wav,train
speaker_independent,2,07-01-01-02-20.wav,train
speaker_independent,2,07-01-01-02-21.wav,train
speaker_independent,2,07-01-01-02-23.wav,train
speaker_independent,2,07-01-01-02-24.wav,train
speaker_independent,2,07-01-02-01-01.wav,train
speaker_independent,2,07-01-02-01-03.wav,train
speaker_independent,2,07-01-02-01-04.wav,train
speaker_independent,2,07-01-02-01-05.wav,train
speaker_independent,2,07-01-02-01-06.wav,train
speaker_independent,2,07-01-02-01-08.wav,train
speaker_independent,2,07-01-02-01-09.wav,train
speaker_independent,2,07-01-02-01-10.wav,train
speaker_independent,2,07-01-02-01-11.wav,train
speaker_independent,2,07-01-02-01-13.wav,train
speaker_independent,2,07-01-02-01-14.wav,train
speaker_independent,2,07-01-02-01-15.wav,train
speaker_independent,2,07-01-02-01-16.wav,train
speaker_independent,2,07-01-02-01-18.wav,train
speaker_independent,2,07-01-02-01-19.wav,train
speaker_independent,2,07-01-02-01-20.wav,train
speaker_independent,2,07-01-02-01-21.wav,train
speaker_independent,2,07-01-02-01-23.wav,train
speaker_independent,2,07-01-02-01-24.wav,train
speaker_independent,2,07-01-02-02-01.wav,train
speaker_independent,2,07-01-02-02-03.wav,train
speaker_independent,2,07-01-02-02-04.wav,train
speaker_independent,2,07-01-02-02-05.wav,train
speaker_independent,2,07-01-02-02-06.wav,train
speaker_independent,2,07-01-02-02-08.wav,train
speaker_independent,2,07-01-02-02-09.wav,train
speaker_independent,2,07-01-02-02-10.wav,train
speaker_independent,2,07-01-02-02-11.wav,train
speaker_independent,2,07-01-02-02-13.wav,train
speaker_independent,2,07-01-02-02-14.wav,train
speaker_independent,2,07-01-02-02-15.wav,train
speaker_independent,2,07-01-02-02-16.wav,train
speaker_independent,2,07-01-02-02-18.wav,train
speaker_independent,2,07-01-02-02-19.wav,train
speaker_independent,2,07-01-02-02-20.wav,train
speaker_independent,2,07-01-02-02-21.wav,train
speaker_independent,2,07-01-02-02-23.wav,train
speaker_independent,2,07-01-02-02-24.wav,train
speaker_independent,2,07-02-01-01-01.wav,train
speaker_independent,2,07-02-01-01-03.wav,train
speaker_independent,2,07-02-01-01-04.wav,train
speaker_independent,2,07-02-01-01-05.wav,train
speaker_independent,2,07-02-01-01-06.wav,train
speaker_independent,2,07-02-01-01-08.wav,train
speaker_independent,2,07-02-01-01-09.wav,train
speaker_independent,2,07-02-01-01-10.wav,train
speaker_independent,2,07-02-01-01-11.wav,train
speaker_independent,2,07-02-01-01-13.wav,train
speaker_independent,2,07-02-01-01-14.wav,train
speaker_independent,2,07-02-01-01-15.wav,train
speaker_independent,2,07-02-01-01-16.wav,train
speaker_independent,2,07-02-01-01-18.wav,train
speaker_independent,2,07-02-01-01-19.wav,train
speaker_independent,2,07-02-01-01-20.wav,train
speaker_independent,2,07-02-01-01-21.wav,train
speaker_independent,2,07-02-01-01-23.wav,train
speaker_independent,2,07-02-01-01-24.wav,train
speaker_independent,2,07-02-01-02-01.wav,train
speaker_independent,2,07-02-01-02-03.wav,train
speaker_independent,2,07-02-01-02-04.wav,train
speaker_independent,2,07-02-01-02-05.wav,train
speaker_independent,2,07-02-01-02-06.wav,train
speaker_independent,2,07-02-01-02-08.wav,train
speaker_independent,2,07-02-01-02-09.wav,train
speaker_independent,2,07-02-01-02-10.wav,train
speaker_independent,2,07-02-01-02-11.wav,train
speaker_independent,2,07-02-01-02-13.wav,train
speaker_independent,2,07-02-01-02-14.wav,train
speaker_independent,2,07-02-01-02-15.wav,train
speaker_independent,2,07-02-01-02-16.wav,train
speaker_independent,2,07-02-01-02-18.wav,train
speaker_independent,2,07-02-01-02-19.wav,train
speaker_independent,2,07-02-01-02-20.wav,train
speaker_independent,2,07-02-01-02-21.wav,train
speaker_independent,2,07-02-01-02-23.wav,train
speaker_independent,2,07-02-01-02-24.wav,train
speaker_independent,2,07-02-02-01-01.wav,train
speaker_independent,2,07-02-02-01-03.wav,train
speaker_independent,2,07-02-02-01-04.wav,train
speaker_independent,2,07-02-02-01-05.wav,train
speaker_independent,2,07-02-02-01-06.wav,train
speaker_independent,2,07-02-02-01-08.wav,train
speaker_independent,2,07-02-02-01-09.wav,train
speaker_independent,2,07-02-02-01-10.wav,train
speaker_independent,2,07-02-02-01-11.wav,train
speaker_independent,2,07-02-02-01-13.wav,train
speaker_independent,2,07-02-02-01-14.wav,train
speaker_independent,2,07-02-02-01-15.wav,train
speaker_independent,2,07-02-02-01-16.wav,train
speaker_independent,2,07-02-02-01-18.wav,train
speaker_independent,2,07-02-02-01-19.wav,train
speaker_independent,2,07-02-02-01-20.wav,train
speaker_independent,2,07-02-02-01-21.wav,train
speaker_independent,2,07-02-02-01-23.wav,train
speaker_independent,2,07-02-02-01-24.wav,train
speaker_independent,2,07-02-02-02-01.wav,train
speaker_independent,2,07-02-02-02-03.wav,train
speaker_independent,2,07-02-02-02-04.wav,train
speaker_independent,2,07-02-02-02-05.wav,train
speaker_independent,2,07-02-02-02-06.wav,train
speaker_independent,2,07-02-02-02-08.wav,train
speaker_independent,2,07-02-02-02-09.wav,train
speaker_independent,2,07-02-02-02-10.wav,train
speaker_independent,2,07-02-02-02-11.wav,train
speaker_independent,2,07-02-02-02-13.wav,train
speaker_independent,2,07-02-02-02-14.wav,train
speaker_independent,2,07-02-02-02-15.wav,train
speaker_independent,2,07-02-02-02-16.wav,train
speaker_independent,2,07-02-02-02-18.wav,train
speaker_independent,2,07-02-02-02-19.wav,train
speaker_independent,2,07-02-02-02-20.wav,train
speaker_independent,2,07-02-02-02-21.wav,train
speaker_independent,2,07-02-02-02-23.wav,train
speaker_independent,2,07-02-02-02-24.wav,train
speaker_independent,2,08-01-01-01-01.wav,train
speaker_independent,2,08-01-01-01-03.wav,train
speaker_independent,2,08-01-01-01-04.wav,train
speaker_independent,2,08-01-01-01-05.wav,train
speaker_independent,2,08-01-01-01-06.wav,train
speaker_independent,2,08-01-01-01-08.wav,train
speaker_independent,2,08-01-01-01-09.wav,train
speaker_independent,2,08-01-01-01-10.wav,train
speaker_independent,2,08-01-01-01-11.wav,train
speaker_independent,2,08-01-01-01-13.wav,train
speaker_independent,2,08-01-01-01-14.wav,train
speaker_independent,2,08-01-01-01-15.wav,train
speaker_independent,2,08-01-01-01-16.wav,train
speaker_independent,2,08-01-01-01-18.wav,train
speaker_independent,2,08-01-01-01-19.wav,train
speaker_independent,2,08-01-01-01-20.wav,train
speaker_independent,2,08-01-01-01-21.wav,train
speaker_independent,2,08-01-01-01-23.wav,train
speaker_independent,2,08-01-01-01-24.wav,train
speaker_independent,2,08-01-01-02-01.wav,train
speaker_independent,2,08-01-01-02-03.wav,train
speaker_independent,2,08-01-01-02-04.wav,train
speaker_independent,2,08-01-01-02-05.wav,train
speaker_independent,2,08-01-01-02-06.wav,train
speaker_independent,2,08-01-01-02-08.wav,train
speaker_independent,2,08-01-01-02-09.wav,train
speaker_independent,2,08-01-01-02-10.wav,train
speaker_independent,2,08-01-01-02-11.wav,train
speaker_independent,2,08-01-01-02-13.wav,train
speaker_independent,2,08-01-01-02-14.wav,train
speaker_independent,2,08-01-01-02-15.wav,train
speaker_independent,2,08-01-01-02-16.wav,train
speaker_independent,2,08-01-01-02-18.wav,train
speaker_independent,2,08-01-01-02-19.wav,train
speaker_independent,2,08-01-01-02-20.wav,train
speaker_independent,2,08-01-01-02-21.wav,train
speaker_independent,2,08-01-01-02-23.wav,train
speaker_independent,2,08-01-01-02-24.wav,train
speaker_independent,2,08-01-02-01-01.wav,train
speaker_independent,2,08-01-02-01-03.wav,train
speaker_independent,2,08-01-02-01-04.wav,train
speaker_independent,2,08-01-02-01-05.wav,train
speaker_independent,2,08-01-02-01-06.wav,train
speaker_independent,2,08-01-02-01-08.wav,train
speaker_independent,2,08-01-02-01-09.wav,train
speaker_independent,2,08-01-02-01-10.wav,train
speaker_independent,2,08-01-02-01-11.wav,train
speaker_independent,2,08-01-02-01-13.wav,train
speaker_independent,2,08-01-02-01-14.wav,train
speaker_independent,2,08-01-02-01-15.wav,train
speaker_independent,2,08-01-02-01-16.wav,train
speaker_independent,2,08-01-02-01-18.wav,train
speaker_independent,2,08-01-02-01-19.wav,train
speaker_independent,2,08-01-02-01-20.wav,train
speaker_independent,2,08-01-02-01-21.wav,train
speaker_independent,2,08-01-02-01-23.wav,train
speaker_independent,2,08-01-02-01-24.wav,train
speaker_independent,2,08-01-02-02-01.wav,train
speaker_independent,2,08-01-02-02-03.wav,train
speaker_independent,2,08-01-02-02-04.wav,train
speaker_independent,2,08-01-02-02-05.wav,train
speaker_independent,2,08-01-02-02-06.wav,train
speaker_independent,2,08-01-02-02-08.wav,train
speaker_independent,2,08-01-02-02-09.wav,train
speaker_independent,2,08-01-02-02-10.wav,train
speaker_independent,2,08-01-02-02-11.wav,train
speaker_independent,2,08-01-02-02-13.wav,train
speaker_independent,2,08-01-02-02-14.wav,train
speaker_independent,2,08-01-02-02-15.wav,train
speaker_independent,2,08-01-02-02-16.wav,train
speaker_independent,2,08-01-02-02-18.wav,train
speaker_independent,2,08-01-02-02-19.wav,train
speaker_independent,2,08-01-02-02-20.wav,train
speaker_independent,2,08-01-02-02-21.wav,train
speaker_independent,2,08-01-02-02-23.wav,train
speaker_independent,2,08-01-02-02-24.wav,train
speaker_independent,2,08-02-01-01-01.wav,train
speaker_independent,2,08-02-01-01-03.wav,train
speaker_independent,2,08-02-01-01-04.wav,train
speaker_independent,2,08-02-01-01-05.wav,train
speaker_independent,2,08-02-01-01-06.wav,train
speaker_independent,2,08-02-01-01-08.wav,train
speaker_independent,2,08-02-01-01-09.wav,train
speaker_independent,2,08-02-01-01-10.wav,train
speaker_independent,2,08-02-01-01-11.wav,train
speaker_independent,2,08-02-01-01-13.wav,train
speaker_independent,2,08-02-01-01-14.wav,train
speaker_independent,2,08-02-01-01-15.wav,train
speaker_independent,2,08-02-01-01-16.wav,train
speaker_independent,2,08-02-01-01-18.wav,train
speaker_independent,2,08-02-01-01-19.wav,train
speaker_independent,2,08-02-01-01-20.wav,train
speaker_independent,2,08-02-01-01-21.wav,train
speaker_independent,2,08-02-01-01-23.wav,train
speaker_independent,2,08-02-01-01-24.wav,train
speaker_independent,2,08-02-01-02-01.wav,train
speaker_independent,2,08-02-01-02-03.wav,train
speaker_independent,2,08-02-01-02-04.wav,train
speaker_independent,2,08-02-01-02-05.wav,train
speaker_independent,2,08-02-01-02-06.wav,train
speaker_independent,2,08-02-01-02-08.wav,train
speaker_independent,2,08-02-01-02-09.wav,train
speaker_independent,2,08-02-01-02-10.wav,train
speaker_independent,2,08-02-01-02-11.wav,train
speaker_independent,2,08-02-01-02-13.wav,train
speaker_independent,2,08-02-01-02-14.wav,train
speaker_independent,2,08-02-01-02-15.wav,train
speaker_independent,2,08-02-01-02-16.wav,train
speaker_independent,2,08-02-01-02-18.wav,train
speaker_independent,2,08-02-01-02-19.wav,train
speaker_independent,2,08-02-01-02-20.wav,train
speaker_independent,2,08-02-01-02-21.wav,train
speaker_independent,2,08-02-01-02-23.wav,train
speaker_independent,2,08-02-01-02-24.wav,train
speaker_independent,2,08-02-02-01-01.wav,train
speaker_independent,2,08-02-02-01-03.wav,train
speaker_independent,2,08-02-02-01-04.wav,train
speaker_independent,2,08-02-02-01-05.wav,train
speaker_independent,2,08-02-02-01-06.wav,train
speaker_independent,2,08-02-02-01-08.wav,train
speaker_independent,2,08-02-02-01-09.wav,train
speaker_independent,2,08-02-02-01-10.wav,train
speaker_independent,2,08-02-02-01-11.wav,train
speaker_independent,2,08-02-02-01-13.wav,train
speaker_independent,2,08-02-02-01-14.wav,train
speaker_independent,2,08-02-02-01-15.wav,train
speaker_independent,2,08-02-02-01-16.wav,train
speaker_independent,2,08-02-02-01-18.wav,train
speaker_independent,2,08-02-02-01-19.wav,train
speaker_independent,2,08-02-02-01-20.wav,train
speaker_independent,2,08-02-02-01-21.wav,train
speaker_independent,2,08-02-02-01-23.wav,train
speaker_independent,2,08-02-02-01-24.wav,train
speaker_independent,2,08-02-02-02-01.wav,train
speaker_independent,2,08-02-02-02-03.wav,train
speaker_independent,2,08-02-02-02-04.wav,train
speaker_independent,2,08-02-02-02-05.wav,train
speaker_independent,2,08-02-02-02-06.wav,train
speaker_independent,2,08-02-02-02-08.wav,train
speaker_independent,2,08-02-02-02-09.wav,train
speaker_independent,2,08-02-02-02-10.wav,train
speaker_independent,2,08-02-02-02-11.wav,train
speaker_independent,2,08-02-02-02-13.wav,train
speaker_independent,2,08-02-02-02-14.wav,train
speaker_independent,2,08-02-02-02-15.wav,train
speaker_independent,2,08-02-02-02-16.wav,train
speaker_independent,2,08-02-02-02-18.wav,train
speaker_independent,2,08-02-02-02-19.wav,train
speaker_independent,2,08-02-02-02-20.wav,train
speaker_independent,2,08-02-02-02-21.wav,train
speaker_independent,2,08-02-02-02-23.wav,train
speaker_independent,2,08-02-02-02-24.wav,train
speaker_independent,3,01-01-01-01-01.wav,test
speaker_independent,3,01-01-01-01-06.wav,test
speaker_independent,3,01-01-01-01-11.wav,test
speaker_independent,3,01-01-01-01-16.wav,test
speaker_independent,3,01-01-01-01-21.wav,test
speaker_independent,3,01-01-01-02-01.wav,test
speaker_independent,3,01-01-01-02-06.wav,test
speaker_independent,3,01-01-01-02-11.wav,test
speaker_independent,3,01-01-01-02-16.wav,test
speaker_independent,3,01-01-01-02-21.wav,test
speaker_independent,3,01-01-02-01-01.wav,test
speaker_independent,3,01-01-02-01-06.wav,test
speaker_independent,3,01-01-02-01-11.wav,test
speaker_independent,3,01-01-02-01-16.wav,test
speaker_independent,3,01-01-02-01-21.wav,test
speaker_independent,3,01-01-02-02-01.wav,test
speaker_independent,3,01-01-02-02-06.wav,test
speaker_independent,3,01-01-02-02-11.wav,test
speaker_independent,3,01-01-02-02-16.wav,test
speaker_independent,3,01-01-02-02-21.wav,test
speaker_independent,3,02-01-01-01-01.wav,test
speaker_independent,3,02-01-01-01-06.wav,test
speaker_independent,3,02-01-01-01-11.wav,test
speaker_independent,3,02-01-01-01-16.wav,test
speaker_independent,3,02-01-01-01-21.wav,test
speaker_independent,3,02-01-01-02-01.wav,test
speaker_independent,3,02-01-01-02-06.wav,test
speaker_independent,3,02-01-01-02-11.wav,test
speaker_independent,3,02-01-01-02-16.wav,test
speaker_independent,3,02-01-01-02-21.wav,test
speaker_independent,3,02-01-02-01-01.wav,test
speaker_independent,3,02-01-02-01-06.wav,test
speaker_independent,3,02-01-02-01-11.wav,test
speaker_independent,3,02-01-02-01-16.wav,test
speaker_independent,3,02-01-02-01-21.wav,test
speaker_independent,3,02-01-02-02-01.wav,test
speaker_independent,3,02-01-02-02-06.wav,test
speaker_independent,3,02-01-02-02-11.wav,test
speaker_independent,3,02-01-02-02-16.wav,test
speaker_independent,3,02-01-02-02-21.wav,test
speaker_independent,3,02-02-01-01-01.wav,test
speaker_independent,3,02-02-01-01-06.wav,test
speaker_independent,3,02-02-01-01-11.wav,test
speaker_independent,3,02-02-01-01-16.wav,test
speaker_independent,3,02-02-01-01-21.wav,test
speaker_independent,3,02-02-01-02-01.wav,test
speaker_independent,3,02-02-01-02-06.wav,test
speaker_independent,3,02-02-01-02-11.wav,test
speaker_independent,3,02-02-01-02-16.wav,test
speaker_independent,3,02-02-01-02-21.wav,test
speaker_independent,3,02-02-02-01-01.wav,test
speaker_independent,3,02-02-02-01-06.wav,test
speaker_independent,3,02-02-02-01-11.wav,test
speaker_independent,3,02-02-02-01-16.wav,test
speaker_independent,3,02-02-02-01-21.wav,test
speaker_independent,3,02-02-02-02-01.wav,test
speaker_independent,3,02-02-02-02-06.wav,test
speaker_independent,3,02-02-02-02-11.wav,test
speaker_independent,3,02-02-02-02-16.wav,test
speaker_independent,3,02-02-02-02-21.wav,test
speaker_independent,3,03-01-01-01-01.wav,test
speaker_independent,3,03-01-01-01-06.wav,test
speaker_independent,3,03-01-01-01-11.wav,test
speaker_independent,3,03-01-01-01-16.wav,test
speaker_independent,3,03-01-01-01-21.wav,test
speaker_independent,3,03-01-01-02-01.wav,test
speaker_independent,3,03-01-01-02-06.wav,test
speaker_independent,3,03-01-01-02-11.wav,test
speaker_independent,3,03-01-01-02-16.wav,test
speaker_independent,3,03-01-01-02-21.wav,test
speaker_independent,3,03-01-02-01-01.wav,test
speaker_independent,3,03-01-02-01-06.wav,test
speaker_independent,3,03-01-02-01-11.wav,test
speaker_independent,3,03-01-02-01-16.wav,test
speaker_independent,3,03-01-02-01-21.wav,test
speaker_independent,3,03-01-02-02-01.wav,test
speaker_independent,3,03-01-02-02-06.wav,test
speaker_independent,3,03-01-02-02-11.wav,test
speaker_independent,3,03-01-02-02-16.wav,test
speaker_independent,3,03-01-02-02-21.wav,test
speaker_independent,3,03-02-01-01-01.wav,test
speaker_independent,3,03-02-01-01-06.wav,test
speaker_independent,3,03-02-01-01-11.wav,test
speaker_independent,3,03-02-01-01-16.wav,test
speaker_independent,3,03-02-01-01-21.wav,test
speaker_independent,3,03-02-01-02-01.wav,test
speaker_independent,3,03-02-01-02-06.wav,test
speaker_independent,3,03-02-01-02-11.wav,test
speaker_independent,3,03-02-01-02-16.wav,test
speaker_independent,3,03-02-01-02-21.wav,test
speaker_independent,3,03-02-02-01-01.wav,test
speaker_independent,3,03-02-02-01-06.wav,test
speaker_independent,3,03-02-02-01-11.wav,test
speaker_independent,3,03-02-02-01-16.wav,test
speaker_independent,3,03-02-02-01-21.wav,test
speaker_independent,3,03-02-02-02-01.wav,test
speaker_independent,3,03-02-02-02-06.wav,test
speaker_independent,3,03-02-02-02-11.wav,test
speaker_independent,3,03-02-02-02-16.wav,test
speaker_independent,3,03-02-02-02-21.wav,test
speaker_independent,3,04-01-01-01-01.wav,test
speaker_independent,3,04-01-01-01-06.wav,test
speaker_independent,3,04-01-01-01-11.wav,test
speaker_independent,3,04-01-01-01-16.wav,test
speaker_independent,3,04-01-01-01-21.wav,test
speaker_independent,3,04-01-01-02-01.wav,test
speaker_independent,3,04-01-01-02-06.wav,test
speaker_independent,3,04-01-01-02-11.wav,test
speaker_independent,3,04-01-01-02-16.wav,test
speaker_independent,3,04-01-01-02-21.wav,test
speaker_independent,3,04-01-02-01-01.wav,test
speaker_independent,3,04-01-02-01-06.wav,test
speaker_independent,3,04-01-02-01-11.wav,test
speaker_independent,3,04-01-02-01-16.wav,test
speaker_independent,3,04-01-02-01-21.wav,test
speaker_independent,3,04-01-02-02-01.wav,test
speaker_independent,3,04-01-02-02-06.wav,test
speaker_independent,3,04-01-02-02-11.wav,test
speaker_independent,3,04-01-02-02-16.wav,test
speaker_independent,3,04-01-02-02-21.wav,test
speaker_independent,3,04-02-01-01-01.wav,test
speaker_independent,3,04-02-01-01-06.wav,test
speaker_independent,3,04-02-01-01-11.wav,test
speaker_independent,3,04-02-01-01-16.wav,test
speaker_independent,3,04-02-01-01-21.wav,test
speaker_independent,3,04-02-01-02-01.wav,test
speaker_independent,3,04-02-01-02-06.wav,test
speaker_independent,3,04-02-01-02-11.wav,test
speaker_independent,3,04-02-01-02-16.wav,test
speaker_independent,3,04-02-01-02-21.wav,test
speaker_independent,3,04-02-02-01-01.wav,test
speaker_independent,3,04-02-02-01-06.wav,test
speaker_independent,3,04-02-02-01-11.wav,test
speaker_independent,3,04-02-02-01-16.wav,test
speaker_independent,3,04-02-02-01-21.wav,test
speaker_independent,3,04-02-02-02-01.wav,test
speaker_independent,3,04-02-02-02-06.wav,test
speaker_independent,3,04-02-02-02-11.wav,test
speaker_independent,3,04-02-02-02-16.wav,test
speaker_independent,3,04-02-02-02-21.wav,test
speaker_independent,3,05-01-01-01-01.wav,test
speaker_independent,3,05-01-01-01-06.wav,test
speaker_independent,3,05-01-01-01-11.wav,test
speaker_independent,3,05-01-01-01-16.wav,test
speaker_independent,3,05-01-01-01-21.wav,test
speaker_independent,3,05-01-01-02-01.wav,test
speaker_independent,3,05-01-01-02-06.wav,test
speaker_independent,3,05-01-01-02-11.wav,test
speaker_independent,3,05-01-01-02-16.wav,test
speaker_independent,3,05-01-01-02-21.wav,test
speaker_independent,3,05-01-02-01-01.wav,test
speaker_independent,3,05-01-02-01-06.wav,test
speaker_independent,3,05-01-02-01-11.wav,test
speaker_independent,3,05-01-02-01-16.wav,test
speaker_independent,3,05-01-02-01-21.wav,test
speaker_independent,3,05-01-02-02-01.wav,test
speaker_independent,3,05-01-02-02-06.wav,test
speaker_independent,3,05-01-02-02-11.wav,test
speaker_independent,3,05-01-02-02-16.wav,test
speaker_independent,3,05-01-02-02-21.wav,test
speaker_independent,3,05-02-01-01-01.wav,test
speaker_independent,3,05-02-01-01-06.wav,test
speaker_independent,3,05-02-01-01-11.wav,test
speaker_independent,3,05-02-01-01-16.wav,test
speaker_independent,3,05-02-01-01-21.wav,test
speaker_independent,3,05-02-01-02-01.wav,test
speaker_independent,3,05-02-01-02-06.wav,test
speaker_independent,3,05-02-01-02-11.wav,test
speaker_independent,3,05-02-01-02-16.wav,test
speaker_independent,3,05-02-01-02-21.wav,test
speaker_independent,3,05-02-02-01-01.wav,test
speaker_independent,3,05-02-02-01-06.wav,test
speaker_independent,3,05-02-02-01-11.wav,test
speaker_independent,3,05-02-02-01-16.wav,test
speaker_independent,3,05-02-02-01-21.wav,test
speaker_independent,3,05-02-02-02-01.wav,test
speaker_independent,3,05-02-02-02-06.wav,test
speaker_independent,3,05-02-02-02-11.wav,test
speaker_independent,3,05-02-02-02-16.wav,test
speaker_independent,3,05-02-02-02-21.wav,test
speaker_independent,3,06-01-01-01-01.wav,test
speaker_independent,3,06-01-01-01-06.wav,test
speaker_independent,3,06-01-01-01-11.wav,test
speaker_independent,3,06-01-01-01-16.wav,test
speaker_independent,3,06-01-01-01-21.wav,test
speaker_independent,3,06-01-01-02-01.wav,test
speaker_independent,3,06-01-01-02-06.wav,test
speaker_independent,3,06-01-01-02-11.wav,test
speaker_independent,3,06-01-01-02-16.wav,test
speaker_independent,3,06-01-01-02-21.wav,test
speaker_independent,3,06-01-02-01-01.wav,test
speaker_independent,3,06-01-02-01-06.wav,test
speaker_independent,3,06-01-02-01-11.wav,test
speaker_independent,3,06-01-02-01-16.wav,test
speaker_independent,3,06-01-02-01-21.wav,test
speaker_independent,3,06-01-02-02-01.wav,test
speaker_independent,3,06-01-02-02-06.wav,test
speaker_independent,3,06-01-02-02-11.wav,test
speaker_independent,3,06-01-02-02-16.wav,test
speaker_independent,3,06-01-02-02-21.wav,test
speaker_independent,3,06-02-01-01-01.wav,test
speaker_independent,3,06-02-01-01-06.wav,test
speaker_independent,3,06-02-01-01-11.wav,test
speaker_independent,3,06-02-01-01-16.wav,test
speaker_independent,3,06-02-01-01-21.wav,test
speaker_independent,3,06-02-01-02-01.wav,test
speaker_independent,3,06-02-01-02-06.wav,test
speaker_independent,3,06-02-01-02-11.wav,test
speaker_independent,3,06-02-01-02-16.wav,test
speaker_independent,3,06-02-01-02-21.wav,test
speaker_independent,3,06-02-02-01-01.wav,test
speaker_independent,3,06-02-02-01-06.wav,test
speaker_independent,3,06-02-02-01-11.wav,test
speaker_independent,3,06-02-02-01-16.wav,test
speaker_independent,3,06-02-02-01-21.wav,test
speaker_independent,3,06-02-02-02-01.wav,test
speaker_independent,3,06-02-02-02-06.wav,test
speaker_independent,3,06-02-02-02-11.wav,test
speaker_independent,3,06-02-02-02-16.wav,test
speaker_independent,3,06-02-02-02-21.wav,test
speaker_independent,3,07-01-01-01-01.wav,test
speaker_independent,3,07-01-01-01-06.wav,test
speaker_independent,3,07-01-01-01-11.wav,test
speaker_independent,3,07-01-01-01-16.wav,test
speaker_independent,3,07-01-01-01-21.wav,test
speaker_independent,3,07-01-01-02-01.wav,test
speaker_independent,3,07-01-01-02-06.wav,test
speaker_independent,3,07-01-01-02-11.wav,test
speaker_independent,3,07-01-01-02-16.wav,test
speaker_independent,3,07-01-01-02-21.wav,test
speaker_independent,3,07-01-02-01-01.wav,test
speaker_independent,3,07-01-02-01-06.wav,test
speaker_independent,3,07-01-02-01-11.wav,test
speaker_independent,3,07-01-02-01-16.wav,test
speaker_independent,3,07-01-02-01-21.wav,test
speaker_independent,3,07-01-02-02-01.wav,test
speaker_independent,3,07-01-02-02-06.wav,test
speaker_independent,3,07-01-02-02-11.wav,test
speaker_independent,3,07-01-02-02-16.wav,test
speaker_independent,3,07-01-02-02-21.wav,test
speaker_independent,3,07-02-01-01-01.wav,test
speaker_independent,3,07-02-01-01-06.wav,test
speaker_independent,3,07-02-01-01-11.wav,test
speaker_independent,3,07-02-01-01-16.wav,test
speaker_independent,3,07-02-01-01-21.wav,test
speaker_independent,3,07-02-01-02-01.wav,test
speaker_independent,3,07-02-01-02-06.wav,test
speaker_independent,3,07-02-01-02-11.wav,test
speaker_independent,3,07-02-01-02-16.wav,test
speaker_independent,3,07-02-01-02-21.wav,test
speaker_independent,3,07-02-02-01-01.wav,test
speaker_independent,3,07-02-02-01-06.wav,test
speaker_independent,3,07-02-02-01-11.wav,test
speaker_independent,3,07-02-02-01-16.wav,test
speaker_independent,3,07-02-02-01-21.wav,test
speaker_independent,3,07-02-02-02-01.wav,test
speaker_independent,3,07-02-02-02-06.wav,test
speaker_independent,3,07-02-02-02-11.wav,test
speaker_independent,3,07-02-02-02-16.wav,test
speaker_independent,3,07-02-02-02-21.wav,test
speaker_independent,3,08-01-01-01-01.wav,test
speaker_independent,3,08-01-01-01-06.wav,test
speaker_independent,3,08-01-01-01-11.wav,test
speaker_independent,3,08-01-01-01-16.wav,test
speaker_independent,3,08-01-01-01-21.wav,test
speaker_independent,3,08-01-01-02-01.wav,test
speaker_independent,3,08-01-01-02-06.wav,test
speaker_independent,3,08-01-01-02-11.wav,test
speaker_independent,3,08-01-01-02-16.wav,test
speaker_independent,3,08-01-01-02-21.wav,test
speaker_independent,3,08-01-02-01-01.wav,test
speaker_independent,3,08-01-02-01-06.wav,test
speaker_independent,3,08-01-02-01-11.wav,test
speaker_independent,3,08-01-02-01-16.wav,test
speaker_independent,3,08-01-02-01-21.wav,test
speaker_independent,3,08-01-02-02-01.wav,test
speaker_independent,3,08-01-02-02-06.wav,test
speaker_independent,3,08-01-02-02-11.wav,test
speaker_independent,3,08-01-02-02-16.wav,test
speaker_independent,3,08-01-02-02-21.wav,test
speaker_independent,3,08-02-01-01-01.wav,test
speaker_independent,3,08-02-01-01-06.wav,test
speaker_independent,3,08-02-01-01-11.wav,test
speaker_independent,3,08-02-01-01-16.wav,test
speaker_independent,3,08-02-01-01-21.wav,test
speaker_independent,3,08-02-01-02-01.wav,test
speaker_independent,3,08-02-01-02-06.wav,test
speaker_independent,3,08-02-01-02-11.wav,test
speaker_independent,3,08-02-01-02-16.wav,test
speaker_independent,3,08-02-01-02-21.wav,test
speaker_independent,3,08-02-02-01-01.wav,test
speaker_independent,3,08-02-02-01-06.wav,test
speaker_independent,3,08-02-02-01-11.wav,test
speaker_independent,3,08-02-02-01-16.wav,test
speaker_independent,3,08-02-02-01-21.wav,test
speaker_independent,3,08-02-02-02-01.wav,test
speaker_independent,3,08-02-02-02-06.wav,test
speaker_independent,3,08-02-02-02-11.wav,test
speaker_independent,3,08-02-02-02-16.wav,test
speaker_independent,3,08-02-02-02-21.wav,test
speaker_independent,3,01-01-01-01-02.wav,train
speaker_independent,3,01-01-01-01-03.wav,train
speaker_independent,3,01-01-01-01-04.wav,train
speaker_independent,3,01-01-01-01-05.wav,train
speaker_independent,3,01-01-01-01-07.wav,train
speaker_independent,3,01-01-01-01-08.wav,train
speaker_independent,3,01-01-01-01-09.wav,train
speaker_independent,3,01-01-01-01-10.wav,train
speaker_independent,3,01-01-01-01-12.wav,train
speaker_independent,3,01-01-01-01-13.wav,train
speaker_independent,3,01-01-01-01-14.wav,train
speaker_independent,3,01-01-01-01-15.wav,train
speaker_independent,3,01-01-01-01-17.wav,train
speaker_independent,3,01-01-01-01-18.wav,train
speaker_independent,3,01-01-01-01-19.wav,train
speaker_independent,3,01-01-01-01-20.wav,train
speaker_independent,3,01-01-01-01-22.wav,train
speaker_independent,3,01-01-01-01-23.wav,train
speaker_independent,3,01-01-01-01-24.wav,train
speaker_independent,3,01-01-01-02-02.wav,train
speaker_independent,3,01-01-01-02-03.wav,train
speaker_independent,3,01-01-01-02-04.wav,train
speaker_independent,3,01-01-01-02-05.wav,train
speaker_independent,3,01-01-01-02-07.wav,train
speaker_independent,3,01-01-01-02-08.wav,train
speaker_independent,3,01-01-01-02-09.wav,train
speaker_independent,3,01-01-01-02-10.wav,train
speaker_independent,3,01-01-01-02-12.wav,train
speaker_independent,3,01-01-01-02-13.wav,train
speaker_independent,3,01-01-01-02-14.wav,train
speaker_independent,3,01-01-01-02-15.wav,train
speaker_independent,3,01-01-01-02-17.wav,train
speaker_independent,3,01-01-01-02-18.wav,train
speaker_independent,3,01-01-01-02-19.wav,train
speaker_independent,3,01-01-01-02-20.wav,train
speaker_independent,3,01-01-01-02-22.wav,train
speaker_independent,3,01-01-01-02-23.wav,train
speaker_independent,3,01-01-01-02-24.wav,train
speaker_independent,3,01-01-02-01-02.wav,train
speaker_independent,3,01-01-02-01-03.wav,train
speaker_independent,3,01-01-02-01-04.wav,train
speaker_independent,3,01-01-02-01-05.wav,train
speaker_independent,3,01-01-02-01-07.wav,train
speaker_independent,3,01-01-02-01-08.wav,train
speaker_independent,3,01-01-02-01-09.wav,train
speaker_independent,3,01-01-02-01-10.wav,train
speaker_independent,3,01-01-02-01-12.wav,train
speaker_independent,3,01-01-02-01-13.wav,train
speaker_independent,3,01-01-02-01-14.wav,train
speaker_independent,3,01-01-02-01-15.wav,train
speaker_independent,3,01-01-02-01-17.wav,train
speaker_independent,3,01-01-02-01-18.wav,train
speaker_independent,3,01-01-02-01-19.wav,train
speaker_independent,3,01-01-02-01-20.wav,train
speaker_independent,3,01-01-02-01-22.wav,train
speaker_independent,3,01-01-02-01-23.wav,train
speaker_independent,3,01-01-02-01-24.wav,train
speaker_independent,3,01-01-02-02-02.wav,train
speaker_independent,3,01-01-02-02-03.wav,train
speaker_independent,3,01-01-02-02-04.wav,train
speaker_independent,3,01-01-02-02-05.wav,train
speaker_independent,3,01-01-02-02-07.wav,train
speaker_independent,3,01-01-02-02-08.wav,train
speaker_independent,3,01-01-02-02-09.wav,train
speaker_independent,3,01-01-02-02-10.wav,train
speaker_independent,3,01-01-02-02-12.wav,train
speaker_independent,3,01-01-02-02-13.wav,train
speaker_independent,3,01-01-02-02-14.wav,train
speaker_independent,3,01-01-02-02-15.wav,train
speaker_independent,3,01-01-02-02-17.wav,train
speaker_independent,3,01-01-02-02-18.wav,train
speaker_independent,3,01-01-02-02-19.wav,train
speaker_independent,3,01-01-02-02-20.wav,train
speaker_independent,3,01-01-02-02-22.wav,train
speaker_independent,3,01-01-02-02-23.wav,train
speaker_independent,3,01-01-02-02-24.wav,train
speaker_independent,3,02-01-01-01-02.wav,train
speaker_independent,3,02-01-01-01-03.wav,train
speaker_independent,3,02-01-01-01-04.wav,train
speaker_independent,3,02-01-01-01-05.wav,train
speaker_independent,3,02-01-01-01-07.wav,train
speaker_independent,3,02-01-01-01-08.wav,train
speaker_independent,3,02-01-01-01-09.wav,train
speaker_independent,3,02-01-01-01-10.wav,train
speaker_independent,3,02-01-01-01-12.wav,train
speaker_independent,3,02-01-01-01-13.wav,train
speaker_independent,3,02-01-01-01-14.wav,train
speaker_independent,3,02-01-01-01-15.wav,train
speaker_independent,3,02-01-01-01-17.wav,train
speaker_independent,3,02-01-01-01-18.wav,train
speaker_independent,3,02-01-01-01-19.wav,train
speaker_independent,3,02-01-01-01-20.wav,train
speaker_independent,3,02-01-01-01-22.wav,train
speaker_independent,3,02-01-01-01-23.wav,train
speaker_independent,3,02-01-01-01-24.wav,train
speaker_independent,3,02-01-01-02-02.wav,train
speaker_independent,3,02-01-01-02-03.wav,train
speaker_independent,3,02-01-01-02-04.wav,train
speaker_independent,3,02-01-01-02-05.wav,train
speaker_independent,3,02-01-01-02-07.wav,train
speaker_independent,3,02-01-01-02-08.wav,train
speaker_independent,3,02-01-01-02-09.wav,train
speaker_independent,3,02-01-01-02-10.wav,train
speaker_independent,3,02-01-01-02-12.wav,train
speaker_independent,3,02-01-01-02-13.wav,train
speaker_independent,3,02-01-01-02-14.wav,train
speaker_independent,3,02-01-01-02-15.wav,train
speaker_independent,3,02-01-01-02-17.wav,train
speaker_independent,3,02-01-01-02-18.wav,train
speaker_independent,3,02-01-01-02-19.wav,train
speaker_independent,3,02-01-01-02-20.wav,train
speaker_independent,3,02-01-01-02-22.wav,train
speaker_independent,3,02-01-01-02-23.wav,train
speaker_independent,3,02-01-01-02-24.wav,train
speaker_independent,3,02-01-02-01-02.wav,train
speaker_independent,3,02-01-02-01-03.wav,train
speaker_independent,3,02-01-02-01-04.wav,train
speaker_independent,3,02-01-02-01-05.wav,train
speaker_independent,3,02-01-02-01-07.wav,train
speaker_independent,3,02-01-02-01-08.wav,train
speaker_independent,3,02-01-02-01-09.wav,train
speaker_independent,3,02-01-02-01-10.wav,train
speaker_independent,3,02-01-02-01-12.wav,train
speaker_independent,3,02-01-02-01-13.wav,train
speaker_independent,3,02-01-02-01-14.wav,train
speaker_independent,3,02-01-02-01-15.wav,train
speaker_independent,3,02-01-02-01-17.wav,train
speaker_independent,3,02-01-02-01-18.wav,train
speaker_independent,3,02-01-02-01-19.wav,train
speaker_independent,3,02-01-02-01-20.wav,train
speaker_independent,3,02-01-02-01-22.wav,train
speaker_independent,3,02-01-02-01-23.wav,train
speaker_independent,3,02-01-02-01-24.wav,train
speaker_independent,3,02-01-02-02-02.wav,train
speaker_independent,3,02-01-02-02-03.wav,train
speaker_independent,3,02-01-02-02-04.wav,train
speaker_independent,3,02-01-02-02-05.wav,train
speaker_independent,3,02-01-02-02-07.wav,train
speaker_independent,3,02-01-02-02-08.wav,train
speaker_independent,3,02-01-02-02-09.wav,train
speaker_independent,3,02-01-02-02-10.wav,train
speaker_independent,3,02-01-02-02-12.wav,train
speaker_independent,3,02-01-02-02-13.wav,train
speaker_independent,3,02-01-02-02-14.wav,train
speaker_independent,3,02-01-02-02-15.wav,train
speaker_independent,3,02-01-02-02-17.wav,train
speaker_independent,3,02-01-02-02-18.wav,train
speaker_independent,3,02-01-02-02-19.wav,train
speaker_independent,3,02-01-02-02-20.wav,train
speaker_independent,3,02-01-02-02-22.wav,train
speaker_independent,3,02-01-02-02-23.wav,train
speaker_independent,3,02-01-02-02-24.wav,train
speaker_independent,3,02-02-01-01-02.wav,train
speaker_independent,3,02-02-01-01-03.wav,train
speaker_independent,3,02-02-01-01-04.wav,train
speaker_independent,3,02-02-01-01-05.wav,train
speaker_independent,3,02-02-01-01-07.wav,train
speaker_independent,3,02-02-01-01-08.wav,train
speaker_independent,3,02-02-01-01-09.wav,train
speaker_independent,3,02-02-01-01-10.wav,train
speaker_independent,3,02-02-01-01-12.wav,train
speaker_independent,3,02-02-01-01-13.wav,train
speaker_independent,3,02-02-01-01-14.wav,train
speaker_independent,3,02-02-01-01-15.wav,train
speaker_independent,3,02-02-01-01-17.wav,train
speaker_independent,3,02-02-01-01-18.wav,train
speaker_independent,3,02-02-01-01-19.wav,train
speaker_independent,3,02-02-01-01-20.wav,train
speaker_independent,3,02-02-01-01-22.wav,train
speaker_independent,3,02-02-01-01-23.wav,train
speaker_independent,3,02-02-01-01-24.wav,train
speaker_independent,3,02-02-01-02-02.wav,train
speaker_independent,3,02-02-01-02-03.wav,train
speaker_independent,3,02-02-01-02-04.wav,train
speaker_independent,3,02-02-01-02-05.wav,train
speaker_independent,3,02-02-01-02-07.wav,train
speaker_independent,3,02-02-01-02-08.wav,train
speaker_independent,3,02-02-01-02-09.wav,train
speaker_independent,3,02-02-01-02-10.wav,train
speaker_independent,3,02-02-01-02-12.wav,train
speaker_independent,3,02-02-01-02-13.wav,train
speaker_independent,3,02-02-01-02-14.wav,train
speaker_independent,3,02-02-01-02-15.wav,train
speaker_independent,3,02-02-01-02-17.wav,train
speaker_independent,3,02-02-01-02-18.wav,train
speaker_independent,3,02-02-01-02-19.wav,train
speaker_independent,3,02-02-01-02-20.wav,train
speaker_independent,3,02-02-01-02-22.wav,train
speaker_independent,3,02-02-01-02-23.wav,train
speaker_independent,3,02-02-01-02-24.wav,train
speaker_independent,3,02-02-02-01-02.wav,train
speaker_independent,3,02-02-02-01-03.wav,train
speaker_independent,3,02-02-02-01-04.wav,train
speaker_independent,3,02-02-02-01-05.wav,train
speaker_independent,3,02-02-02-01-07.wav,train
speaker_independent,3,02-02-02-01-08.wav,train
speaker_independent,3,02-02-02-01-09.wav,train
speaker_independent,3,02-02-02-01-10.wav,train
speaker_independent,3,02-02-02-01-12.wav,train
speaker_independent,3,02-02-02-01-13.wav,train
speaker_independent,3,02-02-02-01-14.wav,train
speaker_independent,3,02-02-02-01-15.wav,train
speaker_independent,3,02-02-02-01-17.wav,train
speaker_independent,3,02-02-02-01-18.wav,train
speaker_independent,3,02-02-02-01-19.wav,train
speaker_independent,3,02-02-02-01-20.wav,train
speaker_independent,3,02-02-02-01-22.wav,train
speaker_independent,3,02-02-02-01-23.wav,train
speaker_independent,3,02-02-02-01-24.wav,train
speaker_independent,3,02-02-02-02-02.wav,train
speaker_independent,3,02-02-02-02-03.wav,train
speaker_independent,3,02-02-02-02-04.wav,train
speaker_independent,3,02-02-02-02-05.wav,train
speaker_independent,3,02-02-02-02-07.wav,train
speaker_independent,3,02-02-02-02-08.wav,train
speaker_independent,3,02-02-02-02-09.wav,train
speaker_independent,3,02-02-02-02-10.wav,train
speaker_independent,3,02-02-02-02-12.wav,train
speaker_independent,3,02-02-02-02-13.wav,train
speaker_independent,3,02-02-02-02-14.wav,train
speaker_independent,3,02-02-02-02-15.wav,train
speaker_independent,3,02-02-02-02-17.wav,train
speaker_independent,3,02-02-02-02-18.wav,train
speaker_independent,3,02-02-02-02-19.wav,train
speaker_independent,3,02-02-02-02-20.wav,train
speaker_independent,3,02-02-02-02-22.wav,train
speaker_independent,3,02-02-02-02-23.wav,train
speaker_independent,3,02-02-02-02-24.wav,train
speaker_independent,3,03-01-01-01-02.wav,train
speaker_independent,3,03-01-01-01-03.wav,train
speaker_independent,3,03-01-01-01-04.wav,train
speaker_independent,3,03-01-01-01-05.wav,train
speaker_independent,3,03-01-01-01-07.wav,train
speaker_independent,3,03-01-01-01-08.wav,train
speaker_independent,3,03-01-01-01-09.wav,train
speaker_independent,3,03-01-01-01-10.wav,train
speaker_independent,3,03-01-01-01-12.wav,train
speaker_independent,3,03-01-01-01-13.wav,train
speaker_independent,3,03-01-01-01-14.wav,train
speaker_independent,3,03-01-01-01-15.wav,train
speaker_independent,3,03-01-01-01-17.wav,train
speaker_independent,3,03-01-01-01-18.wav,train
speaker_independent,3,03-01-01-01-19.wav,train
speaker_independent,3,03-01-01-01-20.wav,train
speaker_independent,3,03-01-01-01-22.wav,train
speaker_independent,3,03-01-01-01-23.wav,train
speaker_independent,3,03-01-01-01-24.wav,train
speaker_independent,3,03-01-01-02-02.wav,train
speaker_independent,3,03-01-01-02-03.wav,train
speaker_independent,3,03-01-01-02-04.wav,train
speaker_independent,3,03-01-01-02-05.wav,train
speaker_independent,3,03-01-01-02-07.wav,train
speaker_independent,3,03-01-01-02-08.wav,train
speaker_independent,3,03-01-01-02-09.wav,train
speaker_independent,3,03-01-01-02-10.wav,train
speaker_independent,3,03-01-01-02-12.wav,train
speaker_independent,3,03-01-01-02-13.wav,train
speaker_independent,3,03-01-01-02-14.wav,train
speaker_independent,3,03-01-01-02-15.wav,train
speaker_independent,3,03-01-01-02-17.wav,train
speaker_independent,3,03-01-01-02-18.wav,train
speaker_independent,3,03-01-01-02-19.wav,train
speaker_independent,3,03-01-01-02-20.wav,train
speaker_independent,3,03-01-01-02-22.wav,train
speaker_independent,3,03-01-01-02-23.wav,train
speaker_independent,3,03-01-01-02-24.wav,train
speaker_independent,3,03-01-02-01-02.wav,train
speaker_independent,3,03-01-02-01-03.wav,train
speaker_independent,3,03-01-02-01-04.wav,train
speaker_independent,3,03-01-02-01-05.wav,train
speaker_independent,3,03-01-02-01-07.wav,train
speaker_independent,3,03-01-02-01-08.wav,train
speaker_independent,3,03-01-02-01-09.wav,train
speaker_independent,3,03-01-02-01-10.wav,train
speaker_independent,3,03-01-02-01-12.wav,train
speaker_independent,3,03-01-02-01-13.wav,train
speaker_independent,3,03-01-02-01-14.wav,train
speaker_independent,3,03-01-02-01-15.wav,train
speaker_independent,3,03-01-02-01-17.wav,train
speaker_independent,3,03-01-02-01-18.wav,train
speaker_independent,3,03-01-02-01-19.wav,train
speaker_independent,3,03-01-02-01-20.wav,train
speaker_independent,3,03-01-02-01-22.wav,train
speaker_independent,3,03-01-02-01-23.wav,train
speaker_independent,3,03-01-02-01-24.wav,train
speaker_independent,3,03-01-02-02-02.wav,train
speaker_independent,3,03-01-02-02-03.wav,train
speaker_independent,3,03-01-02-02-04.wav,train
speaker_independent,3,03-01-02-02-05.wav,train
speaker_independent,3,03-01-02-02-07.wav,train
speaker_independent,3,03-01-02-02-08.wav,train
speaker_independent,3,03-01-02-02-09.wav,train
speaker_independent,3,03-01-02-02-10.wav,train
speaker_independent,3,03-01-02-02-12.wav,train
speaker_independent,3,03-01-02-02-13.wav,train
speaker_independent,3,03-01-02-02-14.wav,train
speaker_independent,3,03-01-02-02-15.wav,train
speaker_independent,3,03-01-02-02-17.wav,train
speaker_independent,3,03-01-02-02-18.wav,train
speaker_independent,3,03-01-02-02-19.wav,train
speaker_independent,3,03-01-02-02-20.wav,train
speaker_independent,3,03-01-02-02-22.wav,train
speaker_independent,3,03-01-02-02-23.wav,train
speaker_independent,3,03-01-02-02-24.wav,train
speaker_independent,3,03-02-01-01-02.wav,train
speaker_independent,3,03-02-01-01-03.wav,train
speaker_independent,3,03-02-01-01-04.wav,train
speaker_independent,3,03-02-01-01-05.wav,train
speaker_independent,3,03-02-01-01-07.wav,train
speaker_independent,3,03-02-01-01-08.wav,train
speaker_independent,3,03-02-01-01-09.wav,train
speaker_independent,3,03-02-01-01-10.wav,train
speaker_independent,3,03-02-01-01-12.wav,train
speaker_independent,3,03-02-01-01-13.wav,train
speaker_independent,3,03-02-01-01-14.wav,train
speaker_independent,3,03-02-01-01-15.wav,train
speaker_independent,3,03-02-01-01-17.wav,train
speaker_independent,3,03-02-01-01-18.wav,train
speaker_independent,3,03-02-01-01-19.wav,train
speaker_independent,3,03-02-01-01-20.wav,train
speaker_independent,3,03-02-01-01-22.wav,train
speaker_independent,3,03-02-01-01-23.wav,train
speaker_independent,3,03-02-01-01-24.wav,train
speaker_independent,3,03-02-01-02-02.wav,train
speaker_independent,3,03-02-01-02-03.wav,train
speaker_independent,3,03-02-01-02-04.wav,train
speaker_independent,3,03-02-01-02-05.wav,train
speaker_independent,3,03-02-01-02-07.wav,train
speaker_independent,3,03-02-01-02-08.wav,train
speaker_independent,3,03-02-01-02-09.wav,train
speaker_independent,3,03-02-01-02-10.wav,train
speaker_independent,3,03-02-01-02-12.wav,train
speaker_independent,3,03-02-01-02-13.wav,train
speaker_independent,3,03-02-01-02-14.wav,train
speaker_independent,3,03-02-01-02-15.wav,train
speaker_independent,3,03-02-01-02-17.wav,train
speaker_independent,3,03-02-01-02-18.wav,train
speaker_independent,3,03-02-01-02-19.wav,train
speaker_independent,3,03-02-01-02-20.wav,train
speaker_independent,3,03-02-01-02-22.wav,train
speaker_independent,3,03-02-01-02-23.wav,train
speaker_independent,3,03-02-01-02-24.wav,train
speaker_independent,3,03-02-02-01-02.wav,train
speaker_independent,3,03-02-02-01-03.wav,train
speaker_independent,3,03-02-02-01-04.wav,train
speaker_independent,3,03-02-02-01-05.wav,train
speaker_independent,3,03-02-02-01-07.wav,train
speaker_independent,3,03-02-02-01-08.wav,train
speaker_independent,3,03-02-02-01-09.wav,train
speaker_independent,3,03-02-02-01-10.wav,train
speaker_independent,3,03-02-02-01-12.wav,train
speaker_independent,3,03-02-02-01-13.wav,train
speaker_independent,3,03-02-02-01-14.wav,train
speaker_independent,3,03-02-02-01-15.wav,train
speaker_independent,3,03-02-02-01-17.wav,train
speaker_independent,3,03-02-02-01-18.wav,train
speaker_independent,3,03-02-02-01-19.wav,train
speaker_independent,3,03-02-02-01-20.wav,train
speaker_independent,3,03-02-02-01-22.wav,train
speaker_independent,3,03-02-02-01-23.wav,train
speaker_independent,3,03-02-02-01-24.wav,train
speaker_independent,3,03-02-02-02-02.wav,train
speaker_independent,3,03-02-02-02-03.wav,train
speaker_independent,3,03-02-02-02-04.wav,train
speaker_independent,3,03-02-02-02-05.wav,train
speaker_independent,3,03-02-02-02-07.wav,train
speaker_independent,3,03-02-02-02-08.wav,train
speaker_independent,3,03-02-02-02-09.wav,train
speaker_independent,3,03-02-02-02-10.wav,train
speaker_independent,3,03-02-02-02-12.wav,train
speaker_independent,3,03-02-02-02-13.wav,train
speaker_independent,3,03-02-02-02-14.wav,train
speaker_independent,3,03-02-02-02-15.wav,train
speaker_independent,3,03-02-02-02-17.wav,train
speaker_independent,3,03-02-02-02-18.wav,train
speaker_independent,3,03-02-02-02-19.wav,train
speaker_independent,3,03-02-02-02-20.wav,train
speaker_independent,3,03-02-02-02-22.wav,train
speaker_independent,3,03-02-02-02-23.wav,train
speaker_independent,3,03-02-02-02-24.wav,train
speaker_independent,3,04-01-01-01-02.wav,train
speaker_independent,3,04-01-01-01-03.wav,train
speaker_independent,3,04-01-01-01-04.wav,train
speaker_independent,3,04-01-01-01-05.wav,train
speaker_independent,3,04-01-01-01-07.wav,train
speaker_independent,3,04-01-01-01-08.wav,train
speaker_independent,3,04-01-01-01-09.wav,train
speaker_independent,3,04-01-01-01-10.wav,train
speaker_independent,3,04-01-01-01-12.wav,train
speaker_independent,3,04-01-01-01-13.wav,train
speaker_independent,3,04-01-01-01-14.wav,train
speaker_independent,3,04-01-01-01-15.wav,train
speaker_independent,3,04-01-01-01-17.wav,train
speaker_independent,3,04-01-01-01-18.wav,train
speaker_independent,3,04-01-01-01-19.wav,train
speaker_independent,3,04-01-01-01-20.wav,train
speaker_independent,3,04-01-01-01-22.wav,train
speaker_independent,3,04-01-01-01-23.wav,train
speaker_independent,3,04-01-01-01-24.wav,train
speaker_independent,3,04-01-01-02-02.wav,train
speaker_independent,3,04-01-01-02-03.wav,train
speaker_independent,3,04-01-01-02-04.wav,train
speaker_independent,3,04-01-01-02-05.wav,train
speaker_independent,3,04-01-01-02-07.wav,train
speaker_independent,3,04-01-01-02-08.wav,train
speaker_independent,3,04-01-01-02-09.wav,train
speaker_independent,3,04-01-01-02-10.wav,train
speaker_independent,3,04-01-01-02-12.wav,train
speaker_independent,3,04-01-01-02-13.wav,train
speaker_independent,3,04-01-01-02-14.wav,train
speaker_independent,3,04-01-01-02-15.wav,train
speaker_independent,3,04-01-01-02-17.wav,train
speaker_independent,3,04-01-01-02-18.wav,train
speaker_independent,3,04-01-01-02-19.wav,train
speaker_independent,3,04-01-01-02-20.wav,train
speaker_independent,3,04-01-01-02-22.wav,train
speaker_independent,3,04-01-01-02-23.wav,train
speaker_independent,3,04-01-01-02-24.wav,train
speaker_independent,3,04-01-02-01-02.wav,train
speaker_independent,3,04-01-02-01-03.wav,train
speaker_independent,3,04-01-02-01-04.wav,train
speaker_independent,3,04-01-02-01-05.wav,train
speaker_independent,3,04-01-02-01-07.wav,train
speaker_independent,3,04-01-02-01-08.wav,train
speaker_independent,3,04-01-02-01-09.wav,train
speaker_independent,3,04-01-02-01-10.wav,train
speaker_independent,3,04-01-02-01-12.wav,train
speaker_independent,3,04-01-02-01-13.wav,train
speaker_independent,3,04-01-02-01-14.wav,train
speaker_independent,3,04-01-02-01-15.wav,train
speaker_independent,3,04-01-02-01-17.wav,train
speaker_independent,3,04-01-02-01-18.wav,train
speaker_independent,3,04-01-02-01-19.wav,train
speaker_independent,3,04-01-02-01-20.wav,train
speaker_independent,3,04-01-02-01-22.wav,train
speaker_independent,3,04-01-02-01-23.wav,train
speaker_independent,3,04-01-02-01-24.wav,train
speaker_independent,3,04-01-02-02-02.wav,train
speaker_independent,3,04-01-02-02-03.wav,train
speaker_independent,3,04-01-02-02-04.wav,train
speaker_independent,3,04-01-02-02-05.wav,train
speaker_independent,3,04-01-02-02-07.wav,train
speaker_independent,3,04-01-02-02-08.wav,train
speaker_independent,3,04-01-02-02-09.wav,train
speaker_independent,3,04-01-02-02-10.wav,train
speaker_independent,3,04-01-02-02-12.wav,train
speaker_independent,3,04-01-02-02-13.wav,train
speaker_independent,3,04-01-02-02-14.wav,train
speaker_independent,3,04-01-02-02-15.wav,train
speaker_independent,3,04-01-02-02-17.wav,train
speaker_independent,3,04-01-02-02-18.wav,train
speaker_independent,3,04-01-02-02-19.wav,train
speaker_independent,3,04-01-02-02-20.wav,train
speaker_independent,3,04-01-02-02-22.wav,train
speaker_independent,3,04-01-02-02-23.wav,train
speaker_independent,3,04-01-02-02-24.wav,train
speaker_independent,3,04-02-01-01-02.wav,train
speaker_independent,3,04-02-01-01-03.wav,train
speaker_independent,3,04-02-01-01-04.wav,train
speaker_independent,3,04-02-01-01-05.wav,train
speaker_independent,3,04-02-01-01-07.wav,train
speaker_independent,3,04-02-01-01-08.wav,train
speaker_independent,3,04-02-01-01-09.wav,train
speaker_independent,3,04-02-01-01-10.wav,train
speaker_independent,3,04-02-01-01-12.wav,train
speaker_independent,3,04-02-01-01-13.wav,train
speaker_independent,3,04-02-01-01-14.wav,train
speaker_independent,3,04-02-01-01-15.wav,train
speaker_independent,3,04-02-01-01-17.wav,train
speaker_independent,3,04-02-01-01-18.wav,train
speaker_independent,3,04-02-01-01-19.wav,train
speaker_independent,3,04-02-01-01-20.wav,train
speaker_independent,3,04-02-01-01-22.wav,train
speaker_independent,3,04-02-01-01-23.wav,train
speaker_independent,3,04-02-01-01-24.wav,train
speaker_independent,3,04-02-01-02-02.wav,train
speaker_independent,3,04-02-01-02-03.wav,train
speaker_independent,3,04-02-01-02-04.wav,train
speaker_independent,3,04-02-01-02-05.wav,train
speaker_independent,3,04-02-01-02-07.wav,train
speaker_independent,3,04-02-01-02-08.wav,train
speaker_independent,3,04-02-01-02-09.wav,train
speaker_independent,3,04-02-01-02-10.wav,train
speaker_independent,3,04-02-01-02-12.wav,train
speaker_independent,3,04-02-01-02-13.wav,train
speaker_independent,3,04-02-01-02-14.wav,train
speaker_independent,3,04-02-01-02-15.wav,train
speaker_independent,3,04-02-01-02-17.wav,train
speaker_independent,3,04-02-01-02-18.wav,train
speaker_independent,3,04-02-01-02-19.wav,train
speaker_independent,3,04-02-01-02-20.wav,train
speaker_independent,3,04-02-01-02-22.wav,train
speaker_independent,3,04-02-01-02-23.wav,train
speaker_independent,3,04-02-01-02-24.wav,train
speaker_independent,3,04-02-02-01-02.wav,train
speaker_independent,3,04-02-02-01-03.wav,train
speaker_independent,3,04-02-02-01-04.wav,train
speaker_independent,3,04-02-02-01-05.wav,train
speaker_independent,3,04-02-02-01-07.wav,train
speaker_independent,3,04-02-02-01-08.wav,train
speaker_independent,3,04-02-02-01-09.wav,train
speaker_independent,3,04-02-02-01-10.wav,train
speaker_independent,3,04-02-02-01-12.wav,train
speaker_independent,3,04-02-02-01-13.wav,train
speaker_independent,3,04-02-02-01-14.wav,train
speaker_independent,3,04-02-02-01-15.wav,train
speaker_independent,3,04-02-02-01-17.wav,train
speaker_independent,3,04-02-02-01-18.wav,train
speaker_independent,3,04-02-02-01-19.wav,train
speaker_independent,3,04-02-02-01-20.wav,train
speaker_independent,3,04-02-02-01-22.wav,train
speaker_independent,3,04-02-02-01-23.wav,train
speaker_independent,3,04-02-02-01-24.wav,train
speaker_independent,3,04-02-02-02-02.wav,train
speaker_independent,3,04-02-02-02-03.wav,train
speaker_independent,3,04-02-02-02-04.wav,train
speaker_independent,3,04-02-02-02-05.wav,train
speaker_independent,3,04-02-02-02-07.wav,train
speaker_independent,3,04-02-02-02-08.wav,train
speaker_independent,3,04-02-02-02-09.wav,train
speaker_independent,3,04-02-02-02-10.wav,train
speaker_independent,3,04-02-02-02-12.wav,train
speaker_independent,3,04-02-02-02-13.wav,train
speaker_independent,3,04-02-02-02-14.wav,train
speaker_independent,3,04-02-02-02-15.wav,train
speaker_independent,3,04-02-02-02-17.wav,train
speaker_independent,3,04-02-02-02-18.wav,train
speaker_independent,3,04-02-02-02-19.wav,train
speaker_independent,3,04-02-02-02-20.wav,train
speaker_independent,3,04-02-02-02-22.wav,train
speaker_independent,3,04-02-02-02-23.wav,train
speaker_independent,3,04-02-02-02-24.wav,train
speaker_independent,3,05-01-01-01-02.wav,train
speaker_independent,3,05-01-01-01-03.wav,train
speaker_independent,3,05-01-01-01-04.wav,train
speaker_independent,3,05-01-01-01-05.wav,train
speaker_independent,3,05-01-01-01-07.wav,train
speaker_independent,3,05-01-01-01-08.wav,train
speaker_independent,3,05-01-01-01-09.wav,train
speaker_independent,3,05-01-01-01-10.wav,train
speaker_independent,3,05-01-01-01-12.wav,train
speaker_independent,3,05-01-01-01-13.wav,train
speaker_independent,3,05-01-01-01-14.wav,train
speaker_independent,3,05-01-01-01-15.wav,train
speaker_independent,3,05-01-01-01-17.wav,train
speaker_independent,3,05-01-01-01-18.wav,train
speaker_independent,3,05-01-01-01-19.wav,train
speaker_independent,3,05-01-01-01-20.wav,train
speaker_independent,3,05-01-01-01-22.wav,train
speaker_independent,3,05-01-01-01-23.wav,train
speaker_independent,3,05-01-01-01-24.wav,train
speaker_independent,3,05-01-01-02-02.wav,train
speaker_independent,3,05-01-01-02-03.wav,train
speaker_independent,3,05-01-01-02-04.wav,train
speaker_independent,3,05-01-01-02-05.wav,train
speaker_independent,3,05-01-01-02-07.wav,train
speaker_independent,3,05-01-01-02-08.wav,train
speaker_independent,3,05-01-01-02-09.wav,train
speaker_independent,3,05-01-01-02-10.wav,train
speaker_independent,3,05-01-01-02-12.wav,train
speaker_independent,3,05-01-01-02-13.wav,train
speaker_independent,3,05-01-01-02-14.wav,train
speaker_independent,3,05-01-01-02-15.wav,train
speaker_independent,3,05-01-01-02-17.wav,train
speaker_independent,3,05-01-01-02-18.wav,train
speaker_independent,3,05-01-01-02-19.wav,train
speaker_independent,3,05-01-01-02-20.wav,train
speaker_independent,3,05-01-01-02-22.wav,train
speaker_independent,3,05-01-01-02-23.wav,train
speaker_independent,3,05-01-01-02-24.wav,train
speaker_independent,3,05-01-02-01-02.wav,train
speaker_independent,3,05-01-02-01-03.wav,train
speaker_independent,3,05-01-02-01-04.wav,train
speaker_independent,3,05-01-02-01-05.wav,train
speaker_independent,3,05-01-02-01-07.wav,train
speaker_independent,3,05-01-02-01-08.wav,train
speaker_independent,3,05-01-02-01-09.wav,train
speaker_independent,3,05-01-02-01-10.wav,train
speaker_independent,3,05-01-02-01-12.wav,train
speaker_independent,3,05-01-02-01-13.wav,train
speaker_independent,3,05-01-02-01-14.wav,train
speaker_independent,3,05-01-02-01-15.wav,train
speaker_independent,3,05-01-02-01-17.wav,train
speaker_independent,3,05-01-02-01-18.wav,train
speaker_independent,3,05-01-02-01-19.wav,train
speaker_independent,3,05-01-02-01-20.wav,train
speaker_independent,3,05-01-02-01-22.wav,train
speaker_independent,3,05-01-02-01-23.wav,train
speaker_independent,3,05-01-02-01-24.wav,train
speaker_independent,3,05-01-02-02-02.wav,train
speaker_independent,3,05-01-02-02-03.wav,train
speaker_independent,3,05-01-02-02-04.wav,train
speaker_independent,3,05-01-02-02-05.wav,train
speaker_independent,3,05-01-02-02-07.wav,train
speaker_independent,3,05-01-02-02-08.wav,train
speaker_independent,3,05-01-02-02-09.wav,train
speaker_independent,3,05-01-02-02-10.wav,train
speaker_independent,3,05-01-02-02-12.wav,train
speaker_independent,3,05-01-02-02-13.wav,train
speaker_independent,3,05-01-02-02-14.wav,train
speaker_independent,3,05-01-02-02-15.wav,train
speaker_independent,3,05-01-02-02-17.wav,train
speaker_independent,3,05-01-02-02-18.wav,train
speaker_independent,3,05-01-02-02-19.wav,train
speaker_independent,3,05-01-02-02-20.wav,train
speaker_independent,3,05-01-02-02-22.wav,train
speaker_independent,3,05-01-02-02-23.wav,train
speaker_independent,3,05-01-02-02-24.wav,train
speaker_independent,3,05-02-01-01-02.wav,train
speaker_independent,3,05-02-01-01-03.wav,train
speaker_independent,3,05-02-01-01-04.wav,train
speaker_independent,3,05-02-01-01-05.wav,train
speaker_independent,3,05-02-01-01-07.wav,train
speaker_independent,3,05-02-01-01-08.wav,train
speaker_independent,3,05-02-01-01-09.wav,train
speaker_independent,3,05-02-01-01-10.wav,train
speaker_independent,3,05-02-01-01-12.wav,train
speaker_independent,3,05-02-01-01-13.wav,train
speaker_independent,3,05-02-01-01-14.wav,train
speaker_independent,3,05-02-01-01-15.wav,train
speaker_independent,3,05-02-01-01-17.wav,train
speaker_independent,3,05-02-01-01-18.wav,train
speaker_independent,3,05-02-01-01-19.wav,train
speaker_independent,3,05-02-01-01-20.wav,train
speaker_independent,3,05-02-01-01-22.wav,train
speaker_independent,3,05-02-01-01-23.wav,train
speaker_independent,3,05-02-01-01-24.wav,train
speaker_independent,3,05-02-01-02-02.wav,train
speaker_independent,3,05-02-01-02-03.wav,train
speaker_independent,3,05-02-01-02-04.wav,train
speaker_independent,3,05-02-01-02-05.wav,train
speaker_independent,3,05-02-01-02-07.wav,train
speaker_independent,3,05-02-01-02-08.wav,train
speaker_independent,3,05-02-01-02-09.wav,train
speaker_independent,3,05-02-01-02-10.wav,train
speaker_independent,3,05-02-01-02-12.wav,train
speaker_independent,3,05-02-01-02-13.wav,train
speaker_independent,3,05-02-01-02-14.wav,train
speaker_independent,3,05-02-01-02-15.wav,train
speaker_independent,3,05-02-01-02-17.wav,train
speaker_independent,3,05-02-01-02-18.wav,train
speaker_independent,3,05-02-01-02-19.wav,train
speaker_independent,3,05-02-01-02-20.wav,train
speaker_independent,3,05-02-01-02-22.wav,train
speaker_independent,3,05-02-01-02-23.wav,train
speaker_independent,3,05-02-01-02-24.wav,train
speaker_independent,3,05-02-02-01-02.wav,train
speaker_independent,3,05-02-02-01-03.wav,train
speaker_independent,3,05-02-02-01-04.wav,train
speaker_independent,3,05-02-02-01-05.wav,train
speaker_independent,3,05-02-02-01-07.wav,train
speaker_independent,3,05-02-02-01-08.wav,train
speaker_independent,3,05-02-02-01-09.wav,train
speaker_independent,3,05-02-02-01-10.wav,train
speaker_independent,3,05-02-02-01-12.wav,train
speaker_independent,3,05-02-02-01-13.wav,train
speaker_independent,3,05-02-02-01-14.wav,train
speaker_independent,3,05-02-02-01-15.wav,train
speaker_independent,3,05-02-02-01-17.wav,train
speaker_independent,3,05-02-02-01-18.wav,train
speaker_independent,3,05-02-02-01-19.wav,train
speaker_independent,3,05-02-02-01-20.wav,train
speaker_independent,3,05-02-02-01-22.wav,train
speaker_independent,3,05-02-02-01-23.wav,train
speaker_independent,3,05-02-02-01-24.wav,train
speaker_independent,3,05-02-02-02-02.wav,train
speaker_independent,3,05-02-02-02-03.wav,train
speaker_independent,3,05-02-02-02-04.wav,train
speaker_independent,3,05-02-02-02-05.wav,train
speaker_independent,3,05-02-02-02-07.wav,train
speaker_independent,3,05-02-02-02-08.wav,train
speaker_independent,3,05-02-02-02-09.wav,train
speaker_independent,3,05-02-02-02-10.wav,train
speaker_independent,3,05-02-02-02-12.wav,train
speaker_independent,3,05-02-02-02-13.wav,train
speaker_independent,3,05-02-02-02-14.wav,train
speaker_independent,3,05-02-02-02-15.wav,train
speaker_independent,3,05-02-02-02-17.wav,train
speaker_independent,3,05-02-02-02-18.wav,train
speaker_independent,3,05-02-02-02-19.wav,train
speaker_independent,3,05-02-02-02-20.wav,train
speaker_independent,3,05-02-02-02-22.wav,train
speaker_independent,3,05-02-02-02-23.wav,train
speaker_independent,3,05-02-02-02-24.wav,train
speaker_independent,3,06-01-01-01-02.wav,train
speaker_independent,3,06-01-01-01-03.wav,train
speaker_independent,3,06-01-01-01-04.wav,train
speaker_independent,3,06-01-01-01-05.wav,train
speaker_independent,3,06-01-01-01-07.wav,train
speaker_independent,3,06-01-01-01-08.wav,train
speaker_independent,3,06-01-01-01-09.wav,train
speaker_independent,3,06-01-01-01-10.wav,train
speaker_independent,3,06-01-01-01-12.wav,train
speaker_independent,3,06-01-01-01-13.wav,train
speaker_independent,3,06-01-01-01-14.wav,train
speaker_independent,3,06-01-01-01-15.wav,train
speaker_independent,3,06-01-01-01-17.wav,train
speaker_independent,3,06-01-01-01-18.wav,train
speaker_independent,3,06-01-01-01-19.wav,train
speaker_independent,3,06-01-01-01-20.wav,train
speaker_independent,3,06-01-01-01-22.wav,train
speaker_independent,3,06-01-01-01-23.wav,train
speaker_independent,3,06-01-01-01-24.wav,train
speaker_independent,3,06-01-01-02-02.wav,train
speaker_independent,3,06-01-01-02-03.wav,train
speaker_independent,3,06-01-01-02-04.wav,train
speaker_independent,3,06-01-01-02-05.wav,train
speaker_independent,3,06-01-01-02-07.wav,train
speaker_independent,3,06-01-01-02-08.wav,train
speaker_independent,3,06-01-01-02-09.wav,train
speaker_independent,3,06-01-01-02-10.wav,train
speaker_independent,3,06-01-01-02-12.wav,train
speaker_independent,3,06-01-01-02-13.wav,train
speaker_independent,3,06-01-01-02-14.wav,train
speaker_independent,3,06-01-01-02-15.wav,train
speaker_independent,3,06-01-01-02-17.wav,train
speaker_independent,3,06-01-01-02-18.wav,train
speaker_independent,3,06-01-01-02-19.wav,train
speaker_independent,3,06-01-01-02-20.wav,train
speaker_independent,3,06-01-01-02-22.wav,train
speaker_independent,3,06-01-01-02-23.wav,train
speaker_independent,3,06-01-01-02-24.wav,train
speaker_independent,3,06-01-02-01-02.wav,train
speaker_independent,3,06-01-02-01-03.wav,train
speaker_independent,3,06-01-02-01-04.wav,train
speaker_independent,3,06-01-02-01-05.wav,train
speaker_independent,3,06-01-02-01-07.wav,train
speaker_independent,3,06-01-02-01-08.wav,train
speaker_independent,3,06-01-02-01-09.wav,train
speaker_independent,3,06-01-02-01-10.wav,train
speaker_independent,3,06-01-02-01-12.wav,train
speaker_independent,3,06-01-02-01-13.wav,train
speaker_independent,3,06-01-02-01-14.wav,train
speaker_independent,3,06-01-02-01-15.wav,train
speaker_independent,3,06-01-02-01-17.wav,train
speaker_independent,3,06-01-02-01-18.wav,train
speaker_independent,3,06-01-02-01-19.wav,train
speaker_independent,3,06-01-02-01-20.wav,train
speaker_independent,3,06-01-02-01-22.wav,train
speaker_independent,3,06-01-02-01-23.wav,train
speaker_independent,3,06-01-02-01-24.wav,train
speaker_independent,3,06-01-02-02-02.wav,train
speaker_independent,3,06-01-02-02-03.wav,train
speaker_independent,3,06-01-02-02-04.wav,train
speaker_independent,3,06-01-02-02-05.wav,train
speaker_independent,3,06-01-02-02-07.wav,train
speaker_independent,3,06-01-02-02-08.wav,train
speaker_independent,3,06-01-02-02-09.wav,train
speaker_independent,3,06-01-02-02-10.wav,train
speaker_independent,3,06-01-02-02-12.wav,train
speaker_independent,3,06-01-02-02-13.wav,train
speaker_independent,3,06-01-02-02-14.wav,train
speaker_independent,3,06-01-02-02-15.wav,train
speaker_independent,3,06-01-02-02-17.wav,train
speaker_independent,3,06-01-02-02-18.wav,train
speaker_independent,3,06-01-02-02-19.wav,train
speaker_independent,3,06-01-02-02-20.wav,train
speaker_independent,3,06-01-02-02-22.wav,train
speaker_independent,3,06-01-02-02-23.wav,train
speaker_independent,3,06-01-02-02-24.wav,train
speaker_independent,3,06-02-01-01-02.wav,train
speaker_independent,3,06-02-01-01-03.wav,train
speaker_independent,3,06-02-01-01-04.wav,train
speaker_independent,3,06-02-01-01-05.wav,train
speaker_independent,3,06-02-01-01-07.wav,train
speaker_independent,3,06-02-01-01-08.wav,train
speaker_independent,3,06-02-01-01-09.wav,train
speaker_independent,3,06-02-01-01-10.wav,train
speaker_independent,3,06-02-01-01-12.wav,train
speaker_independent,3,06-02-01-01-13.wav,train
speaker_independent,3,06-02-01-01-14.wav,train
speaker_independent,3,06-02-01-01-15.wav,train
speaker_independent,3,06-02-01-01-17.wav,train
speaker_independent,3,06-02-01-01-18.wav,train
speaker_independent,3,06-02-01-01-19.wav,train
speaker_independent,3,06-02-01-01-20.wav,train
speaker_independent,3,06-02-01-01-22.wav,train
speaker_independent,3,06-02-01-01-23.wav,train
speaker_independent,3,06-02-01-01-24.wav,train
speaker_independent,3,06-02-01-02-02.wav,train
speaker_independent,3,06-02-01-02-03.wav,train
speaker_independent,3,06-02-01-02-04.wav,train
speaker_independent,3,06-02-01-02-05.wav,train
speaker_independent,3,06-02-01-02-07.wav,train
speaker_independent,3,06-02-01-02-08.wav,train
speaker_independent,3,06-02-01-02-09.wav,train
speaker_independent,3,06-02-01-02-10.wav,train
speaker_independent,3,06-02-01-02-12.wav,train
speaker_independent,3,06-02-01-02-13.wav,train
speaker_independent,3,06-02-01-02-14.wav,train
speaker_independent,3,06-02-01-02-15.wav,train
speaker_independent,3,06-02-01-02-17.wav,train
speaker_independent,3,06-02-01-02-18.wav,train
speaker_independent,3,06-02-01-02-19.wav,train
speaker_independent,3,06-02-01-02-20.wav,train
speaker_independent,3,06-02-01-02-22.wav,train
speaker_independent,3,06-02-01-02-23.wav,train
speaker_independent,3,06-02-01-02-24.wav,train
speaker_independent,3,06-02-02-01-02.wav,train
speaker_independent,3,06-02-02-01-03.wav,train
speaker_independent,3,06-02-02-01-04.wav,train
speaker_independent,3,06-02-02-01-05.wav,train
speaker_independent,3,06-02-02-01-07.wav,train
speaker_independent,3,06-02-02-01-08.wav,train
speaker_independent,3,06-02-02-01-09.wav,train
speaker_independent,3,06-02-02-01-10.wav,train
speaker_independent,3,06-02-02-01-12.wav,train
speaker_independent,3,06-02-02-01-13.wav,train
speaker_independent,3,06-02-02-01-14.wav,train
speaker_independent,3,06-02-02-01-15.wav,train
speaker_independent,3,06-02-02-01-17.wav,train
speaker_independent,3,06-02-02-01-18.wav,train
speaker_independent,3,06-02-02-01-19.wav,train
speaker_independent,3,06-02-02-01-20.wav,train
speaker_independent,3,06-02-02-01-22.wav,train
speaker_independent,3,06-02-02-01-23.wav,train
speaker_independent,3,06-02-02-01-24.wav,train
speaker_independent,3,06-02-02-02-02.wav,train
speaker_independent,3,06-02-02-02-03.wav,train
speaker_independent,3,06-02-02-02-04.wav,train
speaker_independent,3,06-02-02-02-05.wav,train
speaker_independent,3,06-02-02-02-07.wav,train
speaker_independent,3,06-02-02-02-08.wav,train
speaker_independent,3,06-02-02-02-09.wav,train
speaker_independent,3,06-02-02-02-10.wav,train
speaker_independent,3,06-02-02-02-12.wav,train
speaker_independent,3,06-02-02-02-13.wav,train
speaker_independent,3,06-02-02-02-14.wav,train
speaker_independent,3,06-02-02-02-15.wav,train
speaker_independent,3,06-02-02-02-17.wav,train
speaker_independent,3,06-02-02-02-18.wav,train
speaker_independent,3,06-02-02-02-19.wav,train
speaker_independent,3,06-02-02-02-20.wav,train
speaker_independent,3,06-02-02-02-22.wav,train
speaker_independent,3,06-02-02-02-23.wav,train
speaker_independent,3,06-02-02-02-24.wav,train
speaker_independent,3,07-01-01-01-02.wav,train
speaker_independent,3,07-01-01-01-03.wav,train
speaker_independent,3,07-01-01-01-04.wav,train
speaker_independent,3,07-01-01-01-05.wav,train
speaker_independent,3,07-01-01-01-07.wav,train
speaker_independent,3,07-01-01-01-08.wav,train
speaker_independent,3,07-01-01-01-09.wav,train
speaker_independent,3,07-01-01-01-10.wav,train
speaker_independent,3,07-01-01-01-12.wav,train
speaker_independent,3,07-01-01-01-13.wav,train
speaker_independent,3,07-01-01-01-14.wav,train
speaker_independent,3,07-01-01-01-15.wav,train
speaker_independent,3,07-01-01-01-17.wav,train
speaker_independent,3,07-01-01-01-18.wav,train
speaker_independent,3,07-01-01-01-19.wav,train
speaker_independent,3,07-01-01-01-20.wav,train
speaker_independent,3,07-01-01-01-22.wav,train
speaker_independent,3,07-01-01-01-23.wav,train
speaker_independent,3,07-01-01-01-24.wav,train
speaker_independent,3,07-01-01-02-02.wav,train
speaker_independent,3,07-01-01-02-03.wav,train
speaker_independent,3,07-01-01-02-04.wav,train
speaker_independent,3,07-01-01-02-05.wav,train
speaker_independent,3,07-01-01-02-07.wav,train
speaker_independent,3,07-01-01-02-08.wav,train
speaker_independent,3,07-01-01-02-09.wav,train
speaker_independent,3,07-01-01-02-10.wav,train
speaker_independent,3,07-01-01-02-12.wav,train
speaker_independent,3,07-01-01-02-13.wav,train
speaker_independent,3,07-01-01-02-14.wav,train
speaker_independent,3,07-01-01-02-15.wav,train
speaker_independent,3,07-01-01-02-17.wav,train
speaker_independent,3,07-01-01-02-18.wav,train
speaker_independent,3,07-01-01-02-19.wav,train
speaker_independent,3,07-01-01-02-20.wav,train
speaker_independent,3,07-01-01-02-22.wav,train
speaker_independent,3,07-01-01-02-23.wav,train
speaker_independent,3,07-01-01-02-24.wav,train
speaker_independent,3,07-01-02-01-02.wav,train
speaker_independent,3,07-01-02-01-03.wav,train
speaker_independent,3,07-01-02-01-04.wav,train
speaker_independent,3,07-01-02-01-05.wav,train
speaker_independent,3,07-01-02-01-07.wav,train
speaker_independent,3,07-01-02-01-08.wav,train
speaker_independent,3,07-01-02-01-09.wav,train
speaker_independent,3,07-01-02-01-10.wav,train
speaker_independent,3,07-01-02-01-12.wav,train
speaker_independent,3,07-01-02-01-13.wav,train
speaker_independent,3,07-01-02-01-14.wav,train
speaker_independent,3,07-01-02-01-15.wav,train
speaker_independent,3,07-01-02-01-17.wav,train
speaker_independent,3,07-01-02-01-18.wav,train
speaker_independent,3,07-01-02-01-19.wav,train
speaker_independent,3,07-01-02-01-20.wav,train
speaker_independent,3,07-01-02-01-22.wav,train
speaker_independent,3,07-01-02-01-23.wav,train
speaker_independent,3,07-01-02-01-24.wav,train
speaker_independent,3,07-01-02-02-02.wav,train
speaker_independent,3,07-01-02-02-03.wav,train
speaker_independent,3,07-01-02-02-04.wav,train
speaker_independent,3,07-01-02-02-05.wav,train
speaker_independent,3,07-01-02-02-07.wav,train
speaker_independent,3,07-01-02-02-08.wav,train
speaker_independent,3,07-01-02-02-09.wav,train
speaker_independent,3,07-01-02-02-10.wav,train
speaker_independent,3,07-01-02-02-12.wav,train
speaker_independent,3,07-01-02-02-13.wav,train
speaker_independent,3,07-01-02-02-14.wav,train
speaker_independent,3,07-01-02-02-15.wav,train
speaker_independent,3,07-01-02-02-17.wav,train
speaker_independent,3,07-01-02-02-18.wav,train
speaker_independent,3,07-01-02-02-19.wav,train
speaker_independent,3,07-01-02-02-20.wav,train
speaker_independent,3,07-01-02-02-22.wav,train
speaker_independent,3,07-01-02-02-23.wav,train
speaker_independent,3,07-01-02-02-24.wav,train
speaker_independent,3,07-02-01-01-02.wav,train
speaker_independent,3,07-02-01-01-03.wav,train
speaker_independent,3,07-02-01-01-04.wav,train
speaker_independent,3,07-02-01-01-05.wav,train
speaker_independent,3,07-02-01-01-07.wav,train
speaker_independent,3,07-02-01-01-08.wav,train
speaker_independent,3,07-02-01-01-09.wav,train
speaker_independent,3,07-02-01-01-10.wav,train
speaker_independent,3,07-02-01-01-12.wav,train
speaker_independent,3,07-02-01-01-13.wav,train
speaker_independent,3,07-02-01-01-14.wav,train
speaker_independent,3,07-02-01-01-15.wav,train
speaker_independent,3,07-02-01-01-17.wav,train
speaker_independent,3,07-02-01-01-18.wav,train
speaker_independent,3,07-02-01-01-19.wav,train
speaker_independent,3,07-02-01-01-20.wav,train
speaker_independent,3,07-02-01-01-22.wav,train
speaker_independent,3,07-02-01-01-23.wav,train
speaker_independent,3,07-02-01-01-24.wav,train
speaker_independent,3,07-02-01-02-02.wav,train
speaker_independent,3,07-02-01-02-03.wav,train
speaker_independent,3,07-02-01-02-04.wav,train
speaker_independent,3,07-02-01-02-05.wav,train
speaker_independent,3,07-02-01-02-07.wav,train
speaker_independent,3,07-02-01-02-08.wav,train
speaker_independent,3,07-02-01-02-09.wav,train
speaker_independent,3,07-02-01-02-10.wav,train
speaker_independent,3,07-02-01-02-12.wav,train
speaker_independent,3,07-02-01-02-13.wav,train
speaker_independent,3,07-02-01-02-14.wav,train
speaker_independent,3,07-02-01-02-15.wav,train
speaker_independent,3,07-02-01-02-17.wav,train
speaker_independent,3,07-02-01-02-18.wav,train
speaker_independent,3,07-02-01-02-19.wav,train
speaker_independent,3,07-02-01-02-20.wav,train
speaker_independent,3,07-02-01-02-22.wav,train
speaker_independent,3,07-02-01-02-23.wav,train
speaker_independent,3,07-02-01-02-24.wav,train
speaker_independent,3,07-02-02-01-02.wav,train
speaker_independent,3,07-02-02-01-03.wav,train
speaker_independent,3,07-02-02-01-04.wav,train
speaker_independent,3,07-02-02-01-05.wav,train
speaker_independent,3,07-02-02-01-07.wav,train
speaker_independent,3,07-02-02-01-08.wav,train
speaker_independent,3,07-02-02-01-09.wav,train
speaker_independent,3,07-02-02-01-10.wav,train
speaker_independent,3,07-02-02-01-12.wav,train
speaker_independent,3,07-02-02-01-13.wav,train
speaker_independent,3,07-02-02-01-14.wav,train
speaker_independent,3,07-02-02-01-15.wav,train
speaker_independent,3,07-02-02-01-17.wav,train
speaker_independent,3,07-02-02-01-18.wav,train
speaker_independent,3,07-02-02-01-19.wav,train
speaker_independent,3,07-02-02-01-20.wav,train
speaker_independent,3,07-02-02-01-22.wav,train
speaker_independent,3,07-02-02-01-23.wav,train
speaker_independent,3,07-02-02-01-24.wav,train
speaker_independent,3,07-02-02-02-02.wav,train
speaker_independent,3,07-02-02-02-03.wav,train
speaker_independent,3,07-02-02-02-04.wav,train
speaker_independent,3,07-02-02-02-05.wav,train
speaker_independent,3,07-02-02-02-07.wav,train
speaker_independent,3,07-02-02-02-08.wav,train
speaker_independent,3,07-02-02-02-09.wav,train
speaker_independent,3,07-02-02-02-10.wav,train
speaker_independent,3,07-02-02-02-12.wav,train
speaker_independent,3,07-02-02-02-13.wav,train
speaker_independent,3,07-02-02-02-14.wav,train
speaker_independent,3,07-02-02-02-15.wav,train
speaker_independent,3,07-02-02-02-17.wav,train
speaker_independent,3,07-02-02-02-18.wav,train
speaker_independent,3,07-02-02-02-19.wav,train
speaker_independent,3,07-02-02-02-20.wav,train
speaker_independent,3,07-02-02-02-22.wav,train
speaker_independent,3,07-02-02-02-23.wav,train
speaker_independent,3,07-02-02-02-24.wav,train
speaker_independent,3,08-01-01-01-02.wav,train
speaker_independent,3,08-01-01-01-03.wav,train
speaker_independent,3,08-01-01-01-04.wav,train
speaker_independent,3,08-01-01-01-05.wav,train
speaker_independent,3,08-01-01-01-07.wav,train
speaker_independent,3,08-01-01-01-08.wav,train
speaker_independent,3,08-01-01-01-09.wav,train
speaker_independent,3,08-01-01-01-10.wav,train
speaker_independent,3,08-01-01-01-12.wav,train
speaker_independent,3,08-01-01-01-13.wav,train
speaker_independent,3,08-01-01-01-14.wav,train
speaker_independent,3,08-01-01-01-15.wav,train
speaker_independent,3,08-01-01-01-17.wav,train
speaker_independent,3,08-01-01-01-18.wav,train
speaker_independent,3,08-01-01-01-19.wav,train
speaker_independent,3,08-01-01-01-20.wav,train
speaker_independent,3,08-01-01-01-22.wav,train
speaker_independent,3,08-01-01-01-23.wav,train
speaker_independent,3,08-01-01-01-24.wav,train
speaker_independent,3,08-01-01-02-02.wav,train
speaker_independent,3,08-01-01-02-03.wav,train
speaker_independent,3,08-01-01-02-04.wav,train
speaker_independent,3,08-01-01-02-05.wav,train
speaker_independent,3,08-01-01-02-07.wav,train
speaker_independent,3,08-01-01-02-08.wav,train
speaker_independent,3,08-01-01-02-09.wav,train
speaker_independent,3,08-01-01-02-10.wav,train
speaker_independent,3,08-01-01-02-12.wav,train
speaker_independent,3,08-01-01-02-13.wav,train
speaker_independent,3,08-01-01-02-14.wav,train
speaker_independent,3,08-01-01-02-15.wav,train
speaker_independent,3,08-01-01-02-17.wav,train
speaker_independent,3,08-01-01-02-18.wav,train
speaker_independent,3,08-01-01-02-19.wav,train
speaker_independent,3,08-01-01-02-20.wav,train
speaker_independent,3,08-01-01-02-22.wav,train
speaker_independent,3,08-01-01-02-23.wav,train
speaker_independent,3,08-01-01-02-24.wav,train
speaker_independent,3,08-01-02-01-02.wav,train
speaker_independent,3,08-01-02-01-03.wav,train
speaker_independent,3,08-01-02-01-04.wav,train
speaker_independent,3,08-01-02-01-05.wav,train
speaker_independent,3,08-01-02-01-07.wav,train
speaker_independent,3,08-01-02-01-08.wav,train
speaker_independent,3,08-01-02-01-09.wav,train
speaker_independent,3,08-01-02-01-10.wav,train
speaker_independent,3,08-01-02-01-12.wav,train
speaker_independent,3,08-01-02-01-13.wav,train
speaker_independent,3,08-01-02-01-14.wav,train
speaker_independent,3,08-01-02-01-15.wav,train
speaker_independent,3,08-01-02-01-17.wav,train
speaker_independent,3,08-01-02-01-18.wav,train
speaker_independent,3,08-01-02-01-19.wav,train
speaker_independent,3,08-01-02-01-20.wav,train
speaker_independent,3,08-01-02-01-22.wav,train
speaker_independent,3,08-01-02-01-23.wav,train
speaker_independent,3,08-01-02-01-24.wav,train
speaker_independent,3,08-01-02-02-02.wav,train
speaker_independent,3,08-01-02-02-03.wav,train
speaker_independent,3,08-01-02-02-04.wav,train
speaker_independent,3,08-01-02-02-05.wav,train
speaker_independent,3,08-01-02-02-07.wav,train
speaker_independent,3,08-01-02-02-08.wav,train
speaker_independent,3,08-01-02-02-09.wav,train
speaker_independent,3,08-01-02-02-10.wav,train
speaker_independent,3,08-01-02-02-12.wav,train
speaker_independent,3,08-01-02-02-13.wav,train
speaker_independent,3,08-01-02-02-14.wav,train
speaker_independent,3,08-01-02-02-15.wav,train
speaker_independent,3,08-01-02-02-17.wav,train
speaker_independent,3,08-01-02-02-18.wav,train
speaker_independent,3,08-01-02-02-19.wav,train
speaker_independent,3,08-01-02-02-20.wav,train
speaker_independent,3,08-01-02-02-22.wav,train
speaker_independent,3,08-01-02-02-23.wav,train
speaker_independent,3,08-01-02-02-24.wav,train
speaker_independent,3,08-02-01-01-02.wav,train
speaker_independent,3,08-02-01-01-03.wav,train
speaker_independent,3,08-02-01-01-04.wav,train
speaker_independent,3,08-02-01-01-05.wav,train
speaker_independent,3,08-02-01-01-07.wav,train
speaker_independent,3,08-02-01-01-08.wav,train
speaker_independent,3,08-02-01-01-09.wav,train
speaker_independent,3,08-02-01-01-10.wav,train
speaker_independent,3,08-02-01-01-12.wav,train
speaker_independent,3,08-02-01-01-13.wav,train
speaker_independent,3,08-02-01-01-14.wav,train
speaker_independent,3,08-02-01-01-15.wav,train
speaker_independent,3,08-02-01-01-17.wav,train
speaker_independent,3,08-02-01-01-18.wav,train
speaker_independent,3,08-02-01-01-19.wav,train
speaker_independent,3,08-02-01-01-20.wav,train
speaker_independent,3,08-02-01-01-22.wav,train
speaker_independent,3,08-02-01-01-23.wav,train
speaker_independent,3,08-02-01-01-24.wav,train
speaker_independent,3,08-02-01-02-02.wav,train
speaker_independent,3,08-02-01-02-03.wav,train
speaker_independent,3,08-02-01-02-04.wav,train
speaker_independent,3,08-02-01-02-05.wav,train
speaker_independent,3,08-02-01-02-07.wav,train
speaker_independent,3,08-02-01-02-08.wav,train
speaker_independent,3,08-02-01-02-09.wav,train
speaker_independent,3,08-02-01-02-10.wav,train
speaker_independent,3,08-02-01-02-12.wav,train
speaker_independent,3,08-02-01-02-13.wav,train
speaker_independent,3,08-02-01-02-14.wav,train
speaker_independent,3,08-02-01-02-15.wav,train
speaker_independent,3,08-02-01-02-17.wav,train
speaker_independent,3,08-02-01-02-18.wav,train
speaker_independent,3,08-02-01-02-19.wav,train
speaker_independent,3,08-02-01-02-20.wav,train
speaker_independent,3,08-02-01-02-22.wav,train
speaker_independent,3,08-02-01-02-23.wav,train
speaker_independent,3,08-02-01-02-24.wav,train
speaker_independent,3,08-02-02-01-02.wav,train
speaker_independent,3,08-02-02-01-03.wav,train
speaker_independent,3,08-02-02-01-04.wav,train
speaker_independent,3,08-02-02-01-05.wav,train
speaker_independent,3,08-02-02-01-07.wav,train
speaker_independent,3,08-02-02-01-08.wav,train
speaker_independent,3,08-02-02-01-09.wav,train
speaker_independent,3,08-02-02-01-10.wav,train
speaker_independent,3,08-02-02-01-12.wav,train
speaker_independent,3,08-02-02-01-13.wav,train
speaker_independent,3,08-02-02-01-14.wav,train
speaker_independent,3,08-02-02-01-15.wav,train
speaker_independent,3,08-02-02-01-17.wav,train
speaker_independent,3,08-02-02-01-18.wav,train
speaker_independent,3,08-02-02-01-19.wav,train
speaker_independent,3,08-02-02-01-20.wav,train
speaker_independent,3,08-02-02-01-22.wav,train
speaker_independent,3,08-02-02-01-23.wav,train
speaker_independent,3,08-02-02-01-24.wav,train
speaker_independent,3,08-02-02-02-02.wav,train
speaker_independent,3,08-02-02-02-03.wav,train
speaker_independent,3,08-02-02-02-04.wav,train
speaker_independent,3,08-02-02-02-05.wav,train
speaker_independent,3,08-02-02-02-07.wav,train
speaker_independent,3,08-02-02-02-08.wav,train
speaker_independent,3,08-02-02-02-09.wav,train
speaker_independent,3,08-02-02-02-10.wav,train
speaker_independent,3,08-02-02-02-12.wav,train
speaker_independent,3,08-02-02-02-13.wav,train
speaker_independent,3,08-02-02-02-14.wav,train
speaker_independent,3,08-02-02-02-15.wav,train
speaker_independent,3,08-02-02-02-17.wav,train
speaker_independent,3,08-02-02-02-18.wav,train
speaker_independent,3,08-02-02-02-19.wav,train
speaker_independent,3,08-02-02-02-20.wav,train
speaker_independent,3,08-02-02-02-22.wav,train
speaker_independent,3,08-02-02-02-23.wav,train
speaker_independent,3,08-02-02-02-24.wav,train
speaker_independent,4,01-01-01-01-05.wav,test
speaker_independent,4,01-01-01-01-10.wav,test
speaker_independent,4,01-01-01-01-15.wav,test
speaker_independent,4,01-01-01-01-20.wav,test
speaker_independent,4,01-01-01-02-05.wav,test
speaker_independent,4,01-01-01-02-10.wav,test
speaker_independent,4,01-01-01-02-15.wav,test
speaker_independent,4,01-01-01-02-20.wav,test
speaker_independent,4,01-01-02-01-05.wav,test
speaker_independent,4,01-01-02-01-10.wav,test
speaker_independent,4,01-01-02-01-15.wav,test
speaker_independent,4,01-01-02-01-20.wav,test
speaker_independent,4,01-01-02-02-05.wav,test
speaker_independent,4,01-01-02-02-10.wav,test
speaker_independent,4,01-01-02-02-15.wav,test
speaker_independent,4,01-01-02-02-20.wav,test
speaker_independent,4,02-01-01-01-05.wav,test
speaker_independent,4,02-01-01-01-10.wav,test
speaker_independent,4,02-01-01-01-15.wav,test
speaker_independent,4,02-01-01-01-20.wav,test
speaker_independent,4,02-01-01-02-05.wav,test
speaker_independent,4,02-01-01-02-10.wav,test
speaker_independent,4,02-01-01-02-15.wav,test
speaker_independent,4,02-01-01-02-20.wav,test
speaker_independent,4,02-01-02-01-05.wav,test
speaker_independent,4,02-01-02-01-10.wav,test
speaker_independent,4,02-01-02-01-15.wav,test
speaker_independent,4,02-01-02-01-20.wav,test
speaker_independent,4,02-01-02-02-05.wav,test
speaker_independent,4,02-01-02-02-10.wav,test
speaker_independent,4,02-01-02-02-15.wav,test
speaker_independent,4,02-01-02-02-20.wav,test
speaker_independent,4,02-02-01-01-05.wav,test
speaker_independent,4,02-02-01-01-10.wav,test
speaker_independent,4,02-02-01-01-15.wav,test
speaker_independent,4,02-02-01-01-20.wav,test
speaker_independent,4,02-02-01-02-05.wav,test
speaker_independent,4,02-02-01-02-10.wav,test
speaker_independent,4,02-02-01-02-15.wav,test
speaker_independent,4,02-02-01-02-20.wav,test
speaker_independent,4,02-02-02-01-05.wav,test
speaker_independent,4,02-02-02-01-10.wav,test
speaker_independent,4,02-02-02-01-15.wav,test
speaker_independent,4,02-02-02-01-20.wav,test
speaker_independent,4,02-02-02-02-05.wav,test
speaker_independent,4,02-02-02-02-10.wav,test
speaker_independent,4,02-02-02-02-15.wav,test
speaker_independent,4,02-02-02-02-20.wav,test
speaker_independent,4,03-01-01-01-05.wav,test
speaker_independent,4,03-01-01-01-10.wav,test
speaker_independent,4,03-01-01-01-15.wav,test
speaker_independent,4,03-01-01-01-20.wav,test
speaker_independent,4,03-01-01-02-05.wav,test
speaker_independent,4,03-01-01-02-10.wav,test
speaker_independent,4,03-01-01-02-15.wav,test
speaker_independent,4,03-01-01-02-20.wav,test
speaker_independent,4,03-01-02-01-05.wav,test
speaker_independent,4,03-01-02-01-10.wav,test
speaker_independent,4,03-01-02-01-15.wav,test
speaker_independent,4,03-01-02-01-20.wav,test
speaker_independent,4,03-01-02-02-05.wav,test
speaker_independent,4,03-01-02-02-10.wav,test
speaker_independent,4,03-01-02-02-15.wav,test
speaker_independent,4,03-01-02-02-20.wav,test
speaker_independent,4,03-02-01-01-05.wav,test
speaker_independent,4,03-02-01-01-10.wav,test
speaker_independent,4,03-02-01-01-15.wav,test
speaker_independent,4,03-02-01-01-20.wav,test
speaker_independent,4,03-02-01-02-05.wav,test
speaker_independent,4,03-02-01-02-10.wav,test
speaker_independent,4,03-02-01-02-15.wav,test
speaker_independent,4,03-02-01-02-20.wav,test
speaker_independent,4,03-02-02-01-05.wav,test
speaker_independent,4,03-02-02-01-10.wav,test
speaker_independent,4,03-02-02-01-15.wav,test
speaker_independent,4,03-02-02-01-20.wav,test
speaker_independent,4,03-02-02-02-05.wav,test
speaker_independent,4,03-02-02-02-10.wav,test
speaker_independent,4,03-02-02-02-15.wav,test
speaker_independent,4,03-02-02-02-20.wav,test
speaker_independent,4,04-01-01-01-05.wav,test
speaker_independent,4,04-01-01-01-10.wav,test
speaker_independent,4,04-01-01-01-15.wav,test
speaker_independent,4,04-01-01-01-20.wav,test
speaker_independent,4,04-01-01-02-05.wav,test
speaker_independent,4,04-01-01-02-10.wav,test
speaker_independent,4,04-01-01-02-15.wav,test
speaker_independent,4,04-01-01-02-20.wav,test
speaker_independent,4,04-01-02-01-05.wav,test
speaker_independent,4,04-01-02-01-10.wav,test
speaker_independent,4,04-01-02-01-15.wav,test
speaker_independent,4,04-01-02-01-20.wav,test
speaker_independent,4,04-01-02-02-05.wav,test
speaker_independent,4,04-01-02-02-10.wav,test
speaker_independent,4,04-01-02-02-15.wav,test
speaker_independent,4,04-01-02-02-20.wav,test
speaker_independent,4,04-02-01-01-05.wav,test
speaker_independent,4,04-02-01-01-10.wav,test
speaker_independent,4,04-02-01-01-15.wav,test
speaker_independent,4,04-02-01-01-20.wav,test
speaker_independent,4,04-02-01-02-05.wav,test
speaker_independent,4,04-02-01-02-10.wav,test
speaker_independent,4,04-02-01-02-15.wav,test
speaker_independent,4,04-02-01-02-20.wav,test
speaker_independent,4,04-02-02-01-05.wav,test
speaker_independent,4,04-02-02-01-10.wav,test
speaker_independent,4,04-02-02-01-15.wav,test
speaker_independent,4,04-02-02-01-20.wav,test
speaker_independent,4,04-02-02-02-05.wav,test
speaker_independent,4,04-02-02-02-10.wav,test
speaker_independent,4,04-02-02-02-15.wav,test
speaker_independent,4,04-02-02-02-20.wav,test
speaker_independent,4,05-01-01-01-05.wav,test
speaker_independent,4,05-01-01-01-10.wav,test
speaker_independent,4,05-01-01-01-15.wav,test
speaker_independent,4,05-01-01-01-20.wav,test
speaker_independent,4,05-01-01-02-05.wav,test
speaker_independent,4,05-01-01-02-10.wav,test
speaker_independent,4,05-01-01-02-15.wav,test
speaker_independent,4,05-01-01-02-20.wav,test
speaker_independent,4,05-01-02-01-05.wav,test
speaker_independent,4,05-01-02-01-10.wav,test
speaker_independent,4,05-01-02-01-15.wav,test
speaker_independent,4,05-01-02-01-20.wav,test
speaker_independent,4,05-01-02-02-05.wav,test
speaker_independent,4,05-01-02-02-10.wav,test
speaker_independent,4,05-01-02-02-15.wav,test
speaker_independent,4,05-01-02-02-20.wav,test
speaker_independent,4,05-02-01-01-05.wav,test
speaker_independent,4,05-02-01-01-10.wav,test
speaker_independent,4,05-02-01-01-15.wav,test
speaker_independent,4,05-02-01-01-20.wav,test
speaker_independent,4,05-02-01-02-05.wav,test
speaker_independent,4,05-02-01-02-10.wav,test
speaker_independent,4,05-02-01-02-15.wav,test
speaker_independent,4,05-02-01-02-20.wav,test
speaker_independent,4,05-02-02-01-05.wav,test
speaker_independent,4,05-02-02-01-10.wav,test
speaker_independent,4,05-02-02-01-15.wav,test
speaker_independent,4,05-02-02-01-20.wav,test
speaker_independent,4,05-02-02-02-05.wav,test
speaker_independent,4,05-02-02-02-10.wav,test
speaker_independent,4,05-02-02-02-15.wav,test
speaker_independent,4,05-02-02-02-20.wav,test
speaker_independent,4,06-01-01-01-05.wav,test
speaker_independent,4,06-01-01-01-10.wav,test
speaker_independent,4,06-01-01-01-15.wav,test
speaker_independent,4,06-01-01-01-20.wav,test
speaker_independent,4,06-01-01-02-05.wav,test
speaker_independent,4,06-01-01-02-10.wav,test
speaker_independent,4,06-01-01-02-15.wav,test
speaker_independent,4,06-01-01-02-20.wav,test
speaker_independent,4,06-01-02-01-05.wav,test
speaker_independent,4,06-01-02-01-10.wav,test
speaker_independent,4,06-01-02-01-15.wav,test
speaker_independent,4,06-01-02-01-20.wav,test
speaker_independent,4,06-01-02-02-05.wav,test
speaker_independent,4,06-01-02-02-10.wav,test
speaker_independent,4,06-01-02-02-15.wav,test
speaker_independent,4,06-01-02-02-20.wav,test
speaker_independent,4,06-02-01-01-05.wav,test
speaker_independent,4,06-02-01-01-10.wav,test
speaker_independent,4,06-02-01-01-15.wav,test
speaker_independent,4,06-02-01-01-20.wav,test
speaker_independent,4,06-02-01-02-05.wav,test
speaker_independent,4,06-02-01-02-10.wav,test
speaker_independent,4,06-02-01-02-15.wav,test
speaker_independent,4,06-02-01-02-20.wav,test
speaker_independent,4,06-02-02-01-05.wav,test
speaker_independent,4,06-02-02-01-10.wav,test
speaker_independent,4,06-02-02-01-15.wav,test
speaker_independent,4,06-02-02-01-20.wav,test
speaker_independent,4,06-02-02-02-05.wav,test
speaker_independent,4,06-02-02-02-10.wav,test
speaker_independent,4,06-02-02-02-15.wav,test
speaker_independent,4,06-02-02-02-20.wav,test
speaker_independent,4,07-01-01-01-05.wav,test
speaker_independent,4,07-01-01-01-10.wav,test
speaker_independent,4,07-01-01-01-15.wav,test
speaker_independent,4,07-01-01-01-20.wav,test
speaker_independent,4,07-01-01-02-05.wav,test
speaker_independent,4,07-01-01-02-10.wav,test
speaker_independent,4,07-01-01-02-15.wav,test
speaker_independent,4,07-01-01-02-20.wav,test
speaker_independent,4,07-01-02-01-05.wav,test
speaker_independent,4,07-01-02-01-10.wav,test
speaker_independent,4,07-01-02-01-15.wav,test
speaker_independent,4,07-01-02-01-20.wav,test
speaker_independent,4,07-01-02-02-05.wav,test
speaker_independent,4,07-01-02-02-10.wav,test
speaker_independent,4,07-01-02-02-15.wav,test
speaker_independent,4,07-01-02-02-20.wav,test
speaker_independent,4,07-02-01-01-05.wav,test
speaker_independent,4,07-02-01-01-10.wav,test
speaker_independent,4,07-02-01-01-15.wav,test
speaker_independent,4,07-02-01-01-20.wav,test
speaker_independent,4,07-02-01-02-05.wav,test
speaker_independent,4,07-02-01-02-10.wav,test
speaker_independent,4,07-02-01-02-15.wav,test
speaker_independent,4,07-02-01-02-20.wav,test
speaker_independent,4,07-02-02-01-05.wav,test
speaker_independent,4,07-02-02-01-10.wav,test
speaker_independent,4,07-02-02-01-15.wav,test
speaker_independent,4,07-02-02-01-20.wav,test
speaker_independent,4,07-02-02-02-05.wav,test
speaker_independent,4,07-02-02-02-10.wav,test
speaker_independent,4,07-02-02-02-15.wav,test
speaker_independent,4,07-02-02-02-20.wav,test
speaker_independent,4,08-01-01-01-05.wav,test
speaker_independent,4,08-01-01-01-10.wav,test
speaker_independent,4,08-01-01-01-15.wav,test
speaker_independent,4,08-01-01-01-20.wav,test
speaker_independent,4,08-01-01-02-05.wav,test
speaker_independent,4,08-01-01-02-10.wav,test
speaker_independent,4,08-01-01-02-15.wav,test
speaker_independent,4,08-01-01-02-20.wav,test
speaker_independent,4,08-01-02-01-05.wav,test
speaker_independent,4,08-01-02-01-10.wav,test
speaker_independent,4,08-01-02-01-15.wav,test
speaker_independent,4,08-01-02-01-20.wav,test
speaker_independent,4,08-01-02-02-05.wav,test
speaker_independent,4,08-01-02-02-10.wav,test
speaker_independent,4,08-01-02-02-15.wav,test
speaker_independent,4,08-01-02-02-20.wav,test
speaker_independent,4,08-02-01-01-05.wav,test
speaker_independent,4,08-02-01-01-10.wav,test
speaker_independent,4,08-02-01-01-15.wav,test
speaker_independent,4,08-02-01-01-20.wav,test
speaker_independent,4,08-02-01-02-05.wav,test
speaker_independent,4,08-02-01-02-10.wav,test
speaker_independent,4,08-02-01-02-15.wav,test
speaker_independent,4,08-02-01-02-20.wav,test
speaker_independent,4,08-02-02-01-05.wav,test
speaker_independent,4,08-02-02-01-10.wav,test
speaker_independent,4,08-02-02-01-15.wav,test
speaker_independent,4,08-02-02-01-20.wav,test
speaker_independent,4,08-02-02-02-05.wav,test
speaker_independent,4,08-02-02-02-10.wav,test
speaker_independent,4,08-02-02-02-15.wav,test
speaker_independent,4,08-02-02-02-20.wav,test
speaker_independent,4,01-01-01-01-01.wav,train
speaker_independent,4,01-01-01-01-02.wav,train
speaker_independent,4,01-01-01-01-03.wav,train
speaker_independent,4,01-01-01-01-04.wav,train
speaker_independent,4,01-01-01-01-06.wav,train
speaker_independent,4,01-01-01-01-07.wav,train
speaker_independent,4,01-01-01-01-08.wav,train
speaker_independent,4,01-01-01-01-09.wav,train
speaker_independent,4,01-01-01-01-11.wav,train
speaker_independent,4,01-01-01-01-12.wav,train
speaker_independent,4,01-01-01-01-13.wav,train
speaker_independent,4,01-01-01-01-14.wav,train
speaker_independent,4,01-01-01-01-16.wav,train
speaker_independent,4,01-01-01-01-17.wav,train
speaker_independent,4,01-01-01-01-18.wav,train
speaker_independent,4,01-01-01-01-19.wav,train
speaker_independent,4,01-01-01-01-21.wav,train
speaker_independent,4,01-01-01-01-22.wav,train
speaker_independent,4,01-01-01-01-23.wav,train
speaker_independent,4,01-01-01-01-24.wav,train
speaker_independent,4,01-01-01-02-01.wav,train
speaker_independent,4,01-01-01-02-02.wav,train
speaker_independent,4,01-01-01-02-03.wav,train
speaker_independent,4,01-01-01-02-04.wav,train
speaker_independent,4,01-01-01-02-06.wav,train
speaker_independent,4,01-01-01-02-07.wav,train
speaker_independent,4,01-01-01-02-08.wav,train
speaker_independent,4,01-01-01-02-09.wav,train
speaker_independent,4,01-01-01-02-11.wav,train
speaker_independent,4,01-01-01-02-12.wav,train
speaker_independent,4,01-01-01-02-13.wav,train
speaker_independent,4,01-01-01-02-14.wav,train
speaker_independent,4,01-01-01-02-16.wav,train
speaker_independent,4,01-01-01-02-17.wav,train
speaker_independent,4,01-01-01-02-18.wav,train
speaker_independent,4,01-01-01-02-19.wav,train
speaker_independent,4,01-01-01-02-21.wav,train
speaker_independent,4,01-01-01-02-22.wav,train
speaker_independent,4,01-01-01-02-23.wav,train
speaker_independent,4,01-01-01-02-24.wav,train
speaker_independent,4,01-01-02-01-01.wav,train
speaker_independent,4,01-01-02-01-02.wav,train
speaker_independent,4,01-01-02-01-03.wav,train
speaker_independent,4,01-01-02-01-04.wav,train
speaker_independent,4,01-01-02-01-06.wav,train
speaker_independent,4,01-01-02-01-07.wav,train
speaker_independent,4,01-01-02-01-08.wav,train
speaker_independent,4,01-01-02-01-09.wav,train
speaker_independent,4,01-01-02-01-11.wav,train
speaker_independent,4,01-01-02-01-12.wav,train
speaker_independent,4,01-01-02-01-13.wav,train
speaker_independent,4,01-01-02-01-14.wav,train
speaker_independent,4,01-01-02-01-16.wav,train
speaker_independent,4,01-01-02-01-17.wav,train
speaker_independent,4,01-01-02-01-18.wav,train
speaker_independent,4,01-01-02-01-19.wav,train
speaker_independent,4,01-01-02-01-21.wav,train
speaker_independent,4,01-01-02-01-22.wav,train
speaker_independent,4,01-01-02-01-23.wav,train
speaker_independent,4,01-01-02-01-24.wav,train
speaker_independent,4,01-01-02-02-01.wav,train
speaker_independent,4,01-01-02-02-02.wav,train
speaker_independent,4,01-01-02-02-03.wav,train
speaker_independent,4,01-01-02-02-04.wav,train
speaker_independent,4,01-01-02-02-06.wav,train
speaker_independent,4,01-01-02-02-07.wav,train
speaker_independent,4,01-01-02-02-08.wav,train
speaker_independent,4,01-01-02-02-09.wav,train
speaker_independent,4,01-01-02-02-11.wav,train
speaker_independent,4,01-01-02-02-12.wav,train
speaker_independent,4,01-01-02-02-13.wav,train
speaker_independent,4,01-01-02-02-14.wav,train
speaker_independent,4,01-01-02-02-16.wav,train
speaker_independent,4,01-01-02-02-17.wav,train
speaker_independent,4,01-01-02-02-18.wav,train
speaker_independent,4,01-01-02-02-19.wav,train
speaker_independent,4,01-01-02-02-21.wav,train
speaker_independent,4,01-01-02-02-22.wav,train
speaker_independent,4,01-01-02-02-23.wav,train
speaker_independent,4,01-01-02-02-24.wav,train
speaker_independent,4,02-01-01-01-01.wav,train
speaker_independent,4,02-01-01-01-02.wav,train
speaker_independent,4,02-01-01-01-03.wav,train
speaker_independent,4,02-01-01-01-04.wav,train
speaker_independent,4,02-01-01-01-06.wav,train
speaker_independent,4,02-01-01-01-07.wav,train
speaker_independent,4,02-01-01-01-08.wav,train
speaker_independent,4,02-01-01-01-09.wav,train
speaker_independent,4,02-01-01-01-11.wav,train
speaker_independent,4,02-01-01-01-12.wav,train
speaker_independent,4,02-01-01-01-13.wav,train
speaker_independent,4,02-01-01-01-14.wav,train
speaker_independent,4,02-01-01-01-16.wav,train
speaker_independent,4,02-01-01-01-17.wav,train
speaker_independent,4,02-01-01-01-18.wav,train
speaker_independent,4,02-01-01-01-19.wav,train
speaker_independent,4,02-01-01-01-21.wav,train
speaker_independent,4,02-01-01-01-22.wav,train
speaker_independent,4,02-01-01-01-23.wav,train
speaker_independent,4,02-01-01-01-24.wav,train
speaker_independent,4,02-01-01-02-01.wav,train
speaker_independent,4,02-01-01-02-02.wav,train
speaker_independent,4,02-01-01-02-03.wav,train
speaker_independent,4,02-01-01-02-04.wav,train
speaker_independent,4,02-01-01-02-06.wav,train
speaker_independent,4,02-01-01-02-07.wav,train
speaker_independent,4,02-01-01-02-08.wav,train
speaker_independent,4,02-01-01-02-09.wav,train
speaker_independent,4,02-01-01-02-11.wav,train
speaker_independent,4,02-01-01-02-12.wav,train
speaker_independent,4,02-01-01-02-13.wav,train
speaker_independent,4,02-01-01-02-14.wav,train
speaker_independent,4,02-01-01-02-16.wav,train
speaker_independent,4,02-01-01-02-17.wav,train
speaker_independent,4,02-01-01-02-18.wav,train
speaker_independent,4,02-01-01-02-19.wav,train
speaker_independent,4,02-01-01-02-21.wav,train
speaker_independent,4,02-01-01-02-22.wav,train
speaker_independent,4,02-01-01-02-23.wav,train
speaker_independent,4,02-01-01-02-24.wav,train
speaker_independent,4,02-01-02-01-01.wav,train
speaker_independent,4,02-01-02-01-02.wav,train
speaker_independent,4,02-01-02-01-03.wav,train
speaker_independent,4,02-01-02-01-04.wav,train
speaker_independent,4,02-01-02-01-06.wav,train
speaker_independent,4,02-01-02-01-07.wav,train
speaker_independent,4,02-01-02-01-08.wav,train
speaker_independent,4,02-01-02-01-09.wav,train
speaker_independent,4,02-01-02-01-11.wav,train
speaker_independent,4,02-01-02-01-12.wav,train
speaker_independent,4,02-01-02-01-13.wav,train
speaker_independent,4,02-01-02-01-14.wav,train
speaker_independent,4,02-01-02-01-16.wav,train
speaker_independent,4,02-01-02-01-17.wav,train
speaker_independent,4,02-01-02-01-18.wav,train
speaker_independent,4,02-01-02-01-19.wav,train
speaker_independent,4,02-01-02-01-21.wav,train
speaker_independent,4,02-01-02-01-22.wav,train
speaker_independent,4,02-01-02-01-23.wav,train
speaker_independent,4,02-01-02-01-24.wav,train
speaker_independent,4,02-01-02-02-01.wav,train
speaker_independent,4,02-01-02-02-02.wav,train
speaker_independent,4,02-01-02-02-03.wav,train
speaker_independent,4,02-01-02-02-04.wav,train
speaker_independent,4,02-01-02-02-06.wav,train
speaker_independent,4,02-01-02-02-07.wav,train
speaker_independent,4,02-01-02-02-08.wav,train
speaker_independent,4,02-01-02-02-09.wav,train
speaker_independent,4,02-01-02-02-11.wav,train
speaker_independent,4,02-01-02-02-12.wav,train
speaker_independent,4,02-01-02-02-13.wav,train
speaker_independent,4,02-01-02-02-14.wav,train
speaker_independent,4,02-01-02-02-16.wav,train
speaker_independent,4,02-01-02-02-17.wav,train
speaker_independent,4,02-01-02-02-18.wav,train
speaker_independent,4,02-01-02-02-19.wav,train
speaker_independent,4,02-01-02-02-21.wav,train
speaker_independent,4,02-01-02-02-22.wav,train
speaker_independent,4,02-01-02-02-23.wav,train
speaker_independent,4,02-01-02-02-24.wav,train
speaker_independent,4,02-02-01-01-01.wav,train
speaker_independent,4,02-02-01-01-02.wav,train
speaker_independent,4,02-02-01-01-03.wav,train
speaker_independent,4,02-02-01-01-04.wav,train
speaker_independent,4,02-02-01-01-06.wav,train
speaker_independent,4,02-02-01-01-07.wav,train
speaker_independent,4,02-02-01-01-08.wav,train
speaker_independent,4,02-02-01-01-09.wav,train
speaker_independent,4,02-02-01-01-11.wav,train
speaker_independent,4,02-02-01-01-12.wav,train
speaker_independent,4,02-02-01-01-13.wav,train
speaker_independent,4,02-02-01-01-14.wav,train
speaker_independent,4,02-02-01-01-16.wav,train
speaker_independent,4,02-02-01-01-17.wav,train
speaker_independent,4,02-02-01-01-18.wav,train
speaker_independent,4,02-02-01-01-19.wav,train
speaker_independent,4,02-02-01-01-21.wav,train
speaker_independent,4,02-02-01-01-22.wav,train
speaker_independent,4,02-02-01-01-23.wav,train
speaker_independent,4,02-02-01-01-24.wav,train
speaker_independent,4,02-02-01-02-01.wav,train
speaker_independent,4,02-02-01-02-02.wav,train
speaker_independent,4,02-02-01-02-03.wav,train
speaker_independent,4,02-02-01-02-04.wav,train
speaker_independent,4,02-02-01-02-06.wav,train
speaker_independent,4,02-02-01-02-07.wav,train
speaker_independent,4,02-02-01-02-08.wav,train
speaker_independent,4,02-02-01-02-09.wav,train
speaker_independent,4,02-02-01-02-11.wav,train
speaker_independent,4,02-02-01-02-12.wav,train
speaker_independent,4,02-02-01-02-13.wav,train
speaker_independent,4,02-02-01-02-14.wav,train
speaker_independent,4,02-02-01-02-16.wav,train
speaker_independent,4,02-02-01-02-17.wav,train
speaker_independent,4,02-02-01-02-18.wav,train
speaker_independent,4,02-02-01-02-19.wav,train
speaker_independent,4,02-02-01-02-21.wav,train
speaker_independent,4,02-02-01-02-22.wav,train
speaker_independent,4,02-02-01-02-23.wav,train
speaker_independent,4,02-02-01-02-24.wav,train
speaker_independent,4,02-02-02-01-01.wav,train
speaker_independent,4,02-02-02-01-02.wav,train
speaker_independent,4,02-02-02-01-03.wav,train
speaker_independent,4,02-02-02-01-04.wav,train
speaker_independent,4,02-02-02-01-06.wav,train
speaker_independent,4,02-02-02-01-07.wav,train
speaker_independent,4,02-02-02-01-08.wav,train
speaker_independent,4,02-02-02-01-09.wav,train
speaker_independent,4,02-02-02-01-11.wav,train
speaker_independent,4,02-02-02-01-12.wav,train
speaker_independent,4,02-02-02-01-13.wav,train
speaker_independent,4,02-02-02-01-14.wav,train
speaker_independent,4,02-02-02-01-16.wav,train
speaker_independent,4,02-02-02-01-17.wav,train
speaker_independent,4,02-02-02-01-18.wav,train
speaker_independent,4,02-02-02-01-19.wav,train
speaker_independent,4,02-02-02-01-21.wav,train
speaker_independent,4,02-02-02-01-22.wav,train
speaker_independent,4,02-02-02-01-23.wav,train
speaker_independent,4,02-02-02-01-24.wav,train
speaker_independent,4,02-02-02-02-01.wav,train
speaker_independent,4,02-02-02-02-02.wav,train
speaker_independent,4,02-02-02-02-03.wav,train
speaker_independent,4,02-02-02-02-04.wav,train
speaker_independent,4,02-02-02-02-06.wav,train
speaker_independent,4,02-02-02-02-07.wav,train
speaker_independent,4,02-02-02-02-08.wav,train
speaker_independent,4,02-02-02-02-09.wav,train
speaker_independent,4,02-02-02-02-11.wav,train
speaker_independent,4,02-02-02-02-12.wav,train
speaker_independent,4,02-02-02-02-13.wav,train
speaker_independent,4,02-02-02-02-14.wav,train
speaker_independent,4,02-02-02-02-16.wav,train
speaker_independent,4,02-02-02-02-17.wav,train
speaker_independent,4,02-02-02-02-18.wav,train
speaker_independent,4,02-02-02-02-19.wav,train
speaker_independent,4,02-02-02-02-21.wav,train
speaker_independent,4,02-02-02-02-22.wav,train
speaker_independent,4,02-02-02-02-23.wav,train
speaker_independent,4,02-02-02-02-24.wav,train
speaker_independent,4,03-01-01-01-01.wav,train
speaker_independent,4,03-01-01-01-02.wav,train
speaker_independent,4,03-01-01-01-03.wav,train
speaker_independent,4,03-01-01-01-04.wav,train
speaker_independent,4,03-01-01-01-06.wav,train
speaker_independent,4,03-01-01-01-07.wav,train
speaker_independent,4,03-01-01-01-08.wav,train
speaker_independent,4,03-01-01-01-09.wav,train
speaker_independent,4,03-01-01-01-11.wav,train
speaker_independent,4,03-01-01-01-12.wav,train
speaker_independent,4,03-01-01-01-13.wav,train
speaker_independent,4,03-01-01-01-14.wav,train
speaker_independent,4,03-01-01-01-16.wav,train
speaker_independent,4,03-01-01-01-17.wav,train
speaker_independent,4,03-01-01-01-18.wav,train
speaker_independent,4,03-01-01-01-19.wav,train
speaker_independent,4,03-01-01-01-21.wav,train
speaker_independent,4,03-01-01-01-22.wav,train
speaker_independent,4,03-01-01-01-23.wav,train
speaker_independent,4,03-01-01-01-24.wav,train
speaker_independent,4,03-01-01-02-01.wav,train
speaker_independent,4,03-01-01-02-02.wav,train
speaker_independent,4,03-01-01-02-03.wav,train
speaker_independent,4,03-01-01-02-04.wav,train
speaker_independent,4,03-01-01-02-06.wav,train
speaker_independent,4,03-01-01-02-07.wav,train
speaker_independent,4,03-01-01-02-08.wav,train
speaker_independent,4,03-01-01-02-09.wav,train
speaker_independent,4,03-01-01-02-11.wav,train
speaker_independent,4,03-01-01-02-12.wav,train
speaker_independent,4,03-01-01-02-13.wav,train
speaker_independent,4,03-01-01-02-14.wav,train
speaker_independent,4,03-01-01-02-16.wav,train
speaker_independent,4,03-01-01-02-17.wav,train
speaker_independent,4,03-01-01-02-18.wav,train
speaker_independent,4,03-01-01-02-19.wav,train
speaker_independent,4,03-01-01-02-21.wav,train
speaker_independent,4,03-01-01-02-22.wav,train
speaker_independent,4,03-01-01-02-23.wav,train
speaker_independent,4,03-01-01-02-24.wav,train
speaker_independent,4,03-01-02-01-01.wav,train
speaker_independent,4,03-01-02-01-02.wav,train
speaker_independent,4,03-01-02-01-03.wav,train
speaker_independent,4,03-01-02-01-04.wav,train
speaker_independent,4,03-01-02-01-06.wav,train
speaker_independent,4,03-01-02-01-07.wav,train
speaker_independent,4,03-01-02-01-08.wav,train
speaker_independent,4,03-01-02-01-09.wav,train
speaker_independent,4,03-01-02-01-11.wav,train
speaker_independent,4,03-01-02-01-12.wav,train
speaker_independent,4,03-01-02-01-13.wav,train
speaker_independent,4,03-01-02-01-14.wav,train
speaker_independent,4,03-01-02-01-16.wav,train
speaker_independent,4,03-01-02-01-17.wav,train
speaker_independent,4,03-01-02-01-18.wav,train
speaker_independent,4,03-01-02-01-19.wav,train
speaker_independent,4,03-01-02-01-21.wav,train
speaker_independent,4,03-01-02-01-22.wav,train
speaker_independent,4,03-01-02-01-23.wav,train
speaker_independent,4,03-01-02-01-24.wav,train
speaker_independent,4,03-01-02-02-01.wav,train
speaker_independent,4,03-01-02-02-02.wav,train
speaker_independent,4,03-01-02-02-03.wav,train
speaker_independent,4,03-01-02-02-04.wav,train
speaker_independent,4,03-01-02-02-06.wav,train
speaker_independent,4,03-01-02-02-07.wav,train
speaker_independent,4,03-01-02-02-08.wav,train
speaker_independent,4,03-01-02-02-09.wav,train
speaker_independent,4,03-01-02-02-11.wav,train
speaker_independent,4,03-01-02-02-12.wav,train
speaker_independent,4,03-01-02-02-13.wav,train
speaker_independent,4,03-01-02-02-14.wav,train
speaker_independent,4,03-01-02-02-16.wav,train
speaker_independent,4,03-01-02-02-17.wav,train
speaker_independent,4,03-01-02-02-18.wav,train
speaker_independent,4,03-01-02-02-19.wav,train
speaker_independent,4,03-01-02-02-21.wav,train
speaker_independent,4,03-01-02-02-22.wav,train
speaker_independent,4,03-01-02-02-23.wav,train
speaker_independent,4,03-01-02-02-24.wav,train
speaker_independent,4,03-02-01-01-01.wav,train
speaker_independent,4,03-02-01-01-02.wav,train
speaker_independent,4,03-02-01-01-03.wav,train
speaker_independent,4,03-02-01-01-04.wav,train
speaker_independent,4,03-02-01-01-06.wav,train
speaker_independent,4,03-02-01-01-07.wav,train
speaker_independent,4,03-02-01-01-08.wav,train
speaker_independent,4,03-02-01-01-09.wav,train
speaker_independent,4,03-02-01-01-11.wav,train
speaker_independent,4,03-02-01-01-12.wav,train
speaker_independent,4,03-02-01-01-13.wav,train
speaker_independent,4,03-02-01-01-14.wav,train
speaker_independent,4,03-02-01-01-16.wav,train
speaker_independent,4,03-02-01-01-17.wav,train
speaker_independent,4,03-02-01-01-18.wav,train
speaker_independent,4,03-02-01-01-19.wav,train
speaker_independent,4,03-02-01-01-21.wav,train
speaker_independent,4,03-02-01-01-22.wav,train
speaker_independent,4,03-02-01-01-23.wav,train
speaker_independent,4,03-02-01-01-24.wav,train
speaker_independent,4,03-02-01-02-01.wav,train
speaker_independent,4,03-02-01-02-02.wav,train
speaker_independent,4,03-02-01-02-03.wav,train
speaker_independent,4,03-02-01-02-04.wav,train
speaker_independent,4,03-02-01-02-06.wav,train
speaker_independent,4,03-02-01-02-07.wav,train
speaker_independent,4,03-02-01-02-08.wav,train
speaker_independent,4,03-02-01-02-09.wav,train
speaker_independent,4,03-02-01-02-11.wav,train
speaker_independent,4,03-02-01-02-12.wav,train
speaker_independent,4,03-02-01-02-13.wav,train
speaker_independent,4,03-02-01-02-14.wav,train
speaker_independent,4,03-02-01-02-16.wav,train
speaker_independent,4,03-02-01-02-17.wav,train
speaker_independent,4,03-02-01-02-18.wav,train
speaker_independent,4,03-02-01-02-19.wav,train
speaker_independent,4,03-02-01-02-21.wav,train
speaker_independent,4,03-02-01-02-22.wav,train
speaker_independent,4,03-02-01-02-23.wav,train
speaker_independent,4,03-02-01-02-24.wav,train
speaker_independent,4,03-02-02-01-01.wav,train
speaker_independent,4,03-02-02-01-02.wav,train
speaker_independent,4,03-02-02-01-03.wav,train
speaker_independent,4,03-02-02-01-04.wav,train
speaker_independent,4,03-02-02-01-06.wav,train
speaker_independent,4,03-02-02-01-07.wav,train
speaker_independent,4,03-02-02-01-08.wav,train
speaker_independent,4,03-02-02-01-09.wav,train
speaker_independent,4,03-02-02-01-11.wav,train
speaker_independent,4,03-02-02-01-12.wav,train
speaker_independent,4,03-02-02-01-13.wav,train
speaker_independent,4,03-02-02-01-14.wav,train
speaker_independent,4,03-02-02-01-16.wav,train
speaker_independent,4,03-02-02-01-17.wav,train
speaker_independent,4,03-02-02-01-18.wav,train
speaker_independent,4,03-02-02-01-19.wav,train
speaker_independent,4,03-02-02-01-21.wav,train
speaker_independent,4,03-02-02-01-22.wav,train
speaker_independent,4,03-02-02-01-23.wav,train
speaker_independent,4,03-02-02-01-24.wav,train
speaker_independent,4,03-02-02-02-01.wav,train
speaker_independent,4,03-02-02-02-02.wav,train
speaker_independent,4,03-02-02-02-03.wav,train
speaker_independent,4,03-02-02-02-04.wav,train
speaker_independent,4,03-02-02-02-06.wav,train
speaker_independent,4,03-02-02-02-07.wav,train
speaker_independent,4,03-02-02-02-08.wav,train
speaker_independent,4,03-02-02-02-09.wav,train
speaker_independent,4,03-02-02-02-11.wav,train
speaker_independent,4,03-02-02-02-12.wav,train
speaker_independent,4,03-02-02-02-13.wav,train
speaker_independent,4,03-02-02-02-14.wav,train
speaker_independent,4,03-02-02-02-16.wav,train
speaker_independent,4,03-02-02-02-17.wav,train
speaker_independent,4,03-02-02-02-18.wav,train
speaker_independent,4,03-02-02-02-19.wav,train
speaker_independent,4,03-02-02-02-21.wav,train
speaker_independent,4,03-02-02-02-22.wav,train
speaker_independent,4,03-02-02-02-23.wav,train
speaker_independent,4,03-02-02-02-24.wav,train
speaker_independent,4,04-01-01-01-01.wav,train
speaker_independent,4,04-01-01-01-02.wav,train
speaker_independent,4,04-01-01-01-03.wav,train
speaker_independent,4,04-01-01-01-04.wav,train
speaker_independent,4,04-01-01-01-06.wav,train
speaker_independent,4,04-01-01-01-07.wav,train
speaker_independent,4,04-01-01-01-08.wav,train
speaker_independent,4,04-01-01-01-09.wav,train
speaker_independent,4,04-01-01-01-11.wav,train
speaker_independent,4,04-01-01-01-12.wav,train
speaker_independent,4,04-01-01-01-13.wav,train
speaker_independent,4,04-01-01-01-14.wav,train
speaker_independent,4,04-01-01-01-16.wav,train
speaker_independent,4,04-01-01-01-17.wav,train
speaker_independent,4,04-01-01-01-18.wav,train
speaker_independent,4,04-01-01-01-19.wav,train
speaker_independent,4,04-01-01-01-21.wav,train
speaker_independent,4,04-01-01-01-22.wav,train
speaker_independent,4,04-01-01-01-23.wav,train
speaker_independent,4,04-01-01-01-24.wav,train
speaker_independent,4,04-01-01-02-01.wav,train
speaker_independent,4,04-01-01-02-02.wav,train
speaker_independent,4,04-01-01-02-03.wav,train
speaker_independent,4,04-01-01-02-04.wav,train
speaker_independent,4,04-01-01-02-06.wav,train
speaker_independent,4,04-01-01-02-07.wav,train
speaker_independent,4,04-01-01-02-08.wav,train
speaker_independent,4,04-01-01-02-09.wav,train
speaker_independent,4,04-01-01-02-11.wav,train
speaker_independent,4,04-01-01-02-12.wav,train
speaker_independent,4,04-01-01-02-13.wav,train
speaker_independent,4,04-01-01-02-14.wav,train
speaker_independent,4,04-01-01-02-16.wav,train
speaker_independent,4,04-01-01-02-17.wav,train
speaker_independent,4,04-01-01-02-18.wav,train
speaker_independent,4,04-01-01-02-19.wav,train
speaker_independent,4,04-01-01-02-21.wav,train
speaker_independent,4,04-01-01-02-22.wav,train
speaker_independent,4,04-01-01-02-23.wav,train
speaker_independent,4,04-01-01-02-24.wav,train
speaker_independent,4,04-01-02-01-01.wav,train
speaker_independent,4,04-01-02-01-02.wav,train
speaker_independent,4,04-01-02-01-03.wav,train
speaker_independent,4,04-01-02-01-04.wav,train
speaker_independent,4,04-01-02-01-06.wav,train
speaker_independent,4,04-01-02-01-07.wav,train
speaker_independent,4,04-01-02-01-08.wav,train
speaker_independent,4,04-01-02-01-09.wav,train
speaker_independent,4,04-01-02-01-11.wav,train
speaker_independent,4,04-01-02-01-12.wav,train
speaker_independent,4,04-01-02-01-13.wav,train
speaker_independent,4,04-01-02-01-14.wav,train
speaker_independent,4,04-01-02-01-16.wav,train
speaker_independent,4,04-01-02-01-17.wav,train
speaker_independent,4,04-01-02-01-18.wav,train
speaker_independent,4,04-01-02-01-19.wav,train
speaker_independent,4,04-01-02-01-21.wav,train
speaker_independent,4,04-01-02-01-22.wav,train
speaker_independent,4,04-01-02-01-23.wav,train
speaker_independent,4,04-01-02-01-24.wav,train
speaker_independent,4,04-01-02-02-01.wav,train
speaker_independent,4,04-01-02-02-02.wav,train
speaker_independent,4,04-01-02-02-03.wav,train
speaker_independent,4,04-01-02-02-04.wav,train
speaker_independent,4,04-01-02-02-06.wav,train
speaker_independent,4,04-01-02-02-07.wav,train
speaker_independent,4,04-01-02-02-08.wav,train
speaker_independent,4,04-01-02-02-09.wav,train
speaker_independent,4,04-01-02-02-11.wav,train
speaker_independent,4,04-01-02-02-12.wav,train
speaker_independent,4,04-01-02-02-13.wav,train
speaker_independent,4,04-01-02-02-14.wav,train
speaker_independent,4,04-01-02-02-16.wav,train
speaker_independent,4,04-01-02-02-17.wav,train
speaker_independent,4,04-01-02-02-18.wav,train
speaker_independent,4,04-01-02-02-19.wav,train
speaker_independent,4,04-01-02-02-21.wav,train
speaker_independent,4,04-01-02-02-22.wav,train
speaker_independent,4,04-01-02-02-23.wav,train
speaker_independent,4,04-01-02-02-24.wav,train
speaker_independent,4,04-02-01-01-01.wav,train
speaker_independent,4,04-02-01-01-02.wav,train
speaker_independent,4,04-02-01-01-03.wav,train
speaker_independent,4,04-02-01-01-04.wav,train
speaker_independent,4,04-02-01-01-06.wav,train
speaker_independent,4,04-02-01-01-07.wav,train
speaker_independent,4,04-02-01-01-08.wav,train
speaker_independent,4,04-02-01-01-09.wav,train
speaker_independent,4,04-02-01-01-11.wav,train
speaker_independent,4,04-02-01-01-12.wav,train
speaker_independent,4,04-02-01-01-13.wav,train
speaker_independent,4,04-02-01-01-14.wav,train
speaker_independent,4,04-02-01-01-16.wav,train
speaker_independent,4,04-02-01-01-17.wav,train
speaker_independent,4,04-02-01-01-18.wav,train
speaker_independent,4,04-02-01-01-19.wav,train
speaker_independent,4,04-02-01-01-21.wav,train
speaker_independent,4,04-02-01-01-22.wav,train
speaker_independent,4,04-02-01-01-23.wav,train
speaker_independent,4,04-02-01-01-24.wav,train
speaker_independent,4,04-02-01-02-01.wav,train
speaker_independent,4,04-02-01-02-02.wav,train
speaker_independent,4,04-02-01-02-03.wav,train
speaker_independent,4,04-02-01-02-04.wav,train
speaker_independent,4,04-02-01-02-06.wav,train
speaker_independent,4,04-02-01-02-07.wav,train
speaker_independent,4,04-02-01-02-08.wav,train
speaker_independent,4,04-02-01-02-09.wav,train
speaker_independent,4,04-02-01-02-11.wav,train
speaker_independent,4,04-02-01-02-12.wav,train
speaker_independent,4,04-02-01-02-13.wav,train
speaker_independent,4,04-02-01-02-14.wav,train
speaker_independent,4,04-02-01-02-16.wav,train
speaker_independent,4,04-02-01-02-17.wav,train
speaker_independent,4,04-02-01-02-18.wav,train
speaker_independent,4,04-02-01-02-19.wav,train
speaker_independent,4,04-02-01-02-21.wav,train
speaker_independent,4,04-02-01-02-22.wav,train
speaker_independent,4,04-02-01-02-23.wav,train
speaker_independent,4,04-02-01-02-24.wav,train
speaker_independent,4,04-02-02-01-01.wav,train
speaker_independent,4,04-02-02-01-02.wav,train
speaker_independent,4,04-02-02-01-03.wav,train
speaker_independent,4,04-02-02-01-04.wav,train
speaker_independent,4,04-02-02-01-06.wav,train
speaker_independent,4,04-02-02-01-07.wav,train
speaker_independent,4,04-02-02-01-08.wav,train
speaker_independent,4,04-02-02-01-09.wav,train
speaker_independent,4,04-02-02-01-11.wav,train
speaker_independent,4,04-02-02-01-12.wav,train
speaker_independent,4,04-02-02-01-13.wav,train
speaker_independent,4,04-02-02-01-14.wav,train
speaker_independent,4,04-02-02-01-16.wav,train
speaker_independent,4,04-02-02-01-17.wav,train
speaker_independent,4,04-02-02-01-18.wav,train
speaker_independent,4,04-02-02-01-19.wav,train
speaker_independent,4,04-02-02-01-21.wav,train
speaker_independent,4,04-02-02-01-22.wav,train
speaker_independent,4,04-02-02-01-23.wav,train
speaker_independent,4,04-02-02-01-24.wav,train
speaker_independent,4,04-02-02-02-01.wav,train
speaker_independent,4,04-02-02-02-02.wav,train
speaker_independent,4,04-02-02-02-03.wav,train
speaker_independent,4,04-02-02-02-04.wav,train
speaker_independent,4,04-02-02-02-06.wav,train
speaker_independent,4,04-02-02-02-07.wav,train
speaker_independent,4,04-02-02-02-08.wav,train
speaker_independent,4,04-02-02-02-09.wav,train
speaker_independent,4,04-02-02-02-11.wav,train
speaker_independent,4,04-02-02-02-12.wav,train
speaker_independent,4,04-02-02-02-13.wav,train
speaker_independent,4,04-02-02-02-14.wav,train
speaker_independent,4,04-02-02-02-16.wav,train
speaker_independent,4,04-02-02-02-17.wav,train
speaker_independent,4,04-02-02-02-18.wav,train
speaker_independent,4,04-02-02-02-19.wav,train
speaker_independent,4,04-02-02-02-21.wav,train
speaker_independent,4,04-02-02-02-22.wav,train
speaker_independent,4,04-02-02-02-23.wav,train
speaker_independent,4,04-02-02-02-24.wav,train
speaker_independent,4,05-01-01-01-01.wav,train
speaker_independent,4,05-01-01-01-02.wav,train
speaker_independent,4,05-01-01-01-03.wav,train
speaker_independent,4,05-01-01-01-04.wav,train
speaker_independent,4,05-01-01-01-06.wav,train
speaker_independent,4,05-01-01-01-07.wav,train
speaker_independent,4,05-01-01-01-08.wav,train
speaker_independent,4,05-01-01-01-09.wav,train
speaker_independent,4,05-01-01-01-11.wav,train
speaker_independent,4,05-01-01-01-12.wav,train
speaker_independent,4,05-01-01-01-13.wav,train
speaker_independent,4,05-01-01-01-14.wav,train
speaker_independent,4,05-01-01-01-16.wav,train
speaker_independent,4,05-01-01-01-17.wav,train
speaker_independent,4,05-01-01-01-18.wav,train
speaker_independent,4,05-01-01-01-19.wav,train
speaker_independent,4,05-01-01-01-21.wav,train
speaker_independent,4,05-01-01-01-22.wav,train
speaker_independent,4,05-01-01-01-23.wav,train
speaker_independent,4,05-01-01-01-24.wav,train
speaker_independent,4,05-01-01-02-01.wav,train
speaker_independent,4,05-01-01-02-02.wav,train
speaker_independent,4,05-01-01-02-03.wav,train
speaker_independent,4,05-01-01-02-04.wav,train
speaker_independent,4,05-01-01-02-06.wav,train
speaker_independent,4,05-01-01-02-07.wav,train
speaker_independent,4,05-01-01-02-08.wav,train
speaker_independent,4,05-01-01-02-09.wav,train
speaker_independent,4,05-01-01-02-11.wav,train
speaker_independent,4,05-01-01-02-12.wav,train
speaker_independent,4,05-01-01-02-13.wav,train
speaker_independent,4,05-01-01-02-14.wav,train
speaker_independent,4,05-01-01-02-16.wav,train
speaker_independent,4,05-01-01-02-17.wav,train
speaker_independent,4,05-01-01-02-18.wav,train
speaker_independent,4,05-01-01-02-19.wav,train
speaker_independent,4,05-01-01-02-21.wav,train
speaker_independent,4,05-01-01-02-22.wav,train
speaker_independent,4,05-01-01-02-23.wav,train
speaker_independent,4,05-01-01-02-24.wav,train
speaker_independent,4,05-01-02-01-01.wav,train
speaker_independent,4,05-01-02-01-02.wav,train
speaker_independent,4,05-01-02-01-03.wav,train
speaker_independent,4,05-01-02-01-04.wav,train
speaker_independent,4,05-01-02-01-06.wav,train
speaker_independent,4,05-01-02-01-07.wav,train
speaker_independent,4,05-01-02-01-08.wav,train
speaker_independent,4,05-01-02-01-09.wav,train
speaker_independent,4,05-01-02-01-11.wav,train
speaker_independent,4,05-01-02-01-12.wav,train
speaker_independent,4,05-01-02-01-13.wav,train
speaker_independent,4,05-01-02-01-14.wav,train
speaker_independent,4,05-01-02-01-16.wav,train
speaker_independent,4,05-01-02-01-17.wav,train
speaker_independent,4,05-01-02-01-18.wav,train
speaker_independent,4,05-01-02-01-19.wav,train
speaker_independent,4,05-01-02-01-21.wav,train
speaker_independent,4,05-01-02-01-22.wav,train
speaker_independent,4,05-01-02-01-23.wav,train
speaker_independent,4,05-01-02-01-24.wav,train
speaker_independent,4,05-01-02-02-01.wav,train
speaker_independent,4,05-01-02-02-02.wav,train
speaker_independent,4,05-01-02-02-03.wav,train
speaker_independent,4,05-01-02-02-04.wav,train
speaker_independent,4,05-01-02-02-06.wav,train
speaker_independent,4,05-01-02-02-07.wav,train
speaker_independent,4,05-01-02-02-08.wav,train
speaker_independent,4,05-01-02-02-09.wav,train
speaker_independent,4,05-01-02-02-11.wav,train
speaker_independent,4,05-01-02-02-12.wav,train
speaker_independent,4,05-01-02-02-13.wav,train
speaker_independent,4,05-01-02-02-14.wav,train
speaker_independent,4,05-01-02-02-16.wav,train
speaker_independent,4,05-01-02-02-17.wav,train
speaker_independent,4,05-01-02-02-18.wav,train
speaker_independent,4,05-01-02-02-19.wav,train
speaker_independent,4,05-01-02-02-21.wav,train
speaker_independent,4,05-01-02-02-22.wav,train
speaker_independent,4,05-01-02-02-23.wav,train
speaker_independent,4,05-01-02-02-24.wav,train
speaker_independent,4,05-02-01-01-01.wav,train
speaker_independent,4,05-02-01-01-02.wav,train
speaker_independent,4,05-02-01-01-03.wav,train
speaker_independent,4,05-02-01-01-04.wav,train
speaker_independent,4,05-02-01-01-06.wav,train
speaker_independent,4,05-02-01-01-07.wav,train
speaker_independent,4,05-02-01-01-08.wav,train
speaker_independent,4,05-02-01-01-09.wav,train
speaker_independent,4,05-02-01-01-11.wav,train
speaker_independent,4,05-02-01-01-12.wav,train
speaker_independent,4,05-02-01-01-13.wav,train
speaker_independent,4,05-02-01-01-14.wav,train
speaker_independent,4,05-02-01-01-16.wav,train
speaker_independent,4,05-02-01-01-17.wav,train
speaker_independent,4,05-02-01-01-18.wav,train
speaker_independent,4,05-02-01-01-19.wav,train
speaker_independent,4,05-02-01-01-21.wav,train
speaker_independent,4,05-02-01-01-22.wav,train
speaker_independent,4,05-02-01-01-23.wav,train
speaker_independent,4,05-02-01-01-24.wav,train
speaker_independent,4,05-02-01-02-01.wav,train
speaker_independent,4,05-02-01-02-02.wav,train
speaker_independent,4,05-02-01-02-03.wav,train
speaker_independent,4,05-02-01-02-04.wav,train
speaker_independent,4,05-02-01-02-06.wav,train
speaker_independent,4,05-02-01-02-07.wav,train
speaker_independent,4,05-02-01-02-08.wav,train
speaker_independent,4,05-02-01-02-09.wav,train
speaker_independent,4,05-02-01-02-11.wav,train
speaker_independent,4,05-02-01-02-12.wav,train
speaker_independent,4,05-02-01-02-13.wav,train
speaker_independent,4,05-02-01-02-14.wav,train
speaker_independent,4,05-02-01-02-16.wav,train
speaker_independent,4,05-02-01-02-17.wav,train
speaker_independent,4,05-02-01-02-18.wav,train
speaker_independent,4,05-02-01-02-19.wav,train
speaker_independent,4,05-02-01-02-21.wav,train
speaker_independent,4,05-02-01-02-22.wav,train
speaker_independent,4,05-02-01-02-23.wav,train
speaker_independent,4,05-02-01-02-24.wav,train
speaker_independent,4,05-02-02-01-01.wav,train
speaker_independent,4,05-02-02-01-02.wav,train
speaker_independent,4,05-02-02-01-03.wav,train
speaker_independent,4,05-02-02-01-04.wav,train
speaker_independent,4,05-02-02-01-06.wav,train
speaker_independent,4,05-02-02-01-07.wav,train
speaker_independent,4,05-02-02-01-08.wav,train
speaker_independent,4,05-02-02-01-09.wav,train
speaker_independent,4,05-02-02-01-11.wav,train
speaker_independent,4,05-02-02-01-12.wav,train
speaker_independent,4,05-02-02-01-13.wav,train
speaker_independent,4,05-02-02-01-14.wav,train
speaker_independent,4,05-02-02-01-16.wav,train
speaker_independent,4,05-02-02-01-17.wav,train
speaker_independent,4,05-02-02-01-18.wav,train
speaker_independent,4,05-02-02-01-19.wav,train
speaker_independent,4,05-02-02-01-21.wav,train
speaker_independent,4,05-02-02-01-22.wav,train
speaker_independent,4,05-02-02-01-23.wav,train
speaker_independent,4,05-02-02-01-24.wav,train
speaker_independent,4,05-02-02-02-01.wav,train
speaker_independent,4,05-02-02-02-02.wav,train
speaker_independent,4,05-02-02-02-03.wav,train
speaker_independent,4,05-02-02-02-04.wav,train
speaker_independent,4,05-02-02-02-06.wav,train
speaker_independent,4,05-02-02-02-07.wav,train
speaker_independent,4,05-02-02-02-08.wav,train
speaker_independent,4,05-02-02-02-09.wav,train
speaker_independent,4,05-02-02-02-11.wav,train
speaker_independent,4,05-02-02-02-12.wav,train
speaker_independent,4,05-02-02-02-13.wav,train
speaker_independent,4,05-02-02-02-14.wav,train
speaker_independent,4,05-02-02-02-16.wav,train
speaker_independent,4,05-02-02-02-17.wav,train
speaker_independent,4,05-02-02-02-18.wav,train
speaker_independent,4,05-02-02-02-19.wav,train
speaker_independent,4,05-02-02-02-21.wav,train
speaker_independent,4,05-02-02-02-22.wav,train
speaker_independent,4,05-02-02-02-23.wav,train
speaker_independent,4,05-02-02-02-24.wav,train
speaker_independent,4,06-01-01-01-01.wav,train
speaker_independent,4,06-01-01-01-02.wav,train
speaker_independent,4,06-01-01-01-03.wav,train
speaker_independent,4,06-01-01-01-04.wav,train
speaker_independent,4,06-01-01-01-06.wav,train
speaker_independent,4,06-01-01-01-07.wav,train
speaker_independent,4,06-01-01-01-08.wav,train
speaker_independent,4,06-01-01-01-09.wav,train
speaker_independent,4,06-01-01-01-11.wav,train
speaker_independent,4,06-01-01-01-12.wav,train
speaker_independent,4,06-01-01-01-13.wav,train
speaker_independent,4,06-01-01-01-14.wav,train
speaker_independent,4,06-01-01-01-16.wav,train
speaker_independent,4,06-01-01-01-17.wav,train
speaker_independent,4,06-01-01-01-18.wav,train
speaker_independent,4,06-01-01-01-19.wav,train
speaker_independent,4,06-01-01-01-21.wav,train
speaker_independent,4,06-01-01-01-22.wav,train
speaker_independent,4,06-01-01-01-23.wav,train
speaker_independent,4,06-01-01-01-24.wav,train
speaker_independent,4,06-01-01-02-01.wav,train
speaker_independent,4,06-01-01-02-02.wav,train
speaker_independent,4,06-01-01-02-03.wav,train
speaker_independent,4,06-01-01-02-04.wav,train
speaker_independent,4,06-01-01-02-06.wav,train
speaker_independent,4,06-01-01-02-07.wav,train
speaker_independent,4,06-01-01-02-08.wav,train
speaker_independent,4,06-01-01-02-09.wav,train
speaker_independent,4,06-01-01-02-11.wav,train
speaker_independent,4,06-01-01-02-12.wav,train
speaker_independent,4,06-01-01-02-13.wav,train
speaker_independent,4,06-01-01-02-14.wav,train
speaker_independent,4,06-01-01-02-16.wav,train
speaker_independent,4,06-01-01-02-17.wav,train
speaker_independent,4,06-01-01-02-18.wav,train
speaker_independent,4,06-01-01-02-19.wav,train
speaker_independent,4,06-01-01-02-21.wav,train
speaker_independent,4,06-01-01-02-22.wav,train
speaker_independent,4,06-01-01-02-23.wav,train
speaker_independent,4,06-01-01-02-24.wav,train
speaker_independent,4,06-01-02-01-01.wav,train
speaker_independent,4,06-01-02-01-02.wav,train
speaker_independent,4,06-01-02-01-03.wav,train
speaker_independent,4,06-01-02-01-04.wav,train
speaker_independent,4,06-01-02-01-06.wav,train
speaker_independent,4,06-01-02-01-07.wav,train
speaker_independent,4,06-01-02-01-08.wav,train
speaker_independent,4,06-01-02-01-09.wav,train
speaker_independent,4,06-01-02-01-11.wav,train
speaker_independent,4,06-01-02-01-12.wav,train
speaker_independent,4,06-01-02-01-13.wav,train
speaker_independent,4,06-01-02-01-14.wav,train
speaker_independent,4,06-01-02-01-16.wav,train
speaker_independent,4,06-01-02-01-17.wav,train
speaker_independent,4,06-01-02-01-18.wav,train
speaker_independent,4,06-01-02-01-19.wav,train
speaker_independent,4,06-01-02-01-21.wav,train
speaker_independent,4,06-01-02-01-22.wav,train
speaker_independent,4,06-01-02-01-23.wav,train
speaker_independent,4,06-01-02-01-24.wav,train
speaker_independent,4,06-01-02-02-01.wav,train
speaker_independent,4,06-01-02-02-02.wav,train
speaker_independent,4,06-01-02-02-03.wav,train
speaker_independent,4,06-01-02-02-04.wav,train
speaker_independent,4,06-01-02-02-06.wav,train
speaker_independent,4,06-01-02-02-07.wav,train
speaker_independent,4,06-01-02-02-08.wav,train
speaker_independent,4,06-01-02-02-09.wav,train
speaker_independent,4,06-01-02-02-11.wav,train
speaker_independent,4,06-01-02-02-12.wav,train
speaker_independent,4,06-01-02-02-13.wav,train
speaker_independent,4,06-01-02-02-14.wav,train
speaker_independent,4,06-01-02-02-16.wav,train
speaker_independent,4,06-01-02-02-17.wav,train
speaker_independent,4,06-01-02-02-18.wav,train
speaker_independent,4,06-01-02-02-19.wav,train
speaker_independent,4,06-01-02-02-21.wav,train
speaker_independent,4,06-01-02-02-22.wav,train
speaker_independent,4,06-01-02-02-23.wav,train
speaker_independent,4,06-01-02-02-24.wav,train
speaker_independent,4,06-02-01-01-01.wav,train
speaker_independent,4,06-02-01-01-02.wav,train
speaker_independent,4,06-02-01-01-03.wav,train
speaker_independent,4,06-02-01-01-04.wav,train
speaker_independent,4,06-02-01-01-06.wav,train
speaker_independent,4,06-02-01-01-07.wav,train
speaker_independent,4,06-02-01-01-08.wav,train
speaker_independent,4,06-02-01-01-09.wav,train
speaker_independent,4,06-02-01-01-11.wav,train
speaker_independent,4,06-02-01-01-12.wav,train
speaker_independent,4,06-02-01-01-13.wav,train
speaker_independent,4,06-02-01-01-14.wav,train
speaker_independent,4,06-02-01-01-16.wav,train
speaker_independent,4,06-02-01-01-17.wav,train
speaker_independent,4,06-02-01-01-18.wav,train
speaker_independent,4,06-02-01-01-19.wav,train
speaker_independent,4,06-02-01-01-21.wav,train
speaker_independent,4,06-02-01-01-22.wav,train
speaker_independent,4,06-02-01-01-23.wav,train
speaker_independent,4,06-02-01-01-24.wav,train
speaker_independent,4,06-02-01-02-01.wav,train
speaker_independent,4,06-02-01-02-02.wav,train
speaker_independent,4,06-02-01-02-03.wav,train
speaker_independent,4,06-02-01-02-04.wav,train
speaker_independent,4,06-02-01-02-06.wav,train
speaker_independent,4,06-02-01-02-07.wav,train
speaker_independent,4,06-02-01-02-08.wav,train
speaker_independent,4,06-02-01-02-09.wav,train
speaker_independent,4,06-02-01-02-11.wav,train
speaker_independent,4,06-02-01-02-12.wav,train
speaker_independent,4,06-02-01-02-13.wav,train
speaker_independent,4,06-02-01-02-14.wav,train
speaker_independent,4,06-02-01-02-16.wav,train
speaker_independent,4,06-02-01-02-17.wav,train
speaker_independent,4,06-02-01-02-18.wav,train
speaker_independent,4,06-02-01-02-19.wav,train
speaker_independent,4,06-02-01-02-21.wav,train
speaker_independent,4,06-02-01-02-22.wav,train
speaker_independent,4,06-02-01-02-23.wav,train
speaker_independent,4,06-02-01-02-24.wav,train
speaker_independent,4,06-02-02-01-01.wav,train
speaker_independent,4,06-02-02-01-02.wav,train
speaker_independent,4,06-02-02-01-03.wav,train
speaker_independent,4,06-02-02-01-04.wav,train
speaker_independent,4,06-02-02-01-06.wav,train
speaker_independent,4,06-02-02-01-07.wav,train
speaker_independent,4,06-02-02-01-08.wav,train
speaker_independent,4,06-02-02-01-09.wav,train
speaker_independent,4,06-02-02-01-11.wav,train
speaker_independent,4,06-02-02-01-12.wav,train
speaker_independent,4,06-02-02-01-13.wav,train
speaker_independent,4,06-02-02-01-14.wav,train
speaker_independent,4,06-02-02-01-16.wav,train
speaker_independent,4,06-02-02-01-17.wav,train
speaker_independent,4,06-02-02-01-18.wav,train
speaker_independent,4,06-02-02-01-19.wav,train
speaker_independent,4,06-02-02-01-21.wav,train
speaker_independent,4,06-02-02-01-22.wav,train
speaker_independent,4,06-02-02-01-23.wav,train
speaker_independent,4,06-02-02-01-24.wav,train
speaker_independent,4,06-02-02-02-01.wav,train
speaker_independent,4,06-02-02-02-02.wav,train
speaker_independent,4,06-02-02-02-03.wav,train
speaker_independent,4,06-02-02-02-04.wav,train
speaker_independent,4,06-02-02-02-06.wav,train
speaker_independent,4,06-02-02-02-07.wav,train
speaker_independent,4,06-02-02-02-08.wav,train
speaker_independent,4,06-02-02-02-09.wav,train
speaker_independent,4,06-02-02-02-11.wav,train
speaker_independent,4,06-02-02-02-12.wav,train
speaker_independent,4,06-02-02-02-13.wav,train
speaker_independent,4,06-02-02-02-14.wav,train
speaker_independent,4,06-02-02-02-16.wav,train
speaker_independent,4,06-02-02-02-17.wav,train
speaker_independent,4,06-02-02-02-18.wav,train
speaker_independent,4,06-02-02-02-19.wav,train
speaker_independent,4,06-02-02-02-21.wav,train
speaker_independent,4,06-02-02-02-22.wav,train
speaker_independent,4,06-02-02-02-23.wav,train
speaker_independent,4,06-02-02-02-24.wav,train
speaker_independent,4,07-01-01-01-01.wav,train
speaker_independent,4,07-01-01-01-02.wav,train
speaker_independent,4,07-01-01-01-03.wav,train
speaker_independent,4,07-01-01-01-04.wav,train
speaker_independent,4,07-01-01-01-06.wav,train
speaker_independent,4,07-01-01-01-07.wav,train
speaker_independent,4,07-01-01-01-08.wav,train
speaker_independent,4,07-01-01-01-09.wav,train
speaker_independent,4,07-01-01-01-11.wav,train
speaker_independent,4,07-01-01-01-12.wav,train
speaker_independent,4,07-01-01-01-13.wav,train
speaker_independent,4,07-01-01-01-14.wav,train
speaker_independent,4,07-01-01-01-16.wav,train
speaker_independent,4,07-01-01-01-17.wav,train
speaker_independent,4,07-01-01-01-18.wav,train
speaker_independent,4,07-01-01-01-19.wav,train
speaker_independent,4,07-01-01-01-21.wav,train
speaker_independent,4,07-01-01-01-22.wav,train
speaker_independent,4,07-01-01-01-23.wav,train
speaker_independent,4,07-01-01-01-24.wav,train
speaker_independent,4,07-01-01-02-01.wav,train
speaker_independent,4,07-01-01-02-02.wav,train
speaker_independent,4,07-01-01-02-03.wav,train
speaker_independent,4,07-01-01-02-04.wav,train
speaker_independent,4,07-01-01-02-06.wav,train
speaker_independent,4,07-01-01-02-07.wav,train
speaker_independent,4,07-01-01-02-08.wav,train
speaker_independent,4,07-01-01-02-09.wav,train
speaker_independent,4,07-01-01-02-11.wav,train
speaker_independent,4,07-01-01-02-12.wav,train
speaker_independent,4,07-01-01-02-13.wav,train
speaker_independent,4,07-01-01-02-14.wav,train
speaker_independent,4,07-01-01-02-16.wav,train
speaker_independent,4,07-01-01-02-17.wav,train
speaker_independent,4,07-01-01-02-18.wav,train
speaker_independent,4,07-01-01-02-19.wav,train
speaker_independent,4,07-01-01-02-21.wav,train
speaker_independent,4,07-01-01-02-22.wav,train
speaker_independent,4,07-01-01-02-23.wav,train
speaker_independent,4,07-01-01-02-24.wav,train
speaker_independent,4,07-01-02-01-01.wav,train
speaker_independent,4,07-01-02-01-02.wav,train
speaker_independent,4,07-01-02-01-03.wav,train
speaker_independent,4,07-01-02-01-04.wav,train
speaker_independent,4,07-01-02-01-06.wav,train
speaker_independent,4,07-01-02-01-07.wav,train
speaker_independent,4,07-01-02-01-08.wav,train
speaker_independent,4,07-01-02-01-09.wav,train
speaker_independent,4,07-01-02-01-11.wav,train
speaker_independent,4,07-01-02-01-12.wav,train
speaker_independent,4,07-01-02-01-13.wav,train
speaker_independent,4,07-01-02-01-14.wav,train
speaker_independent,4,07-01-02-01-16.wav,train
speaker_independent,4,07-01-02-01-17.wav,train
speaker_independent,4,07-01-02-01-18.wav,train
speaker_independent,4,07-01-02-01-19.wav,train
speaker_independent,4,07-01-02-01-21.wav,train
speaker_independent,4,07-01-02-01-22.wav,train
speaker_independent,4,07-01-02-01-23.wav,train
speaker_independent,4,07-01-02-01-24.wav,train
speaker_independent,4,07-01-02-02-01.wav,train
speaker_independent,4,07-01-02-02-02.wav,train
speaker_independent,4,07-01-02-02-03.wav,train
speaker_independent,4,07-01-02-02-04.wav,train
speaker_independent,4,07-01-02-02-06.wav,train
speaker_independent,4,07-01-02-02-07.wav,train
speaker_independent,4,07-01-02-02-08.wav,train
speaker_independent,4,07-01-02-02-09.wav,train
speaker_independent,4,07-01-02-02-11.wav,train
speaker_independent,4,07-01-02-02-12.wav,train
speaker_independent,4,07-01-02-02-13.wav,train
speaker_independent,4,07-01-02-02-14.wav,train
speaker_independent,4,07-01-02-02-16.wav,train
speaker_independent,4,07-01-02-02-17.wav,train
speaker_independent,4,07-01-02-02-18.wav,train
speaker_independent,4,07-01-02-02-19.wav,train
speaker_independent,4,07-01-02-02-21.wav,train
speaker_independent,4,07-01-02-02-22.wav,train
speaker_independent,4,07-01-02-02-23.wav,train
speaker_independent,4,07-01-02-02-24.wav,train
speaker_independent,4,07-02-01-01-01.wav,train
speaker_independent,4,07-02-01-01-02.wav,train
speaker_independent,4,07-02-01-01-03.wav,train
speaker_independent,4,07-02-01-01-04.wav,train
speaker_independent,4,07-02-01-01-06.wav,train
speaker_independent,4,07-02-01-01-07.wav,train
speaker_independent,4,07-02-01-01-08.wav,train
speaker_independent,4,07-02-01-01-09.wav,train
speaker_independent,4,07-02-01-01-11.wav,train
speaker_independent,4,07-02-01-01-12.wav,train
speaker_independent,4,07-02-01-01-13.wav,train
speaker_independent,4,07-02-01-01-14.wav,train
speaker_independent,4,07-02-01-01-16.wav,train
speaker_independent,4,07-02-01-01-17.wav,train
speaker_independent,4,07-02-01-01-18.wav,train
speaker_independent,4,07-02-01-01-19.wav,train
speaker_independent,4,07-02-01-01-21.wav,train
speaker_independent,4,07-02-01-01-22.wav,train
speaker_independent,4,07-02-01-01-23.wav,train
speaker_independent,4,07-02-01-01-24.wav,train
speaker_independent,4,07-02-01-02-01.wav,train
speaker_independent,4,07-02-01-02-02.wav,train
speaker_independent,4,07-02-01-02-03.wav,train
speaker_independent,4,07-02-01-02-04.wav,train
speaker_independent,4,07-02-01-02-06.wav,train
speaker_independent,4,07-02-01-02-07.wav,train
speaker_independent,4,07-02-01-02-08.wav,train
speaker_independent,4,07-02-01-02-09.wav,train
speaker_independent,4,07-02-01-02-11.wav,train
speaker_independent,4,07-02-01-02-12.wav,train
speaker_independent,4,07-02-01-02-13.wav,train
speaker_independent,4,07-02-01-02-14.wav,train
speaker_independent,4,07-02-01-02-16.wav,train
speaker_independent,4,07-02-01-02-17.wav,train
speaker_independent,4,07-02-01-02-18.wav,train
speaker_independent,4,07-02-01-02-19.wav,train
speaker_independent,4,07-02-01-02-21.wav,train
speaker_independent,4,07-02-01-02-22.wav,train
speaker_independent,4,07-02-01-02-23.wav,train
speaker_independent,4,07-02-01-02-24.wav,train
speaker_independent,4,07-02-02-01-01.wav,train
speaker_independent,4,07-02-02-01-02.wav,train
speaker_independent,4,07-02-02-01-03.wav,train
speaker_independent,4,07-02-02-01-04.wav,train
speaker_independent,4,07-02-02-01-06.wav,train
speaker_independent,4,07-02-02-01-07.wav,train
speaker_independent,4,07-02-02-01-08.wav,train
speaker_independent,4,07-02-02-01-09.wav,train
speaker_independent,4,07-02-02-01-11.wav,train
speaker_independent,4,07-02-02-01-12.wav,train
speaker_independent,4,07-02-02-01-13.wav,train
speaker_independent,4,07-02-02-01-14.wav,train
speaker_independent,4,07-02-02-01-16.wav,train
speaker_independent,4,07-02-02-01-17.wav,train
speaker_independent,4,07-02-02-01-18.wav,train
speaker_independent,4,07-02-02-01-19.wav,train
speaker_independent,4,07-02-02-01-21.wav,train
speaker_independent,4,07-02-02-01-22.wav,train
speaker_independent,4,07-02-02-01-23.wav,train
speaker_independent,4,07-02-02-01-24.wav,train
speaker_independent,4,07-02-02-02-01.wav,train
speaker_independent,4,07-02-02-02-02.wav,train
speaker_independent,4,07-02-02-02-03.wav,train
speaker_independent,4,07-02-02-02-04.wav,train
speaker_independent,4,07-02-02-02-06.wav,train
speaker_independent,4,07-02-02-02-07.wav,train
speaker_independent,4,07-02-02-02-08.wav,train
speaker_independent,4,07-02-02-02-09.wav,train
speaker_independent,4,07-02-02-02-11.wav,train
speaker_independent,4,07-02-02-02-12.wav,train
speaker_independent,4,07-02-02-02-13.wav,train
speaker_independent,4,07-02-02-02-14.wav,train
speaker_independent,4,07-02-02-02-16.wav,train
speaker_independent,4,07-02-02-02-17.wav,train
speaker_independent,4,07-02-02-02-18.wav,train
speaker_independent,4,07-02-02-02-19.wav,train
speaker_independent,4,07-02-02-02-21.wav,train
speaker_independent,4,07-02-02-02-22.wav,train
speaker_independent,4,07-02-02-02-23.wav,train
speaker_independent,4,07-02-02-02-24.wav,train
speaker_independent,4,08-01-01-01-01.wav,train
speaker_independent,4,08-01-01-01-02.wav,train
speaker_independent,4,08-01-01-01-03.wav,train
speaker_independent,4,08-01-01-01-04.wav,train
speaker_independent,4,08-01-01-01-06.wav,train
speaker_independent,4,08-01-01-01-07.wav,train
speaker_independent,4,08-01-01-01-08.wav,train
speaker_independent,4,08-01-01-01-09.wav,train
speaker_independent,4,08-01-01-01-11.wav,train
speaker_independent,4,08-01-01-01-12.wav,train
speaker_independent,4,08-01-01-01-13.wav,train
speaker_independent,4,08-01-01-01-14.wav,train
speaker_independent,4,08-01-01-01-16.wav,train
speaker_independent,4,08-01-01-01-17.wav,train
speaker_independent,4,08-01-01-01-18.wav,train
speaker_independent,4,08-01-01-01-19.wav,train
speaker_independent,4,08-01-01-01-21.wav,train
speaker_independent,4,08-01-01-01-22.wav,train
speaker_independent,4,08-01-01-01-23.wav,train
speaker_independent,4,08-01-01-01-24.wav,train
speaker_independent,4,08-01-01-02-01.wav,train
speaker_independent,4,08-01-01-02-02.wav,train
speaker_independent,4,08-01-01-02-03.wav,train
speaker_independent,4,08-01-01-02-04.wav,train
speaker_independent,4,08-01-01-02-06.wav,train
speaker_independent,4,08-01-01-02-07.wav,train
speaker_independent,4,08-01-01-02-08.wav,train
speaker_independent,4,08-01-01-02-09.wav,train
speaker_independent,4,08-01-01-02-11.wav,train
speaker_independent,4,08-01-01-02-12.wav,train
speaker_independent,4,08-01-01-02-13.wav,train
speaker_independent,4,08-01-01-02-14.wav,train
speaker_independent,4,08-01-01-02-16.wav,train
speaker_independent,4,08-01-01-02-17.wav,train
speaker_independent,4,08-01-01-02-18.wav,train
speaker_independent,4,08-01-01-02-19.wav,train
speaker_independent,4,08-01-01-02-21.wav,train
speaker_independent,4,08-01-01-02-22.wav,train
speaker_independent,4,08-01-01-02-23.wav,train
speaker_independent,4,08-01-01-02-24.wav,train
speaker_independent,4,08-01-02-01-01.wav,train
speaker_independent,4,08-01-02-01-02.wav,train
speaker_independent,4,08-01-02-01-03.wav,train
speaker_independent,4,08-01-02-01-04.wav,train
speaker_independent,4,08-01-02-01-06.wav,train
speaker_independent,4,08-01-02-01-07.wav,train
speaker_independent,4,08-01-02-01-08.wav,train
speaker_independent,4,08-01-02-01-09.wav,train
speaker_independent,4,08-01-02-01-11.wav,train
speaker_independent,4,08-01-02-01-12.wav,train
speaker_independent,4,08-01-02-01-13.wav,train
speaker_independent,4,08-01-02-01-14.wav,train
speaker_independent,4,08-01-02-01-16.wav,train
speaker_independent,4,08-01-02-01-17.wav,train
speaker_independent,4,08-01-02-01-18.wav,train
speaker_independent,4,08-01-02-01-19.wav,train
speaker_independent,4,08-01-02-01-21.wav,train
speaker_independent,4,08-01-02-01-22.wav,train
speaker_independent,4,08-01-02-01-23.wav,train
speaker_independent,4,08-01-02-01-24.wav,train
speaker_independent,4,08-01-02-02-01.wav,train
speaker_independent,4,08-01-02-02-02.wav,train
speaker_independent,4,08-01-02-02-03.wav,train
speaker_independent,4,08-01-02-02-04.wav,train
speaker_independent,4,08-01-02-02-06.wav,train
speaker_independent,4,08-01-02-02-07.wav,train
speaker_independent,4,08-01-02-02-08.wav,train
speaker_independent,4,08-01-02-02-09.wav,train
speaker_independent,4,08-01-02-02-11.wav,train
speaker_independent,4,08-01-02-02-12.wav,train
speaker_independent,4,08-01-02-02-13.wav,train
speaker_independent,4,08-01-02-02-14.wav,train
speaker_independent,4,08-01-02-02-16.wav,train
speaker_independent,4,08-01-02-02-17.wav,train
speaker_independent,4,08-01-02-02-18.wav,train
speaker_independent,4,08-01-02-02-19.wav,train
speaker_independent,4,08-01-02-02-21.wav,train
speaker_independent,4,08-01-02-02-22.wav,train
speaker_independent,4,08-01-02-02-23.wav,train
speaker_independent,4,08-01-02-02-24.wav,train
speaker_independent,4,08-02-01-01-01.wav,train
speaker_independent,4,08-02-01-01-02.wav,train
speaker_independent,4,08-02-01-01-03.wav,train
speaker_independent,4,08-02-01-01-04.wav,train
speaker_independent,4,08-02-01-01-06.wav,train
speaker_independent,4,08-02-01-01-07.wav,train
speaker_independent,4,08-02-01-01-08.wav,train
speaker_independent,4,08-02-01-01-09.wav,train
speaker_independent,4,08-02-01-01-11.wav,train
speaker_independent,4,08-02-01-01-12.wav,train
speaker_independent,4,08-02-01-01-13.wav,train
speaker_independent,4,08-02-01-01-14.wav,train
speaker_independent,4,08-02-01-01-16.wav,train
speaker_independent,4,08-02-01-01-17.wav,train
speaker_independent,4,08-02-01-01-18.wav,train
speaker_independent,4,08-02-01-01-19.wav,train
speaker_independent,4,08-02-01-01-21.wav,train
speaker_independent,4,08-02-01-01-22.wav,train
speaker_independent,4,08-02-01-01-23.wav,train
speaker_independent,4,08-02-01-01-24.wav,train
speaker_independent,4,08-02-01-02-01.wav,train
speaker_independent,4,08-02-01-02-02.wav,train
speaker_independent,4,08-02-01-02-03.wav,train
speaker_independent,4,08-02-01-02-04.wav,train
speaker_independent,4,08-02-01-02-06.wav,train
speaker_independent,4,08-02-01-02-07.wav,train
speaker_independent,4,08-02-01-02-08.wav,train
speaker_independent,4,08-02-01-02-09.wav,train
speaker_independent,4,08-02-01-02-11.wav,train
speaker_independent,4,08-02-01-02-12.wav,train
speaker_independent,4,08-02-01-02-13.wav,train
speaker_independent,4,08-02-01-02-14.wav,train
speaker_independent,4,08-02-01-02-16.wav,train
speaker_independent,4,08-02-01-02-17.wav,train
speaker_independent,4,08-02-01-02-18.wav,train
speaker_independent,4,08-02-01-02-19.wav,train
speaker_independent,4,08-02-01-02-21.wav,train
speaker_independent,4,08-02-01-02-22.wav,train
speaker_independent,4,08-02-01-02-23.wav,train
speaker_independent,4,08-02-01-02-24.wav,train
speaker_independent,4,08-02-02-01-01.wav,train
speaker_independent,4,08-02-02-01-02.wav,train
speaker_independent,4,08-02-02-01-03.wav,train
speaker_independent,4,08-02-02-01-04.wav,train
speaker_independent,4,08-02-02-01-06.wav,train
speaker_independent,4,08-02-02-01-07.wav,train
speaker_independent,4,08-02-02-01-08.wav,train
speaker_independent,4,08-02-02-01-09.wav,train
speaker_independent,4,08-02-02-01-11.wav,train
speaker_independent,4,08-02-02-01-12.wav,train
speaker_independent,4,08-02-02-01-13.wav,train
speaker_independent,4,08-02-02-01-14.wav,train
speaker_independent,4,08-02-02-01-16.wav,train
speaker_independent,4,08-02-02-01-17.wav,train
speaker_independent,4,08-02-02-01-18.wav,train
speaker_independent,4,08-02-02-01-19.wav,train
speaker_independent,4,08-02-02-01-21.wav,train
speaker_independent,4,08-02-02-01-22.wav,train
speaker_independent,4,08-02-02-01-23.wav,train
speaker_independent,4,08-02-02-01-24.wav,train
speaker_independent,4,08-02-02-02-01.wav,train
speaker_independent,4,08-02-02-02-02.wav,train
speaker_independent,4,08-02-02-02-03.wav,train
speaker_independent,4,08-02-02-02-04.wav,train
speaker_independent,4,08-02-02-02-06.wav,train
speaker_independent,4,08-02-02-02-07.wav,train
speaker_independent,4,08-02-02-02-08.wav,train
speaker_independent,4,08-02-02-02-09.wav,train
speaker_independent,4,08-02-02-02-11.wav,train
speaker_independent,4,08-02-02-02-12.wav,train
speaker_independent,4,08-02-02-02-13.wav,train
speaker_independent,4,08-02-02-02-14.wav,train
speaker_independent,4,08-02-02-02-16.wav,train
speaker_independent,4,08-02-02-02-17.wav,train
speaker_independent,4,08-02-02-02-18.wav,train
speaker_independent,4,08-02-02-02-19.wav,train
speaker_independent,4,08-02-02-02-21.wav,train
speaker_independent,4,08-02-02-02-22.wav,train
speaker_independent,4,08-02-02-02-23.wav,train
speaker_independent,4,08-02-02-02-24.wav,train
random_stratified,0,01-01-01-01-03.wav,test
random_stratified,0,01-01-01-01-04.wav,test
random_stratified,0,01-01-01-01-05.wav,test
random_stratified,0,01-01-01-01-11.wav,test
random_stratified,0,01-01-01-01-14.wav,test
random_stratified,0,01-01-01-01-22.wav,test
random_stratified,0,01-01-01-02-03.wav,test
random_stratified,0,01-01-01-02-04.wav,test
random_stratified,0,01-01-01-02-07.wav,test
random_stratified,0,01-01-01-02-09.wav,test
random_stratified,0,01-01-01-02-10.wav,test
random_stratified,0,01-01-01-02-13.wav,test
random_stratified,0,01-01-01-02-21.wav,test
random_stratified,0,01-01-01-02-24.wav,test
random_stratified,0,01-01-02-01-06.wav,test
random_stratified,0,01-01-02-01-13.wav,test
random_stratified,0,01-01-02-01-14.wav,test
random_stratified,0,01-01-02-02-07.wav,test
random_stratified,0,01-01-02-02-11.wav,test
random_stratified,0,01-01-02-02-12.wav,test
random_stratified,0,02-01-01-01-02.wav,test
random_stratified,0,02-01-01-01-10.wav,test
random_stratified,0,02-01-01-01-12.wav,test
random_stratified,0,02-01-01-01-15.wav,test
random_stratified,0,02-01-01-02-01.wav,test
random_stratified,0,02-01-01-02-03.wav,test
random_stratified,0,02-01-01-02-21.wav,test
random_stratified,0,02-01-01-02-24.wav,test
random_stratified,0,02-01-02-01-03.wav,test
random_stratified,0,02-01-02-01-04.wav,test
random_stratified,0,02-01-02-01-08.wav,test
random_stratified,0,02-01-02-01-22.wav,test
random_stratified,0,02-01-02-02-03.wav,test
random_stratified,0,02-01-02-02-09.wav,test
random_stratified,0,02-01-02-02-13.wav,test
random_stratified,0,02-01-02-02-21.wav,test
random_stratified,0,02-01-02-02-24.wav,test
random_stratified,0,02-02-01-01-02.wav,test
random_stratified,0,02-02-01-01-07.wav,test
random_stratified,0,02-02-01-01-10.wav,test
random_stratified,0,02-02-01-01-16.wav,test
random_stratified,0,02-02-01-01-19.wav,test
random_stratified,0,02-02-01-01-23.wav,test
random_stratified,0,02-02-01-02-06.wav,test
random_stratified,0,02-02-01-02-10.wav,test
random_stratified,0,02-02-01-02-14.wav,test
random_stratified,0,02-02-01-02-19.wav,test
random_stratified,0,02-02-02-01-02.wav,test
random_stratified,0,02-02-02-01-06.wav,test
random_stratified,0,02-02-02-01-19.wav,test
random_stratified,0,02-02-02-01-22.wav,test
random_stratified,0,02-02-02-02-06.wav,test
random_stratified,0,02-02-02-02-08.wav,test
random_stratified,0,02-02-02-02-09.wav,test
random_stratified,0,02-02-02-02-15.wav,test
random_stratified,0,02-02-02-02-17.wav,test
random_stratified,0,02-02-02-02-21.wav,test
random_stratified,0,02-02-02-02-23.wav,test
random_stratified,0,03-01-01-01-02.wav,test
random_stratified,0,03-01-01-01-07.wav,test
random_stratified,0,03-01-01-01-15.wav,test
random_stratified,0,03-01-01-01-21.wav,test
random_stratified,0,03-01-01-01-22.wav,test
random_stratified,0,03-01-01-02-02.wav,test
random_stratified,0,03-01-01-02-16.wav,test
random_stratified,0,03-01-01-02-21.wav,test
random_stratified,0,03-01-01-02-23.wav,test
random_stratified,0,03-01-02-01-09.wav,test
random_stratified,0,03-01-02-01-14.wav,test
random_stratified,0,03-01-02-01-15.wav,test
random_stratified,0,03-01-02-01-20.wav,test
random_stratified,0,03-01-02-02-02.wav,test
random_stratified,0,03-01-02-02-07.wav,test
random_stratified,0,03-01-02-02-14.wav,test
random_stratified,0,03-01-02-02-22.wav,test
random_stratified,0,03-02-01-01-10.wav,test
random_stratified,0,03-02-01-01-15.wav,test
random_stratified,0,03-02-01-01-22.wav,test
random_stratified,0,03-02-01-02-05.wav,test
random_stratified,0,03-02-01-02-07.wav,test
random_stratified,0,03-02-01-02-18.wav,test
random_stratified,0,03-02-01-02-24.wav,test
random_stratified,0,03-02-02-01-02.wav,test
random_stratified,0,03-02-02-01-05.wav,test
random_stratified,0,03-02-02-01-07.wav,test
random_stratified,0,03-02-02-01-14.wav,test
random_stratified,0,03-02-02-01-17.wav,test
random_stratified,0,03-02-02-01-18.wav,test
random_stratified,0,03-02-02-01-19.wav,test
random_stratified,0,03-02-02-01-20.wav,test
random_stratified,0,03-02-02-01-21.wav,test
random_stratified,0,03-02-02-02-07.wav,test
random_stratified,0,03-02-02-02-13.wav,test
random_stratified,0,03-02-02-02-19.wav,test
random_stratified,0,03-02-02-02-22.wav,test
random_stratified,0,03-02-02-02-24.wav,test
random_stratified,0,04-01-01-01-04.wav,test
random_stratified,0,04-01-01-01-08.wav,test
random_stratified,0,04-01-01-01-10.wav,test
random_stratified,0,04-01-01-01-15.wav,test
random_stratified,0,04-01-01-01-18.wav,test
random_stratified,0,04-01-01-02-07.wav,test
random_stratified,0,04-01-01-02-08.wav,test
random_stratified,0,04-01-01-02-12.wav,test
random_stratified,0,04-01-01-02-19.wav,test
random_stratified,0,04-01-01-02-23.wav,test
random_stratified,0,04-01-02-01-02.wav,test
random_stratified,0,04-01-02-01-06.wav,test
random_stratified,0,04-01-02-01-07.wav,test
random_stratified,0,04-01-02-01-12.wav,test
random_stratified,0,04-01-02-01-15.wav,test
random_stratified,0,04-01-02-01-16.wav,test
random_stratified,0,04-01-02-01-24.wav,test
random_stratified,0,04-01-02-02-04.wav,test
random_stratified,0,04-01-02-02-09.wav,test
random_stratified,0,04-01-02-02-17.wav,test
random_stratified,0,04-01-02-02-18.wav,test
random_stratified,0,04-02-01-01-01.wav,test
random_stratified,0,04-02-01-01-17.wav,test
random_stratified,0,04-02-01-01-20.wav,test
random_stratified,0,04-02-01-01-24.wav,test
random_stratified,0,04-02-01-02-11.wav,test
random_stratified,0,04-02-01-02-18.wav,test
random_stratified,0,04-02-01-02-21.wav,test
random_stratified,0,04-02-01-02-22.wav,test
random_stratified,0,04-02-01-02-24.wav,test
random_stratified,0,04-02-02-01-03.wav,test
random_stratified,0,04-02-02-01-05.wav,test
random_stratified,0,04-02-02-01-06.wav,test
random_stratified,0,04-02-02-01-24.wav,test
random_stratified,0,04-02-02-02-10.wav,test
random_stratified,0,04-02-02-02-12.wav,test
random_stratified,0,04-02-02-02-13.wav,test
random_stratified,0,04-02-02-02-17.wav,test
random_stratified,0,04-02-02-02-20.wav,test
random_stratified,0,05-01-01-01-01.wav,test
random_stratified,0,05-01-01-01-02.wav,test
random_stratified,0,05-01-01-01-05.wav,test
random_stratified,0,05-01-01-01-14.wav,test
random_stratified,0,05-01-01-01-15.wav,test
random_stratified,0,05-01-01-01-17.wav,test
random_stratified,0,05-01-01-01-18.wav,test
random_stratified,0,05-01-01-02-02.wav,test
random_stratified,0,05-01-01-02-06.wav,test
random_stratified,0,05-01-01-02-18.wav,test
random_stratified,0,05-01-01-02-20.wav,test
random_stratified,0,05-01-01-02-21.wav,test
random_stratified,0,05-01-01-02-22.wav,test
random_stratified,0,05-01-02-01-04.wav,test
random_stratified,0,05-01-02-01-13.wav,test
random_stratified,0,05-01-02-01-16.wav,test
random_stratified,0,05-01-02-01-17.wav,test
random_stratified,0,05-01-02-01-23.wav,test
random_stratified,0,05-01-02-01-24.wav,test
random_stratified,0,05-01-02-02-16.wav,test
random_stratified,0,05-01-02-02-19.wav,test
random_stratified,0,05-01-02-02-21.wav,test
random_stratified,0,05-02-01-01-06.wav,test
random_stratified,0,05-02-01-02-02.wav,test
random_stratified,0,05-02-01-02-04.wav,test
random_stratified,0,05-02-01-02-18.wav,test
random_stratified,0,05-02-01-02-20.wav,test
random_stratified,0,05-02-02-01-06.wav,test
random_stratified,0,05-02-02-01-07.wav,test
random_stratified,0,05-02-02-01-08.wav,test
random_stratified,0,05-02-02-01-10.wav,test
random_stratified,0,05-02-02-01-12.wav,test
random_stratified,0,05-02-02-02-01.wav,test
random_stratified,0,05-02-02-02-04.wav,test
random_stratified,0,05-02-02-02-06.wav,test
random_stratified,0,05-02-02-02-19.wav,test
random_stratified,0,05-02-02-02-20.wav,test
random_stratified,0,05-02-02-02-24.wav,test
random_stratified,0,06-01-01-01-01.wav,test
random_stratified,0,06-01-01-01-02.wav,test
random_stratified,0,06-01-01-01-14.wav,test
random_stratified,0,06-01-01-01-18.wav,test
random_stratified,0,06-01-01-01-20.wav,test
random_stratified,0,06-01-01-01-23.wav,test
random_stratified,0,06-01-01-01-24.wav,test
random_stratified,0,06-01-01-02-10.wav,test
random_stratified,0,06-01-02-01-12.wav,test
random_stratified,0,06-01-02-01-13.wav,test
random_stratified,0,06-01-02-01-14.wav,test
random_stratified,0,06-01-02-01-15.wav,test
random_stratified,0,06-01-02-01-18.wav,test
random_stratified,0,06-01-02-01-24.wav,test
random_stratified,0,06-01-02-02-10.wav,test
random_stratified,0,06-01-02-02-13.wav,test
random_stratified,0,06-01-02-02-14.wav,test
random_stratified,0,06-01-02-02-19.wav,test
random_stratified,0,06-01-02-02-21.wav,test
random_stratified,0,06-01-02-02-24.wav,test
random_stratified,0,06-02-01-01-03.wav,test
random_stratified,0,06-02-01-01-05.wav,test
random_stratified,0,06-02-01-01-08.wav,test
random_stratified,0,06-02-01-01-12.wav,test
random_stratified,0,06-02-01-01-23.wav,test
random_stratified,0,06-02-01-02-20.wav,test
random_stratified,0,06-02-01-02-21.wav,test
random_stratified,0,06-02-01-02-23.wav,test
random_stratified,0,06-02-02-01-07.wav,test
random_stratified,0,06-02-02-01-08.wav,test
random_stratified,0,06-02-02-01-10.wav,test
random_stratified,0,06-02-02-01-13.wav,test
random_stratified,0,06-02-02-01-14.wav,test
random_stratified,0,06-02-02-01-19.wav,test
random_stratified,0,06-02-02-01-20.wav,test
random_stratified,0,06-02-02-01-22.wav,test
random_stratified,0,06-02-02-01-23.wav,test
random_stratified,0,06-02-02-02-11.wav,test
random_stratified,0,06-02-02-02-24.wav,test
random_stratified,0,07-01-01-01-05.wav,test
random_stratified,0,07-01-01-01-11.wav,test
random_stratified,0,07-01-01-01-12.wav,test
random_stratified,0,07-01-01-01-17.wav,test
random_stratified,0,07-01-01-01-18.wav,test
random_stratified,0,07-01-01-02-06.wav,test
random_stratified,0,07-01-01-02-08.wav,test
random_stratified,0,07-01-01-02-12.wav,test
random_stratified,0,07-01-01-02-16.wav,test
random_stratified,0,07-01-01-02-21.wav,test
random_stratified,0,07-01-01-02-24.wav,test
random_stratified,0,07-01-02-01-05.wav,test
random_stratified,0,07-01-02-01-08.wav,test
random_stratified,0,07-01-02-01-09.wav,test
random_stratified,0,07-01-02-01-21.wav,test
random_stratified,0,07-01-02-01-24.wav,test
random_stratified,0,07-01-02-02-02.wav,test
random_stratified,0,07-01-02-02-06.wav,test
random_stratified,0,07-01-02-02-08.wav,test
random_stratified,0,07-01-02-02-17.wav,test
random_stratified,0,07-02-01-01-05.wav,test
random_stratified,0,07-02-01-01-20.wav,test
random_stratified,0,07-02-01-01-23.wav,test
random_stratified,0,07-02-01-02-09.wav,test
random_stratified,0,07-02-01-02-11.wav,test
random_stratified,0,07-02-01-02-12.wav,test
random_stratified,0,07-02-01-02-13.wav,test
random_stratified,0,07-02-01-02-24.wav,test
random_stratified,0,07-02-02-01-01.wav,test
random_stratified,0,07-02-02-01-06.wav,test
random_stratified,0,07-02-02-01-07.wav,test
random_stratified,0,07-02-02-01-11.wav,test
random_stratified,0,07-02-02-01-15.wav,test
random_stratified,0,07-02-02-02-09.wav,test
random_stratified,0,07-02-02-02-12.wav,test
random_stratified,0,07-02-02-02-19.wav,test
random_stratified,0,07-02-02-02-20.wav,test
random_stratified,0,07-02-02-02-22.wav,test
random_stratified,0,08-01-01-01-05.wav,test
random_stratified,0,08-01-01-01-09.wav,test
random_stratified,0,08-01-01-01-13.wav,test
random_stratified,0,08-01-01-02-02.wav,test
random_stratified,0,08-01-01-02-03.wav,test
random_stratified,0,08-01-01-02-04.wav,test
random_stratified,0,08-01-01-02-08.wav,test
random_stratified,0,08-01-01-02-09.wav,test
random_stratified,0,08-01-01-02-15.wav,test
random_stratified,0,08-01-01-02-16.wav,test
random_stratified,0,08-01-01-02-19.wav,test
random_stratified,0,08-01-01-02-23.wav,test
random_stratified,0,08-01-02-01-06.wav,test
random_stratified,0,08-01-02-01-08.wav,test
random_stratified,0,08-01-02-01-16.wav,test
random_stratified,0,08-01-02-01-19.wav,test
random_stratified,0,08-01-02-01-23.wav,test
random_stratified,0,08-01-02-02-11.wav,test
random_stratified,0,08-01-02-02-22.wav,test
random_stratified,0,08-02-01-01-16.wav,test
random_stratified,0,08-02-01-01-17.wav,test
random_stratified,0,08-02-01-01-19.wav,test
random_stratified,0,08-02-01-01-24.wav,test
random_stratified,0,08-02-01-02-04.wav,test
random_stratified,0,08-02-01-02-06.wav,test
random_stratified,0,08-02-01-02-15.wav,test
random_stratified,0,08-02-01-02-17.wav,test
random_stratified,0,08-02-01-02-21.wav,test
random_stratified,0,08-02-02-01-05.wav,test
random_stratified,0,08-02-02-01-07.wav,test
random_stratified,0,08-02-02-01-14.wav,test
random_stratified,0,08-02-02-01-19.wav,test
random_stratified,0,08-02-02-01-21.wav,test
random_stratified,0,08-02-02-02-09.wav,test
random_stratified,0,08-02-02-02-19.wav,test
random_stratified,0,08-02-02-02-20.wav,test
random_stratified,0,08-02-02-02-21.wav,test
random_stratified,0,08-02-02-02-22.wav,test
random_stratified,0,01-01-01-01-01.wav,train
random_stratified,0,01-01-01-01-02.wav,train
random_stratified,0,01-01-01-01-06.wav,train
random_stratified,0,01-01-01-01-07.wav,train
random_stratified,0,01-01-01-01-08.wav,train
random_stratified,0,01-01-01-01-09.wav,train
random_stratified,0,01-01-01-01-10.wav,train
random_stratified,0,01-01-01-01-12.wav,train
random_stratified,0,01-01-01-01-13.wav,train
random_stratified,0,01-01-01-01-15.wav,train
random_stratified,0,01-01-01-01-16.wav,train
random_stratified,0,01-01-01-01-17.wav,train
random_stratified,0,01-01-01-01-18.wav,train
random_stratified,0,01-01-01-01-19.wav,train
random_stratified,0,01-01-01-01-20.wav,train
random_stratified,0,01-01-01-01-21.wav,train
random_stratified,0,01-01-01-01-23.wav,train
random_stratified,0,01-01-01-01-24.wav,train
random_stratified,0,01-01-01-02-01.wav,train
random_stratified,0,01-01-01-02-02.wav,train
random_stratified,0,01-01-01-02-05.wav,train
random_stratified,0,01-01-01-02-06.wav,train
random_stratified,0,01-01-01-02-08.wav,train
random_stratified,0,01-01-01-02-11.wav,train
random_stratified,0,01-01-01-02-12.wav,train
random_stratified,0,01-01-01-02-14.wav,train
random_stratified,0,01-01-01-02-15.wav,train
random_stratified,0,01-01-01-02-16.wav,train
random_stratified,0,01-01-01-02-17.wav,train
random_stratified,0,01-01-01-02-18.wav,train
random_stratified,0,01-01-01-02-19.wav,train
random_stratified,0,01-01-01-02-20.wav,train
random_stratified,0,01-01-01-02-22.wav,train
random_stratified,0,01-01-01-02-23.wav,train
random_stratified,0,01-01-02-01-01.wav,train
random_stratified,0,01-01-02-01-02.wav,train
random_stratified,0,01-01-02-01-03.wav,train
random_stratified,0,01-01-02-01-04.wav,train
random_stratified,0,01-01-02-01-05.wav,train
random_stratified,0,01-01-02-01-07.wav,train
random_stratified,0,01-01-02-01-08.wav,train
random_stratified,0,01-01-02-01-09.wav,train
random_stratified,0,01-01-02-01-10.wav,train
random_stratified,0,01-01-02-01-11.wav,train
random_stratified,0,01-01-02-01-12.wav,train
random_stratified,0,01-01-02-01-15.wav,train
random_stratified,0,01-01-02-01-16.wav,train
random_stratified,0,01-01-02-01-17.wav,train
random_stratified,0,01-01-02-01-18.wav,train
random_stratified,0,01-01-02-01-19.wav,train
random_stratified,0,01-01-02-01-20.wav,train
random_stratified,0,01-01-02-01-21.wav,train
random_stratified,0,01-01-02-01-22.wav,train
random_stratified,0,01-01-02-01-23.wav,train
random_stratified,0,01-01-02-01-24.wav,train
random_stratified,0,01-01-02-02-01.wav,train
random_stratified,0,01-01-02-02-02.wav,train
random_stratified,0,01-01-02-02-03.wav,train
random_stratified,0,01-01-02-02-04.wav,train
random_stratified,0,01-01-02-02-05.wav,train
random_stratified,0,01-01-02-02-06.wav,train
random_stratified,0,01-01-02-02-08.wav,train
random_stratified,0,01-01-02-02-09.wav,train
random_stratified,0,01-01-02-02-10.wav,train
random_stratified,0,01-01-02-02-13.wav,train
random_stratified,0,01-01-02-02-14.wav,train
random_stratified,0,01-01-02-02-15.wav,train
random_stratified,0,01-01-02-02-16.wav,train
random_stratified,0,01-01-02-02-17.wav,train
random_stratified,0,01-01-02-02-18.wav,train
random_stratified,0,01-01-02-02-19.wav,train
random_stratified,0,01-01-02-02-20.wav,train
random_stratified,0,01-01-02-02-21.wav,train
random_stratified,0,01-01-02-02-22.wav,train
random_stratified,0,01-01-02-02-23.wav,train
random_stratified,0,01-01-02-02-24.wav,train
random_stratified,0,02-01-01-01-01.wav,train
random_stratified,0,02-01-01-01-03.wav,train
random_stratified,0,02-01-01-01-04.wav,train
random_stratified,0,02-01-01-01-05.wav,train
random_stratified,0,02-01-01-01-06.wav,train
random_stratified,0,02-01-01-01-07.wav,train
random_stratified,0,02-01-01-01-08.wav,train
random_stratified,0,02-01-01-01-09.wav,train
random_stratified,0,02-01-01-01-11.wav,train
random_stratified,0,02-01-01-01-13.wav,train
random_stratified,0,02-01-01-01-14.wav,train
random_stratified,0,02-01-01-01-16.wav,train
random_stratified,0,02-01-01-01-17.wav,train
random_stratified,0,02-01-01-01-18.wav,train
random_stratified,0,02-01-01-01-19.wav,train
random_stratified,0,02-01-01-01-20.wav,train
random_stratified,0,02-01-01-01-21.wav,train
random_stratified,0,02-01-01-01-22.wav,train
random_stratified,0,02-01-01-01-23.wav,train
random_stratified,0,02-01-01-01-24.wav,train
random_stratified,0,02-01-01-02-02.wav,train
random_stratified,0,02-01-01-02-04.wav,train
random_stratified,0,02-01-01-02-05.wav,train
random_stratified,0,02-01-01-02-06.wav,train
random_stratified,0,02-01-01-02-07.wav,train
random_stratified,0,02-01-01-02-08.wav,train
random_stratified,0,02-01-01-02-09.wav,train
random_stratified,0,02-01-01-02-10.wav,train
random_stratified,0,02-01-01-02-11.wav,train
random_stratified,0,02-01-01-02-12.wav,train
random_stratified,0,02-01-01-02-13.wav,train
random_stratified,0,02-01-01-02-14.wav,train
random_stratified,0,02-01-01-02-15.wav,train
random_stratified,0,02-01-01-02-16.wav,train
random_stratified,0,02-01-01-02-17.wav,train
random_stratified,0,02-01-01-02-18.wav,train
random_stratified,0,02-01-01-02-19.wav,train
random_stratified,0,02-01-01-02-20.wav,train
random_stratified,0,02-01-01-02-22.wav,train
random_stratified,0,02-01-01-02-23.wav,train
random_stratified,0,02-01-02-01-01.wav,train
random_stratified,0,02-01-02-01-02.wav,train
random_stratified,0,02-01-02-01-05.wav,train
random_stratified,0,02-01-02-01-06.wav,train
random_stratified,0,02-01-02-01-07.wav,train
random_stratified,0,02-01-02-01-09.wav,train
random_stratified,0,02-01-02-01-10.wav,train
random_stratified,0,02-01-02-01-11.wav,train
random_stratified,0,02-01-02-01-12.wav,train
random_stratified,0,02-01-02-01-13.wav,train
random_stratified,0,02-01-02-01-14.wav,train
random_stratified,0,02-01-02-01-15.wav,train
random_stratified,0,02-01-02-01-16.wav,train
random_stratified,0,02-01-02-01-17.wav,train
random_stratified,0,02-01-02-01-18.wav,train
random_stratified,0,02-01-02-01-19.wav,train
random_stratified,0,02-01-02-01-20.wav,train
random_stratified,0,02-01-02-01-21.wav,train
random_stratified,0,02-01-02-01-23.wav,train
random_stratified,0,02-01-02-01-24.wav,train
random_stratified,0,02-01-02-02-01.wav,train
random_stratified,0,02-01-02-02-02.wav,train
random_stratified,0,02-01-02-02-04.wav,train
random_stratified,0,02-01-02-02-05.wav,train
random_stratified,0,02-01-02-02-06.wav,train
random_stratified,0,02-01-02-02-07.wav,train
random_stratified,0,02-01-02-02-08.wav,train
random_stratified,0,02-01-02-02-10.wav,train
random_stratified,0,02-01-02-02-11.wav,train
random_stratified,0,02-01-02-02-12.wav,train
random_stratified,0,02-01-02-02-14.wav,train
random_stratified,0,02-01-02-02-15.wav,train
random_stratified,0,02-01-02-02-16.wav,train
random_stratified,0,02-01-02-02-17.wav,train
random_stratified,0,02-01-02-02-18.wav,train
random_stratified,0,02-01-02-02-19.wav,train
random_stratified,0,02-01-02-02-20.wav,train
random_stratified,0,02-01-02-02-22.wav,train
random_stratified,0,02-01-02-02-23.wav,train
random_stratified,0,02-02-01-01-01.wav,train
random_stratified,0,02-02-01-01-03.wav,train
random_stratified,0,02-02-01-01-04.wav,train
random_stratified,0,02-02-01-01-05.wav,train
random_stratified,0,02-02-01-01-06.wav,train
random_stratified,0,02-02-01-01-08.wav,train
random_stratified,0,02-02-01-01-09.wav,train
random_stratified,0,02-02-01-01-11.wav,train
random_stratified,0,02-02-01-01-12.wav,train
random_stratified,0,02-02-01-01-13.wav,train
random_stratified,0,02-02-01-01-14.wav,train
random_stratified,0,02-02-01-01-15.wav,train
random_stratified,0,02-02-01-01-17.wav,train
random_stratified,0,02-02-01-01-18.wav,train
random_stratified,0,02-02-01-01-20.wav,train
random_stratified,0,02-02-01-01-21.wav,train
random_stratified,0,02-02-01-01-22.wav,train
random_stratified,0,02-02-01-01-24.wav,train
random_stratified,0,02-02-01-02-01.wav,train
random_stratified,0,02-02-01-02-02.wav,train
random_stratified,0,02-02-01-02-03.wav,train
random_stratified,0,02-02-01-02-04.wav,train
random_stratified,0,02-02-01-02-05.wav,train
random_stratified,0,02-02-01-02-07.wav,train
random_stratified,0,02-02-01-02-08.wav,train
random_stratified,0,02-02-01-02-09.wav,train
random_stratified,0,02-02-01-02-11.wav,train
random_stratified,0,02-02-01-02-12.wav,train
random_stratified,0,02-02-01-02-13.wav,train
random_stratified,0,02-02-01-02-15.wav,train
random_stratified,0,02-02-01-02-16.wav,train
random_stratified,0,02-02-01-02-17.wav,train
random_stratified,0,02-02-01-02-18.wav,train
random_stratified,0,02-02-01-02-20.wav,train
random_stratified,0,02-02-01-02-21.wav,train
random_stratified,0,02-02-01-02-22.wav,train
random_stratified,0,02-02-01-02-23.wav,train
random_stratified,0,02-02-01-02-24.wav,train
random_stratified,0,02-02-02-01-01.wav,train
random_stratified,0,02-02-02-01-03.wav,train
random_stratified,0,02-02-02-01-04.wav,train
random_stratified,0,02-02-02-01-05.wav,train
random_stratified,0,02-02-02-01-07.wav,train
random_stratified,0,02-02-02-01-08.wav,train
random_stratified,0,02-02-02-01-09.wav,train
random_stratified,0,02-02-02-01-10.wav,train
random_stratified,0,02-02-02-01-11.wav,train
random_stratified,0,02-02-02-01-12.wav,train
random_stratified,0,02-02-02-01-13.wav,train
random_stratified,0,02-02-02-01-14.wav,train
random_stratified,0,02-02-02-01-15.wav,train
random_stratified,0,02-02-02-01-16.wav,train
random_stratified,0,02-02-02-01-17.wav,train
random_stratified,0,02-02-02-01-18.wav,train
random_stratified,0,02-02-02-01-20.wav,train
random_stratified,0,02-02-02-01-21.wav,train
random_stratified,0,02-02-02-01-23.wav,train
random_stratified,0,02-02-02-01-24.wav,train
random_stratified,0,02-02-02-02-01.wav,train
random_stratified,0,02-02-02-02-02.wav,train
random_stratified,0,02-02-02-02-03.wav,train
random_stratified,0,02-02-02-02-04.wav,train
random_stratified,0,02-02-02-02-05.wav,train
random_stratified,0,02-02-02-02-07.wav,train
random_stratified,0,02-02-02-02-10.wav,train
random_stratified,0,02-02-02-02-11.wav,train
random_stratified,0,02-02-02-02-12.wav,train
random_stratified,0,02-02-02-02-13.wav,train
random_stratified,0,02-02-02-02-14.wav,train
random_stratified,0,02-02-02-02-16.wav,train
random_stratified,0,02-02-02-02-18.wav,train
random_stratified,0,02-02-02-02-19.wav,train
random_stratified,0,02-02-02-02-20.wav,train
random_stratified,0,02-02-02-02-22.wav,train
random_stratified,0,02-02-02-02-24.wav,train
random_stratified,0,03-01-01-01-01.wav,train
random_stratified,0,03-01-01-01-03.wav,train
random_stratified,0,03-01-01-01-04.wav,train
random_stratified,0,03-01-01-01-05.wav,train
random_stratified,0,03-01-01-01-06.wav,train
random_stratified,0,03-01-01-01-08.wav,train
random_stratified,0,03-01-01-01-09.wav,train
random_stratified,0,03-01-01-01-10.wav,train
random_stratified,0,03-01-01-01-11.wav,train
random_stratified,0,03-01-01-01-12.wav,train
random_stratified,0,03-01-01-01-13.wav,train
random_stratified,0,03-01-01-01-14.wav,train
random_stratified,0,03-01-01-01-16.wav,train
random_stratified,0,03-01-01-01-17.wav,train
random_stratified,0,03-01-01-01-18.wav,train
random_stratified,0,03-01-01-01-19.wav,train
random_stratified,0,03-01-01-01-20.wav,train
random_stratified,0,03-01-01-01-23.wav,train
random_stratified,0,03-01-01-01-24.wav,train
random_stratified,0,03-01-01-02-01.wav,train
random_stratified,0,03-01-01-02-03.wav,train
random_stratified,0,03-01-01-02-04.wav,train
random_stratified,0,03-01-01-02-05.wav,train
random_stratified,0,03-01-01-02-06.wav,train
random_stratified,0,03-01-01-02-07.wav,train
random_stratified,0,03-01-01-02-08.wav,train
random_stratified,0,03-01-01-02-09.wav,train
random_stratified,0,03-01-01-02-10.wav,train
random_stratified,0,03-01-01-02-11.wav,train
random_stratified,0,03-01-01-02-12.wav,train
random_stratified,0,03-01-01-02-13.wav,train
random_stratified,0,03-01-01-02-14.wav,train
random_stratified,0,03-01-01-02-15.wav,train
random_stratified,0,03-01-01-02-17.wav,train
random_stratified,0,03-01-01-02-18.wav,train
random_stratified,0,03-01-01-02-19.wav,train
random_stratified,0,03-01-01-02-20.wav,train
random_stratified,0,03-01-01-02-22.wav,train
random_stratified,0,03-01-01-02-24.wav,train
random_stratified,0,03-01-02-01-01.wav,train
random_stratified,0,03-01-02-01-02.wav,train
random_stratified,0,03-01-02-01-03.wav,train
random_stratified,0,03-01-02-01-04.wav,train
random_stratified,0,03-01-02-01-05.wav,train
random_stratified,0,03-01-02-01-06.wav,train
random_stratified,0,03-01-02-01-07.wav,train
random_stratified,0,03-01-02-01-08.wav,train
random_stratified,0,03-01-02-01-10.wav,train
random_stratified,0,03-01-02-01-11.wav,train
random_stratified,0,03-01-02-01-12.wav,train
random_stratified,0,03-01-02-01-13.wav,train
random_stratified,0,03-01-02-01-16.wav,train
random_stratified,0,03-01-02-01-17.wav,train
random_stratified,0,03-01-02-01-18.wav,train
random_stratified,0,03-01-02-01-19.wav,train
random_stratified,0,03-01-02-01-21.wav,train
random_stratified,0,03-01-02-01-22.wav,train
random_stratified,0,03-01-02-01-23.wav,train
random_stratified,0,03-01-02-01-24.wav,train
random_stratified,0,03-01-02-02-01.wav,train
random_stratified,0,03-01-02-02-03.wav,train
random_stratified,0,03-01-02-02-04.wav,train
random_stratified,0,03-01-02-02-05.wav,train
random_stratified,0,03-01-02-02-06.wav,train
random_stratified,0,03-01-02-02-08.wav,train
random_stratified,0,03-01-02-02-09.wav,train
random_stratified,0,03-01-02-02-10.wav,train
random_stratified,0,03-01-02-02-11.wav,train
random_stratified,0,03-01-02-02-12.wav,train
random_stratified,0,03-01-02-02-13.wav,train
random_stratified,0,03-01-02-02-15.wav,train
random_stratified,0,03-01-02-02-16.wav,train
random_stratified,0,03-01-02-02-17.wav,train
random_stratified,0,03-01-02-02-18.wav,train
random_stratified,0,03-01-02-02-19.wav,train
random_stratified,0,03-01-02-02-20.wav,train
random_stratified,0,03-01-02-02-21.wav,train
random_stratified,0,03-01-02-02-23.wav,train
random_stratified,0,03-01-02-02-24.wav,train
random_stratified,0,03-02-01-01-01.wav,train
random_stratified,0,03-02-01-01-02.wav,train
random_stratified,0,03-02-01-01-03.wav,train
random_stratified,0,03-02-01-01-04.wav,train
random_stratified,0,03-02-01-01-05.wav,train
random_stratified,0,03-02-01-01-06.wav,train
random_stratified,0,03-02-01-01-07.wav,train
random_stratified,0,03-02-01-01-08.wav,train
random_stratified,0,03-02-01-01-09.wav,train
random_stratified,0,03-02-01-01-11.wav,train
random_stratified,0,03-02-01-01-12.wav,train
random_stratified,0,03-02-01-01-13.wav,train
random_stratified,0,03-02-01-01-14.wav,train
random_stratified,0,03-02-01-01-16.wav,train
random_stratified,0,03-02-01-01-17.wav,train
random_stratified,0,03-02-01-01-18.wav,train
random_stratified,0,03-02-01-01-19.wav,train
random_stratified,0,03-02-01-01-20.wav,train
random_stratified,0,03-02-01-01-21.wav,train
random_stratified,0,03-02-01-01-23.wav,train
random_stratified,0,03-02-01-01-24.wav,train
random_stratified,0,03-02-01-02-01.wav,train
random_stratified,0,03-02-01-02-02.wav,train
random_stratified,0,03-02-01-02-03.wav,train
random_stratified,0,03-02-01-02-04.wav,train
random_stratified,0,03-02-01-02-06.wav,train
random_stratified,0,03-02-01-02-08.wav,train
random_stratified,0,03-02-01-02-09.wav,train
random_stratified,0,03-02-01-02-10.wav,train
random_stratified,0,03-02-01-02-11.wav,train
random_stratified,0,03-02-01-02-12.wav,train
random_stratified,0,03-02-01-02-13.wav,train
random_stratified,0,03-02-01-02-14.wav,train
random_stratified,0,03-02-01-02-15.wav,train
random_stratified,0,03-02-01-02-16.wav,train
random_stratified,0,03-02-01-02-17.wav,train
random_stratified,0,03-02-01-02-19.wav,train
random_stratified,0,03-02-01-02-20.wav,train
random_stratified,0,03-02-01-02-21.wav,train
random_stratified,0,03-02-01-02-22.wav,train
random_stratified,0,03-02-01-02-23.wav,train
random_stratified,0,03-02-02-01-01.wav,train
random_stratified,0,03-02-02-01-03.wav,train
random_stratified,0,03-02-02-01-04.wav,train
random_stratified,0,03-02-02-01-06.wav,train
random_stratified,0,03-02-02-01-08.wav,train
random_stratified,0,03-02-02-01-09.wav,train
random_stratified,0,03-02-02-01-10.wav,train
random_stratified,0,03-02-02-01-11.wav,train
random_stratified,0,03-02-02-01-12.wav,train
random_stratified,0,03-02-02-01-13.wav,train
random_stratified,0,03-02-02-01-15.wav,train
random_stratified,0,03-02-02-01-16.wav,train
random_stratified,0,03-02-02-01-22.wav,train
random_stratified,0,03-02-02-01-23.wav,train
random_stratified,0,03-02-02-01-24.wav,train
random_stratified,0,03-02-02-02-01.wav,train
random_stratified,0,03-02-02-02-02.wav,train
random_stratified,0,03-02-02-02-03.wav,train
random_stratified,0,03-02-02-02-04.wav,train
random_stratified,0,03-02-02-02-05.wav,train
random_stratified,0,03-02-02-02-06.wav,train
random_stratified,0,03-02-02-02-08.wav,train
random_stratified,0,03-02-02-02-09.wav,train
random_stratified,0,03-02-02-02-10.wav,train
random_stratified,0,03-02-02-02-11.wav,train
random_stratified,0,03-02-02-02-12.wav,train
random_stratified,0,03-02-02-02-14.wav,train
random_stratified,0,03-02-02-02-15.wav,train
random_stratified,0,03-02-02-02-16.wav,train
random_stratified,0,03-02-02-02-17.wav,train
random_stratified,0,03-02-02-02-18.wav,train
random_stratified,0,03-02-02-02-20.wav,train
random_stratified,0,03-02-02-02-21.wav,train
random_stratified,0,03-02-02-02-23.wav,train
random_stratified,0,04-01-01-01-01.wav,train
random_stratified,0,04-01-01-01-02.wav,train
random_stratified,0,04-01-01-01-03.wav,train
random_stratified,0,04-01-01-01-05.wav,train
random_stratified,0,04-01-01-01-06.wav,train
random_stratified,0,04-01-01-01-07.wav,train
random_stratified,0,04-01-01-01-09.wav,train
random_stratified,0,04-01-01-01-11.wav,train
random_stratified,0,04-01-01-01-12.wav,train
random_stratified,0,04-01-01-01-13.wav,train
random_stratified,0,04-01-01-01-14.wav,train
random_stratified,0,04-01-01-01-16.wav,train
random_stratified,0,04-01-01-01-17.wav,train
random_stratified,0,04-01-01-01-19.wav,train
random_stratified,0,04-01-01-01-20.wav,train
random_stratified,0,04-01-01-01-21.wav,train
random_stratified,0,04-01-01-01-22.wav,train
random_stratified,0,04-01-01-01-23.wav,train
random_stratified,0,04-01-01-01-24.wav,train
random_stratified,0,04-01-01-02-01.wav,train
random_stratified,0,04-01-01-02-02.wav,train
random_stratified,0,04-01-01-02-03.wav,train
random_stratified,0,04-01-01-02-04.wav,train
random_stratified,0,04-01-01-02-05.wav,train
random_stratified,0,04-01-01-02-06.wav,train
random_stratified,0,04-01-01-02-09.wav,train
random_stratified,0,04-01-01-02-10.wav,train
random_stratified,0,04-01-01-02-11.wav,train
random_stratified,0,04-01-01-02-13.wav,train
random_stratified,0,04-01-01-02-14.wav,train
random_stratified,0,04-01-01-02-15.wav,train
random_stratified,0,04-01-01-02-16.wav,train
random_stratified,0,04-01-01-02-17.wav,train
random_stratified,0,04-01-01-02-18.wav,train
random_stratified,0,04-01-01-02-20.wav,train
random_stratified,0,04-01-01-02-21.wav,train
random_stratified,0,04-01-01-02-22.wav,train
random_stratified,0,04-01-01-02-24.wav,train
random_stratified,0,04-01-02-01-01.wav,train
random_stratified,0,04-01-02-01-03.wav,train
random_stratified,0,04-01-02-01-04.wav,train
random_stratified,0,04-01-02-01-05.wav,train
random_stratified,0,04-01-02-01-08.wav,train
random_stratified,0,04-01-02-01-09.wav,train
random_stratified,0,04-01-02-01-10.wav,train
random_stratified,0,04-01-02-01-11.wav,train
random_stratified,0,04-01-02-01-13.wav,train
random_stratified,0,04-01-02-01-14.wav,train
random_stratified,0,04-01-02-01-17.wav,train
random_stratified,0,04-01-02-01-18.wav,train
random_stratified,0,04-01-02-01-19.wav,train
random_stratified,0,04-01-02-01-20.wav,train
random_stratified,0,04-01-02-01-21.wav,train
random_stratified,0,04-01-02-01-22.wav,train
random_stratified,0,04-01-02-01-23.wav,train
random_stratified,0,04-01-02-02-01.wav,train
random_stratified,0,04-01-02-02-02.wav,train
random_stratified,0,04-01-02-02-03.wav,train
random_stratified,0,04-01-02-02-05.wav,train
random_stratified,0,04-01-02-02-06.wav,train
random_stratified,0,04-01-02-02-07.wav,train
random_stratified,0,04-01-02-02-08.wav,train
random_stratified,0,04-01-02-02-10.wav,train
random_stratified,0,04-01-02-02-11.wav,train
random_stratified,0,04-01-02-02-12.wav,train
random_stratified,0,04-01-02-02-13.wav,train
random_stratified,0,04-01-02-02-14.wav,train
random_stratified,0,04-01-02-02-15.wav,train
random_stratified,0,04-01-02-02-16.wav,train
random_stratified,0,04-01-02-02-19.wav,train
random_stratified,0,04-01-02-02-20.wav,train
random_stratified,0,04-01-02-02-21.wav,train
random_stratified,0,04-01-02-02-22.wav,train
random_stratified,0,04-01-02-02-23.wav,train
random_stratified,0,04-01-02-02-24.wav,train
random_stratified,0,04-02-01-01-02.wav,train
random_stratified,0,04-02-01-01-03.wav,train
random_stratified,0,04-02-01-01-04.wav,train
random_stratified,0,04-02-01-01-05.wav,train
random_stratified,0,04-02-01-01-06.wav,train
random_stratified,0,04-02-01-01-07.wav,train
random_stratified,0,04-02-01-01-08.wav,train
random_stratified,0,04-02-01-01-09.wav,train
random_stratified,0,04-02-01-01-10.wav,train
random_stratified,0,04-02-01-01-11.wav,train
random_stratified,0,04-02-01-01-12.wav,train
random_stratified,0,04-02-01-01-13.wav,train
random_stratified,0,04-02-01-01-14.wav,train
random_stratified,0,04-02-01-01-15.wav,train
random_stratified,0,04-02-01-01-16.wav,train
random_stratified,0,04-02-01-01-18.wav,train
random_stratified,0,04-02-01-01-19.wav,train
random_stratified,0,04-02-01-01-21.wav,train
random_stratified,0,04-02-01-01-22.wav,train
random_stratified,0,04-02-01-01-23.wav,train
random_stratified,0,04-02-01-02-01.wav,train
random_stratified,0,04-02-01-02-02.wav,train
random_stratified,0,04-02-01-02-03.wav,train
random_stratified,0,04-02-01-02-04.wav,train
random_stratified,0,04-02-01-02-05.wav,train
random_stratified,0,04-02-01-02-06.wav,train
random_stratified,0,04-02-01-02-07.wav,train
random_stratified,0,04-02-01-02-08.wav,train
random_stratified,0,04-02-01-02-09.wav,train
random_stratified,0,04-02-01-02-10.wav,train
random_stratified,0,04-02-01-02-12.wav,train
random_stratified,0,04-02-01-02-13.wav,train
random_stratified,0,04-02-01-02-14.wav,train
random_stratified,0,04-02-01-02-15.wav,train
random_stratified,0,04-02-01-02-16.wav,train
random_stratified,0,04-02-01-02-17.wav,train
random_stratified,0,04-02-01-02-19.wav,train
random_stratified,0,04-02-01-02-20.wav,train
random_stratified,0,04-02-01-02-23.wav,train
random_stratified,0,04-02-02-01-01.wav,train
random_stratified,0,04-02-02-01-02.wav,train
random_stratified,0,04-02-02-01-04.wav,train
random_stratified,0,04-02-02-01-07.wav,train
random_stratified,0,04-02-02-01-08.wav,train
random_stratified,0,04-02-02-01-09.wav,train
random_stratified,0,04-02-02-01-10.wav,train
random_stratified,0,04-02-02-01-11.wav,train
random_stratified,0,04-02-02-01-12.wav,train
random_stratified,0,04-02-02-01-13.wav,train
random_stratified,0,04-02-02-01-14.wav,train
random_stratified,0,04-02-02-01-15.wav,train
random_stratified,0,04-02-02-01-16.wav,train
random_stratified,0,04-02-02-01-17.wav,train
random_stratified,0,04-02-02-01-18.wav,train
random_stratified,0,04-02-02-01-19.wav,train
random_stratified,0,04-02-02-01-20.wav,train
random_stratified,0,04-02-02-01-21.wav,train
random_stratified,0,04-02-02-01-22.wav,train
random_stratified,0,04-02-02-01-23.wav,train
random_stratified,0,04-02-02-02-01.wav,train
random_stratified,0,04-02-02-02-02.wav,train
random_stratified,0,04-02-02-02-03.wav,train
random_stratified,0,04-02-02-02-04.wav,train
random_stratified,0,04-02-02-02-05.wav,train
random_stratified,0,04-02-02-02-06.wav,train
random_stratified,0,04-02-02-02-07.wav,train
random_stratified,0,04-02-02-02-08.wav,train
random_stratified,0,04-02-02-02-09.wav,train
random_stratified,0,04-02-02-02-11.wav,train
random_stratified,0,04-02-02-02-14.wav,train
random_stratified,0,04-02-02-02-15.wav,train
random_stratified,0,04-02-02-02-16.wav,train
random_stratified,0,04-02-02-02-18.wav,train
random_stratified,0,04-02-02-02-19.wav,train
random_stratified,0,04-02-02-02-21.wav,train
random_stratified,0,04-02-02-02-22.wav,train
random_stratified,0,04-02-02-02-23.wav,train
random_stratified,0,04-02-02-02-24.wav,train
random_stratified,0,05-01-01-01-03.wav,train
random_stratified,0,05-01-01-01-04.wav,train
random_stratified,0,05-01-01-01-06.wav,train
random_stratified,0,05-01-01-01-07.wav,train
random_stratified,0,05-01-01-01-08.wav,train
random_stratified,0,05-01-01-01-09.wav,train
random_stratified,0,05-01-01-01-10.wav,train
random_stratified,0,05-01-01-01-11.wav,train
random_stratified,0,05-01-01-01-12.wav,train
random_stratified,0,05-01-01-01-13.wav,train
random_stratified,0,05-01-01-01-16.wav,train
random_stratified,0,05-01-01-01-19.wav,train
random_stratified,0,05-01-01-01-20.wav,train
random_stratified,0,05-01-01-01-21.wav,train
random_stratified,0,05-01-01-01-22.wav,train
random_stratified,0,05-01-01-01-23.wav,train
random_stratified,0,05-01-01-01-24.wav,train
random_stratified,0,05-01-01-02-01.wav,train
random_stratified,0,05-01-01-02-03.wav,train
random_stratified,0,05-01-01-02-04.wav,train
random_stratified,0,05-01-01-02-05.wav,train
random_stratified,0,05-01-01-02-07.wav,train
random_stratified,0,05-01-01-02-08.wav,train
random_stratified,0,05-01-01-02-09.wav,train
random_stratified,0,05-01-01-02-10.wav,train
random_stratified,0,05-01-01-02-11.wav,train
random_stratified,0,05-01-01-02-12.wav,train
random_stratified,0,05-01-01-02-13.wav,train
random_stratified,0,05-01-01-02-14.wav,train
random_stratified,0,05-01-01-02-15.wav,train
random_stratified,0,05-01-01-02-16.wav,train
random_stratified,0,05-01-01-02-17.wav,train
random_stratified,0,05-01-01-02-19.wav,train
random_stratified,0,05-01-01-02-23.wav,train
random_stratified,0,05-01-01-02-24.wav,train
random_stratified,0,05-01-02-01-01.wav,train
random_stratified,0,05-01-02-01-02.wav,train
random_stratified,0,05-01-02-01-03.wav,train
random_stratified,0,05-01-02-01-05.wav,train
random_stratified,0,05-01-02-01-06.wav,train
random_stratified,0,05-01-02-01-07.wav,train
random_stratified,0,05-01-02-01-08.wav,train
random_stratified,0,05-01-02-01-09.wav,train
random_stratified,0,05-01-02-01-10.wav,train
random_stratified,0,05-01-02-01-11.wav,train
random_stratified,0,05-01-02-01-12.wav,train
random_stratified,0,05-01-02-01-14.wav,train
random_stratified,0,05-01-02-01-15.wav,train
random_stratified,0,05-01-02-01-18.wav,train
random_stratified,0,05-01-02-01-19.wav,train
random_stratified,0,05-01-02-01-20.wav,train
random_stratified,0,05-01-02-01-21.wav,train
random_stratified,0,05-01-02-01-22.wav,train
random_stratified,0,05-01-02-02-01.wav,train
random_stratified,0,05-01-02-02-02.wav,train
random_stratified,0,05-01-02-02-03.wav,train
random_stratified,0,05-01-02-02-04.wav,train
random_stratified,0,05-01-02-02-05.wav,train
random_stratified,0,05-01-02-02-06.wav,train
random_stratified,0,05-01-02-02-07.wav,train
random_stratified,0,05-01-02-02-08.wav,train
random_stratified,0,05-01-02-02-09.wav,train
random_stratified,0,05-01-02-02-10.wav,train
random_stratified,0,05-01-02-02-11.wav,train
random_stratified,0,05-01-02-02-12.wav,train
random_stratified,0,05-01-02-02-13.wav,train
random_stratified,0,05-01-02-02-14.wav,train
random_stratified,0,05-01-02-02-15.wav,train
random_stratified,0,05-01-02-02-17.wav,train
random_stratified,0,05-01-02-02-18.wav,train
random_stratified,0,05-01-02-02-20.wav,train
random_stratified,0,05-01-02-02-22.wav,train
random_stratified,0,05-01-02-02-23.wav,train
random_stratified,0,05-01-02-02-24.wav,train
random_stratified,0,05-02-01-01-01.wav,train
random_stratified,0,05-02-01-01-02.wav,train
random_stratified,0,05-02-01-01-03.wav,train
random_stratified,0,05-02-01-01-04.wav,train
random_stratified,0,05-02-01-01-05.wav,train
random_stratified,0,05-02-01-01-07.wav,train
random_stratified,0,05-02-01-01-08.wav,train
random_stratified,0,05-02-01-01-09.wav,train
random_stratified,0,05-02-01-01-10.wav,train
random_stratified,0,05-02-01-01-11.wav,train
random_stratified,0,05-02-01-01-12.wav,train
random_stratified,0,05-02-01-01-13.wav,train
random_stratified,0,05-02-01-01-14.wav,train
random_stratified,0,05-02-01-01-15.wav,train
random_stratified,0,05-02-01-01-16.wav,train
random_stratified,0,05-02-01-01-17.wav,train
random_stratified,0,05-02-01-01-18.wav,train
random_stratified,0,05-02-01-01-19.wav,train
random_stratified,0,05-02-01-01-20.wav,train
random_stratified,0,05-02-01-01-21.wav,train
random_stratified,0,05-02-01-01-22.wav,train
random_stratified,0,05-02-01-01-23.wav,train
random_stratified,0,05-02-01-01-24.wav,train
random_stratified,0,05-02-01-02-01.wav,train
random_stratified,0,05-02-01-02-03.wav,train
random_stratified,0,05-02-01-02-05.wav,train
random_stratified,0,05-02-01-02-06.wav,train
random_stratified,0,05-02-01-02-07.wav,train
random_stratified,0,05-02-01-02-08.wav,train
random_stratified,0,05-02-01-02-09.wav,train
random_stratified,0,05-02-01-02-10.wav,train
random_stratified,0,05-02-01-02-11.wav,train
random_stratified,0,05-02-01-02-12.wav,train
random_stratified,0,05-02-01-02-13.wav,train
random_stratified,0,05-02-01-02-14.wav,train
random_stratified,0,05-02-01-02-15.wav,train
random_stratified,0,05-02-01-02-16.wav,train
random_stratified,0,05-02-01-02-17.wav,train
random_stratified,0,05-02-01-02-19.wav,train
random_stratified,0,05-02-01-02-21.wav,train
random_stratified,0,05-02-01-02-22.wav,train
random_stratified,0,05-02-01-02-23.wav,train
random_stratified,0,05-02-01-02-24.wav,train
random_stratified,0,05-02-02-01-01.wav,train
random_stratified,0,05-02-02-01-02.wav,train
random_stratified,0,05-02-02-01-03.wav,train
random_stratified,0,05-02-02-01-04.wav,train
random_stratified,0,05-02-02-01-05.wav,train
random_stratified,0,05-02-02-01-09.wav,train
random_stratified,0,05-02-02-01-11.wav,train
random_stratified,0,05-02-02-01-13.wav,train
random_stratified,0,05-02-02-01-14.wav,train
random_stratified,0,05-02-02-01-15.wav,train
random_stratified,0,05-02-02-01-16.wav,train
random_stratified,0,05-02-02-01-17.wav,train
random_stratified,0,05-02-02-01-18.wav,train
random_stratified,0,05-02-02-01-19.wav,train
random_stratified,0,05-02-02-01-20.wav,train
random_stratified,0,05-02-02-01-21.wav,train
random_stratified,0,05-02-02-01-22.wav,train
random_stratified,0,05-02-02-01-23.wav,train
random_stratified,0,05-02-02-01-24.wav,train
random_stratified,0,05-02-02-02-02.wav,train
random_stratified,0,05-02-02-02-03.wav,train
random_stratified,0,05-02-02-02-05.wav,train
random_stratified,0,05-02-02-02-07.wav,train
random_stratified,0,05-02-02-02-08.wav,train
random_stratified,0,05-02-02-02-09.wav,train
random_stratified,0,05-02-02-02-10.wav,train
random_stratified,0,05-02-02-02-11.wav,train
random_stratified,0,05-02-02-02-12.wav,train
random_stratified,0,05-02-02-02-13.wav,train
random_stratified,0,05-02-02-02-14.wav,train
random_stratified,0,05-02-02-02-15.wav,train
random_stratified,0,05-02-02-02-16.wav,train
random_stratified,0,05-02-02-02-17.wav,train
random_stratified,0,05-02-02-02-18.wav,train
random_stratified,0,05-02-02-02-21.wav,train
random_stratified,0,05-02-02-02-22.wav,train
random_stratified,0,05-02-02-02-23.wav,train
random_stratified,0,06-01-01-01-03.wav,train
random_stratified,0,06-01-01-01-04.wav,train
random_stratified,0,06-01-01-01-05.wav,train
random_stratified,0,06-01-01-01-06.wav,train
random_stratified,0,06-01-01-01-07.wav,train
random_stratified,0,06-01-01-01-08.wav,train
random_stratified,0,06-01-01-01-09.wav,train
random_stratified,0,06-01-01-01-10.wav,train
random_stratified,0,06-01-01-01-11.wav,train
random_stratified,0,06-01-01-01-12.wav,train
random_stratified,0,06-01-01-01-13.wav,train
random_stratified,0,06-01-01-01-15.wav,train
random_stratified,0,06-01-01-01-16.wav,train
random_stratified,0,06-01-01-01-17.wav,train
random_stratified,0,06-01-01-01-19.wav,train
random_stratified,0,06-01-01-01-21.wav,train
random_stratified,0,06-01-01-01-22.wav,train
random_stratified,0,06-01-01-02-01.wav,train
random_stratified,0,06-01-01-02-02.wav,train
random_stratified,0,06-01-01-02-03.wav,train
random_stratified,0,06-01-01-02-04.wav,train
random_stratified,0,06-01-01-02-05.wav,train
random_stratified,0,06-01-01-02-06.wav,train
random_stratified,0,06-01-01-02-07.wav,train
random_stratified,0,06-01-01-02-08.wav,train
random_stratified,0,06-01-01-02-09.wav,train
random_stratified,0,06-01-01-02-11.wav,train
random_stratified,0,06-01-01-02-12.wav,train
random_stratified,0,06-01-01-02-13.wav,train
random_stratified,0,06-01-01-02-14.wav,train
random_stratified,0,06-01-01-02-15.wav,train
random_stratified,0,06-01-01-02-16.wav,train
random_stratified,0,06-01-01-02-17.wav,train
random_stratified,0,06-01-01-02-18.wav,train
random_stratified,0,06-01-01-02-19.wav,train
random_stratified,0,06-01-01-02-20.wav,train
random_stratified,0,06-01-01-02-21.wav,train
random_stratified,0,06-01-01-02-22.wav,train
random_stratified,0,06-01-01-02-23.wav,train
random_stratified,0,06-01-01-02-24.wav,train
random_stratified,0,06-01-02-01-01.wav,train
random_stratified,0,06-01-02-01-02.wav,train
random_stratified,0,06-01-02-01-03.wav,train
random_stratified,0,06-01-02-01-04.wav,train
random_stratified,0,06-01-02-01-05.wav,train
random_stratified,0,06-01-02-01-06.wav,train
random_stratified,0,06-01-02-01-07.wav,train
random_stratified,0,06-01-02-01-08.wav,train
random_stratified,0,06-01-02-01-09.wav,train
random_stratified,0,06-01-02-01-10.wav,train
random_stratified,0,06-01-02-01-11.wav,train
random_stratified,0,06-01-02-01-16.wav,train
random_stratified,0,06-01-02-01-17.wav,train
random_stratified,0,06-01-02-01-19.wav,train
random_stratified,0,06-01-02-01-20.wav,train
random_stratified,0,06-01-02-01-21.wav,train
random_stratified,0,06-01-02-01-22.wav,train
random_stratified,0,06-01-02-01-23.wav,train
random_stratified,0,06-01-02-02-01.wav,train
random_stratified,0,06-01-02-02-02.wav,train
random_stratified,0,06-01-02-02-03.wav,train
random_stratified,0,06-01-02-02-04.wav,train
random_stratified,0,06-01-02-02-05.wav,train
random_stratified,0,06-01-02-02-06.wav,train
random_stratified,0,06-01-02-02-07.wav,train
random_stratified,0,06-01-02-02-08.wav,train
random_stratified,0,06-01-02-02-09.wav,train
random_stratified,0,06-01-02-02-11.wav,train
random_stratified,0,06-01-02-02-12.wav,train
random_stratified,0,06-01-02-02-15.wav,train
random_stratified,0,06-01-02-02-16.wav,train
random_stratified,0,06-01-02-02-17.wav,train
random_stratified,0,06-01-02-02-18.wav,train
random_stratified,0,06-01-02-02-20.wav,train
random_stratified,0,06-01-02-02-22.wav,train
random_stratified,0,06-01-02-02-23.wav,train
random_stratified,0,06-02-01-01-01.wav,train
random_stratified,0,06-02-01-01-02.wav,train
random_stratified,0,06-02-01-01-04.wav,train
random_stratified,0,06-02-01-01-06.wav,train
random_stratified,0,06-02-01-01-07.wav,train
random_stratified,0,06-02-01-01-09.wav,train
random_stratified,0,06-02-01-01-10.wav,train
random_stratified,0,06-02-01-01-11.wav,train
random_stratified,0,06-02-01-01-13.wav,train
random_stratified,0,06-02-01-01-14.wav,train
random_stratified,0,06-02-01-01-15.wav,train
random_stratified,0,06-02-01-01-16.wav,train
random_stratified,0,06-02-01-01-17.wav,train
random_stratified,0,06-02-01-01-18.wav,train
random_stratified,0,06-02-01-01-19.wav,train
random_stratified,0,06-02-01-01-20.wav,train
random_stratified,0,06-02-01-01-21.wav,train
random_stratified,0,06-02-01-01-22.wav,train
random_stratified,0,06-02-01-01-24.wav,train
random_stratified,0,06-02-01-02-01.wav,train
random_stratified,0,06-02-01-02-02.wav,train
random_stratified,0,06-02-01-02-03.wav,train
random_stratified,0,06-02-01-02-04.wav,train
random_stratified,0,06-02-01-02-05.wav,train
random_stratified,0,06-02-01-02-06.wav,train
random_stratified,0,06-02-01-02-07.wav,train
random_stratified,0,06-02-01-02-08.wav,train
random_stratified,0,06-02-01-02-09.wav,train
random_stratified,0,06-02-01-02-10.wav,train
random_stratified,0,06-02-01-02-11.wav,train
random_stratified,0,06-02-01-02-12.wav,train
random_stratified,0,06-02-01-02-13.wav,train
random_stratified,0,06-02-01-02-14.wav,train
random_stratified,0,06-02-01-02-15.wav,train
random_stratified,0,06-02-01-02-16.wav,train
random_stratified,0,06-02-01-02-17.wav,train
random_stratified,0,06-02-01-02-18.wav,train
random_stratified,0,06-02-01-02-19.wav,train
random_stratified,0,06-02-01-02-22.wav,train
random_stratified,0,06-02-01-02-24.wav,train
random_stratified,0,06-02-02-01-01.wav,train
random_stratified,0,06-02-02-01-02.wav,train
random_stratified,0,06-02-02-01-03.wav,train
random_stratified,0,06-02-02-01-04.wav,train
random_stratified,0,06-02-02-01-05.wav,train
random_stratified,0,06-02-02-01-06.wav,train
random_stratified,0,06-02-02-01-09.wav,train
random_stratified,0,06-02-02-01-11.wav,train
random_stratified,0,06-02-02-01-12.wav,train
random_stratified,0,06-02-02-01-15.wav,train
random_stratified,0,06-02-02-01-16.wav,train
random_stratified,0,06-02-02-01-17.wav,train
random_stratified,0,06-02-02-01-18.wav,train
random_stratified,0,06-02-02-01-21.wav,train
random_stratified,0,06-02-02-01-24.wav,train
random_stratified,0,06-02-02-02-01.wav,train
random_stratified,0,06-02-02-02-02.wav,train
random_stratified,0,06-02-02-02-03.wav,train
random_stratified,0,06-02-02-02-04.wav,train
random_stratified,0,06-02-02-02-05.wav,train
random_stratified,0,06-02-02-02-06.wav,train
random_stratified,0,06-02-02-02-07.wav,train
random_stratified,0,06-02-02-02-08.wav,train
random_stratified,0,06-02-02-02-09.wav,train
random_stratified,0,06-02-02-02-10.wav,train
random_stratified,0,06-02-02-02-12.wav,train
random_stratified,0,06-02-02-02-13.wav,train
random_stratified,0,06-02-02-02-14.wav,train
random_stratified,0,06-02-02-02-15.wav,train
random_stratified,0,06-02-02-02-16.wav,train
random_stratified,0,06-02-02-02-17.wav,train
random_stratified,0,06-02-02-02-18.wav,train
random_stratified,0,06-02-02-02-19.wav,train
random_stratified,0,06-02-02-02-20.wav,train
random_stratified,0,06-02-02-02-21.wav,train
random_stratified,0,06-02-02-02-22.wav,train
random_stratified,0,06-02-02-02-23.wav,train
random_stratified,0,07-01-01-01-01.wav,train
random_stratified,0,07-01-01-01-02.wav,train
random_stratified,0,07-01-01-01-03.wav,train
random_stratified,0,07-01-01-01-04.wav,train
random_stratified,0,07-01-01-01-06.wav,train
random_stratified,0,07-01-01-01-07.wav,train
random_stratified,0,07-01-01-01-08.wav,train
random_stratified,0,07-01-01-01-09.wav,train
random_stratified,0,07-01-01-01-10.wav,train
random_stratified,0,07-01-01-01-13.wav,train
random_stratified,0,07-01-01-01-14.wav,train
random_stratified,0,07-01-01-01-15.wav,train
random_stratified,0,07-01-01-01-16.wav,train
random_stratified,0,07-01-01-01-19.wav,train
random_stratified,0,07-01-01-01-20.wav,train
random_stratified,0,07-01-01-01-21.wav,train
random_stratified,0,07-01-01-01-22.wav,train
random_stratified,0,07-01-01-01-23.wav,train
random_stratified,0,07-01-01-01-24.wav,train
random_stratified,0,07-01-01-02-01.wav,train
random_stratified,0,07-01-01-02-02.wav,train
random_stratified,0,07-01-01-02-03.wav,train
random_stratified,0,07-01-01-02-04.wav,train
random_stratified,0,07-01-01-02-05.wav,train
random_stratified,0,07-01-01-02-07.wav,train
random_stratified,0,07-01-01-02-09.wav,train
random_stratified,0,07-01-01-02-10.wav,train
random_stratified,0,07-01-01-02-11.wav,train
random_stratified,0,07-01-01-02-13.wav,train
random_stratified,0,07-01-01-02-14.wav,train
random_stratified,0,07-01-01-02-15.wav,train
random_stratified,0,07-01-01-02-17.wav,train
random_stratified,0,07-01-01-02-18.wav,train
random_stratified,0,07-01-01-02-19.wav,train
random_stratified,0,07-01-01-02-20.wav,train
random_stratified,0,07-01-01-02-22.wav,train
random_stratified,0,07-01-01-02-23.wav,train
random_stratified,0,07-01-02-01-01.wav,train
random_stratified,0,07-01-02-01-02.wav,train
random_stratified,0,07-01-02-01-03.wav,train
random_stratified,0,07-01-02-01-04.wav,train
random_stratified,0,07-01-02-01-06.wav,train
random_stratified,0,07-01-02-01-07.wav,train
random_stratified,0,07-01-02-01-10.wav,train
random_stratified,0,07-01-02-01-11.wav,train
random_stratified,0,07-01-02-01-12.wav,train
random_stratified,0,07-01-02-01-13.wav,train
random_stratified,0,07-01-02-01-14.wav,train
random_stratified,0,07-01-02-01-15.wav,train
random_stratified,0,07-01-02-01-16.wav,train
random_stratified,0,07-01-02-01-17.wav,train
random_stratified,0,07-01-02-01-18.wav,train
random_stratified,0,07-01-02-01-19.wav,train
random_stratified,0,07-01-02-01-20.wav,train
random_stratified,0,07-01-02-01-22.wav,train
random_stratified,0,07-01-02-01-23.wav,train
random_stratified,0,07-01-02-02-01.wav,train
random_stratified,0,07-01-02-02-03.wav,train
random_stratified,0,07-01-02-02-04.wav,train
random_stratified,0,07-01-02-02-05.wav,train
random_stratified,0,07-01-02-02-07.wav,train
random_stratified,0,07-01-02-02-09.wav,train
random_stratified,0,07-01-02-02-10.wav,train
random_stratified,0,07-01-02-02-11.wav,train
random_stratified,0,07-01-02-02-12.wav,train
random_stratified,0,07-01-02-02-13.wav,train
random_stratified,0,07-01-02-02-14.wav,train
random_stratified,0,07-01-02-02-15.wav,train
random_stratified,0,07-01-02-02-16.wav,train
random_stratified,0,07-01-02-02-18.wav,train
random_stratified,0,07-01-02-02-19.wav,train
random_stratified,0,07-01-02-02-20.wav,train
random_stratified,0,07-01-02-02-21.wav,train
random_stratified,0,07-01-02-02-22.wav,train
random_stratified,0,07-01-02-02-23.wav,train
random_stratified,0,07-01-02-02-24.wav,train
random_stratified,0,07-02-01-01-01.wav,train
random_stratified,0,07-02-01-01-02.wav,train
random_stratified,0,07-02-01-01-03.wav,train
random_stratified,0,07-02-01-01-04.wav,train
random_stratified,0,07-02-01-01-06.wav,train
random_stratified,0,07-02-01-01-07.wav,train
random_stratified,0,07-02-01-01-08.wav,train
random_stratified,0,07-02-01-01-09.wav,train
random_stratified,0,07-02-01-01-10.wav,train
random_stratified,0,07-02-01-01-11.wav,train
random_stratified,0,07-02-01-01-12.wav,train
random_stratified,0,07-02-01-01-13.wav,train
random_stratified,0,07-02-01-01-14.wav,train
random_stratified,0,07-02-01-01-15.wav,train
random_stratified,0,07-02-01-01-16.wav,train
random_stratified,0,07-02-01-01-17.wav,train
random_stratified,0,07-02-01-01-18.wav,train
random_stratified,0,07-02-01-01-19.wav,train
random_stratified,0,07-02-01-01-21.wav,train
random_stratified,0,07-02-01-01-22.wav,train
random_stratified,0,07-02-01-01-24.wav,train
random_stratified,0,07-02-01-02-01.wav,train
random_stratified,0,07-02-01-02-02.wav,train
random_stratified,0,07-02-01-02-03.wav,train
random_stratified,0,07-02-01-02-04.wav,train
random_stratified,0,07-02-01-02-05.wav,train
random_stratified,0,07-02-01-02-06.wav,train
random_stratified,0,07-02-01-02-07.wav,train
random_stratified,0,07-02-01-02-08.wav,train
random_stratified,0,07-02-01-02-10.wav,train
random_stratified,0,07-02-01-02-14.wav,train
random_stratified,0,07-02-01-02-15.wav,train
random_stratified,0,07-02-01-02-16.wav,train
random_stratified,0,07-02-01-02-17.wav,train
random_stratified,0,07-02-01-02-18.wav,train
random_stratified,0,07-02-01-02-19.wav,train
random_stratified,0,07-02-01-02-20.wav,train
random_stratified,0,07-02-01-02-21.wav,train
random_stratified,0,07-02-01-02-22.wav,train
random_stratified,0,07-02-01-02-23.wav,train
random_stratified,0,07-02-02-01-02.wav,train
random_stratified,0,07-02-02-01-03.wav,train
random_stratified,0,07-02-02-01-04.wav,train
random_stratified,0,07-02-02-01-05.wav,train
random_stratified,0,07-02-02-01-08.wav,train
random_stratified,0,07-02-02-01-09.wav,train
random_stratified,0,07-02-02-01-10.wav,train
random_stratified,0,07-02-02-01-12.wav,train
random_stratified,0,07-02-02-01-13.wav,train
random_stratified,0,07-02-02-01-14.wav,train
random_stratified,0,07-02-02-01-16.wav,train
random_stratified,0,07-02-02-01-17.wav,train
random_stratified,0,07-02-02-01-18.wav,train
random_stratified,0,07-02-02-01-19.wav,train
random_stratified,0,07-02-02-01-20.wav,train
random_stratified,0,07-02-02-01-21.wav,train
random_stratified,0,07-02-02-01-22.wav,train
random_stratified,0,07-02-02-01-23.wav,train
random_stratified,0,07-02-02-01-24.wav,train
random_stratified,0,07-02-02-02-01.wav,train
random_stratified,0,07-02-02-02-02.wav,train
random_stratified,0,07-02-02-02-03.wav,train
random_stratified,0,07-02-02-02-04.wav,train
random_stratified,0,07-02-02-02-05.wav,train
random_stratified,0,07-02-02-02-06.wav,train
random_stratified,0,07-02-02-02-07.wav,train
random_stratified,0,07-02-02-02-08.wav,train
random_stratified,0,07-02-02-02-10.wav,train
random_stratified,0,07-02-02-02-11.wav,train
random_stratified,0,07-02-02-02-13.wav,train
random_stratified,0,07-02-02-02-14.wav,train
random_stratified,0,07-02-02-02-15.wav,train
random_stratified,0,07-02-02-02-16.wav,train
random_stratified,0,07-02-02-02-17.wav,train
random_stratified,0,07-02-02-02-18.wav,train
random_stratified,0,07-02-02-02-21.wav,train
random_stratified,0,07-02-02-02-23.wav,train
random_stratified,0,07-02-02-02-24.wav,train
random_stratified,0,08-01-01-01-01.wav,train
random_stratified,0,08-01-01-01-02.wav,train
random_stratified,0,08-01-01-01-03.wav,train
random_stratified,0,08-01-01-01-04.wav,train
random_stratified,0,08-01-01-01-06.wav,train
random_stratified,0,08-01-01-01-07.wav,train
random_stratified,0,08-01-01-01-08.wav,train
random_stratified,0,08-01-01-01-10.wav,train
random_stratified,0,08-01-01-01-11.wav,train
random_stratified,0,08-01-01-01-12.wav,train
random_stratified,0,08-01-01-01-14.wav,train
random_stratified,0,08-01-01-01-15.wav,train
random_stratified,0,08-01-01-01-16.wav,train
random_stratified,0,08-01-01-01-17.wav,train
random_stratified,0,08-01-01-01-18.wav,train
random_stratified,0,08-01-01-01-19.wav,train
random_stratified,0,08-01-01-01-20.wav,train
random_stratified,0,08-01-01-01-21.wav,train
random_stratified,0,08-01-01-01-22.wav,train
random_stratified,0,08-01-01-01-23.wav,train
random_stratified,0,08-01-01-01-24.wav,train
random_stratified,0,08-01-01-02-01.wav,train
random_stratified,0,08-01-01-02-05.wav,train
random_stratified,0,08-01-01-02-06.wav,train
random_stratified,0,08-01-01-02-07.wav,train
random_stratified,0,08-01-01-02-10.wav,train
random_stratified,0,08-01-01-02-11.wav,train
random_stratified,0,08-01-01-02-12.wav,train
random_stratified,0,08-01-01-02-13.wav,train
random_stratified,0,08-01-01-02-14.wav,train
random_stratified,0,08-01-01-02-17.wav,train
random_stratified,0,08-01-01-02-18.wav,train
random_stratified,0,08-01-01-02-20.wav,train
random_stratified,0,08-01-01-02-21.wav,train
random_stratified,0,08-01-01-02-22.wav,train
random_stratified,0,08-01-01-02-24.wav,train
random_stratified,0,08-01-02-01-01.wav,train
random_stratified,0,08-01-02-01-02.wav,train
random_stratified,0,08-01-02-01-03.wav,train
random_stratified,0,08-01-02-01-04.wav,train
random_stratified,0,08-01-02-01-05.wav,train
random_stratified,0,08-01-02-01-07.wav,train
random_stratified,0,08-01-02-01-09.wav,train
random_stratified,0,08-01-02-01-10.wav,train
random_stratified,0,08-01-02-01-11.wav,train
random_stratified,0,08-01-02-01-12.wav,train
random_stratified,0,08-01-02-01-13.wav,train
random_stratified,0,08-01-02-01-14.wav,train
random_stratified,0,08-01-02-01-15.wav,train
random_stratified,0,08-01-02-01-17.wav,train
random_stratified,0,08-01-02-01-18.wav,train
random_stratified,0,08-01-02-01-20.wav,train
random_stratified,0,08-01-02-01-21.wav,train
random_stratified,0,08-01-02-01-22.wav,train
random_stratified,0,08-01-02-01-24.wav,train
random_stratified,0,08-01-02-02-01.wav,train
random_stratified,0,08-01-02-02-02.wav,train
random_stratified,0,08-01-02-02-03.wav,train
random_stratified,0,08-01-02-02-04.wav,train
random_stratified,0,08-01-02-02-05.wav,train
random_stratified,0,08-01-02-02-06.wav,train
random_stratified,0,08-01-02-02-07.wav,train
random_stratified,0,08-01-02-02-08.wav,train
random_stratified,0,08-01-02-02-09.wav,train
random_stratified,0,08-01-02-02-10.wav,train
random_stratified,0,08-01-02-02-12.wav,train
random_stratified,0,08-01-02-02-13.wav,train
random_stratified,0,08-01-02-02-14.wav,train
random_stratified,0,08-01-02-02-15.wav,train
random_stratified,0,08-01-02-02-16.wav,train
random_stratified,0,08-01-02-02-17.wav,train
random_stratified,0,08-01-02-02-18.wav,train
random_stratified,0,08-01-02-02-19.wav,train
random_stratified,0,08-01-02-02-20.wav,train
random_stratified,0,08-01-02-02-21.wav,train
random_stratified,0,08-01-02-02-23.wav,train
random_stratified,0,08-01-02-02-24.wav,train
random_stratified,0,08-02-01-01-01.wav,train
random_stratified,0,08-02-01-01-02.wav,train
random_stratified,0,08-02-01-01-03.wav,train
random_stratified,0,08-02-01-01-04.wav,train
random_stratified,0,08-02-01-01-05.wav,train
random_stratified,0,08-02-01-01-06.wav,train
random_stratified,0,08-02-01-01-07.wav,train
random_stratified,0,08-02-01-01-08.wav,train
random_stratified,0,08-02-01-01-09.wav,train
random_stratified,0,08-02-01-01-10.wav,train
random_stratified,0,08-02-01-01-11.wav,train
random_stratified,0,08-02-01-01-12.wav,train
random_stratified,0,08-02-01-01-13.wav,train
random_stratified,0,08-02-01-01-14.wav,train
random_stratified,0,08-02-01-01-15.wav,train
random_stratified,0,08-02-01-01-18.wav,train
random_stratified,0,08-02-01-01-20.wav,train
random_stratified,0,08-02-01-01-21.wav,train
random_stratified,0,08-02-01-01-22.wav,train
random_stratified,0,08-02-01-01-23.wav,train
random_stratified,0,08-02-01-02-01.wav,train
random_stratified,0,08-02-01-02-02.wav,train
random_stratified,0,08-02-01-02-03.wav,train
random_stratified,0,08-02-01-02-05.wav,train
random_stratified,0,08-02-01-02-07.wav,train
random_stratified,0,08-02-01-02-08.wav,train
random_stratified,0,08-02-01-02-09.wav,train
random_stratified,0,08-02-01-02-10.wav,train
random_stratified,0,08-02-01-02-11.wav,train
random_stratified,0,08-02-01-02-12.wav,train
random_stratified,0,08-02-01-02-13.wav,train
random_stratified,0,08-02-01-02-14.wav,train
random_stratified,0,08-02-01-02-16.wav,train
random_stratified,0,08-02-01-02-18.wav,train
random_stratified,0,08-02-01-02-19.wav,train
random_stratified,0,08-02-01-02-20.wav,train
random_stratified,0,08-02-01-02-22.wav,train
random_stratified,0,08-02-01-02-23.wav,train
random_stratified,0,08-02-01-02-24.wav,train
random_stratified,0,08-02-02-01-01.wav,train
random_stratified,0,08-02-02-01-02.wav,train
random_stratified,0,08-02-02-01-03.wav,train
random_stratified,0,08-02-02-01-04.wav,train
random_stratified,0,08-02-02-01-06.wav,train
random_stratified,0,08-02-02-01-08.wav,train
random_stratified,0,08-02-02-01-09.wav,train
random_stratified,0,08-02-02-01-10.wav,train
random_stratified,0,08-02-02-01-11.wav,train
random_stratified,0,08-02-02-01-12.wav,train
random_stratified,0,08-02-02-01-13.wav,train
random_stratified,0,08-02-02-01-15.wav,train
random_stratified,0,08-02-02-01-16.wav,train
random_stratified,0,08-02-02-01-17.wav,train
random_stratified,0,08-02-02-01-18.wav,train
random_stratified,0,08-02-02-01-20.wav,train
random_stratified,0,08-02-02-01-22.wav,train
random_stratified,0,08-02-02-01-23.wav,train
random_stratified,0,08-02-02-01-24.wav,train
random_stratified,0,08-02-02-02-01.wav,train
random_stratified,0,08-02-02-02-02.wav,train
random_stratified,0,08-02-02-02-03.wav,train
random_stratified,0,08-02-02-02-04.wav,train
random_stratified,0,08-02-02-02-05.wav,train
random_stratified,0,08-02-02-02-06.wav,train
random_stratified,0,08-02-02-02-07.wav,train
random_stratified,0,08-02-02-02-08.wav,train
random_stratified,0,08-02-02-02-10.wav,train
random_stratified,0,08-02-02-02-11.wav,train
random_stratified,0,08-02-02-02-12.wav,train
random_stratified,0,08-02-02-02-13.wav,train
random_stratified,0,08-02-02-02-14.wav,train
random_stratified,0,08-02-02-02-15.wav,train
random_stratified,0,08-02-02-02-16.wav,train
random_stratified,0,08-02-02-02-17.wav,train
random_stratified,0,08-02-02-02-18.wav,train
random_stratified,0,08-02-02-02-23.wav,train
random_stratified,0,08-02-02-02-24.wav,train
random_stratified,1,01-01-01-01-02.wav,test
random_stratified,1,01-01-01-01-10.wav,test
random_stratified,1,01-01-01-01-13.wav,test
random_stratified,1,01-01-01-01-15.wav,test
random_stratified,1,01-01-01-01-21.wav,test
random_stratified,1,01-01-01-02-05.wav,test
random_stratified,1,01-01-01-02-12.wav,test
random_stratified,1,01-01-01-02-22.wav,test
random_stratified,1,01-01-02-01-04.wav,test
random_stratified,1,01-01-02-01-08.wav,test
random_stratified,1,01-01-02-01-11.wav,test
random_stratified,1,01-01-02-01-19.wav,test
random_stratified,1,01-01-02-01-23.wav,test
random_stratified,1,01-01-02-02-03.wav,test
random_stratified,1,01-01-02-02-04.wav,test
random_stratified,1,01-01-02-02-10.wav,test
random_stratified,1,01-01-02-02-13.wav,test
random_stratified,1,01-01-02-02-20.wav,test
random_stratified,1,01-01-02-02-21.wav,test
random_stratified,1,02-01-01-01-03.wav,test
random_stratified,1,02-01-01-01-11.wav,test
random_stratified,1,02-01-01-01-19.wav,test
random_stratified,1,02-01-01-01-24.wav,test
random_stratified,1,02-01-01-02-04.wav,test
random_stratified,1,02-01-01-02-06.wav,test
random_stratified,1,02-01-01-02-07.wav,test
random_stratified,1,02-01-01-02-11.wav,test
random_stratified,1,02-01-01-02-13.wav,test
random_stratified,1,02-01-01-02-18.wav,test
random_stratified,1,02-01-01-02-23.wav,test
random_stratified,1,02-01-02-01-01.wav,test
random_stratified,1,02-01-02-01-05.wav,test
random_stratified,1,02-01-02-01-10.wav,test
random_stratified,1,02-01-02-01-16.wav,test
random_stratified,1,02-01-02-02-04.wav,test
random_stratified,1,02-01-02-02-12.wav,test
random_stratified,1,02-01-02-02-15.wav,test
random_stratified,1,02-01-02-02-19.wav,test
random_stratified,1,02-01-02-02-20.wav,test
random_stratified,1,02-02-01-01-04.wav,test
random_stratified,1,02-02-01-01-13.wav,test
random_stratified,1,02-02-01-02-03.wav,test
random_stratified,1,02-02-01-02-08.wav,test
random_stratified,1,02-02-01-02-09.wav,test
random_stratified,1,02-02-01-02-20.wav,test
random_stratified,1,02-02-01-02-23.wav,test
random_stratified,1,02-02-02-01-04.wav,test
random_stratified,1,02-02-02-01-07.wav,test
random_stratified,1,02-02-02-01-11.wav,test
random_stratified,1,02-02-02-01-14.wav,test
random_stratified,1,02-02-02-01-16.wav,test
random_stratified,1,02-02-02-01-17.wav,test
random_stratified,1,02-02-02-02-04.wav,test
random_stratified,1,02-02-02-02-05.wav,test
random_stratified,1,02-02-02-02-13.wav,test
random_stratified,1,02-02-02-02-18.wav,test
random_stratified,1,02-02-02-02-20.wav,test
random_stratified,1,02-02-02-02-22.wav,test
random_stratified,1,03-01-01-01-10.wav,test
random_stratified,1,03-01-01-01-17.wav,test
random_stratified,1,03-01-01-01-19.wav,test
random_stratified,1,03-01-01-02-03.wav,test
random_stratified,1,03-01-01-02-07.wav,test
random_stratified,1,03-01-01-02-10.wav,test
random_stratified,1,03-01-01-02-13.wav,test
random_stratified,1,03-01-01-02-14.wav,test
random_stratified,1,03-01-01-02-15.wav,test
random_stratified,1,03-01-02-01-02.wav,test
random_stratified,1,03-01-02-01-07.wav,test
random_stratified,1,03-01-02-02-01.wav,test
random_stratified,1,03-01-02-02-10.wav,test
random_stratified,1,03-01-02-02-11.wav,test
random_stratified,1,03-01-02-02-12.wav,test
random_stratified,1,03-01-02-02-15.wav,test
random_stratified,1,03-01-02-02-16.wav,test
random_stratified,1,03-01-02-02-18.wav,test
random_stratified,1,03-02-01-01-02.wav,test
random_stratified,1,03-02-01-01-08.wav,test
random_stratified,1,03-02-01-01-13.wav,test
random_stratified,1,03-02-01-01-18.wav,test
random_stratified,1,03-02-01-01-20.wav,test
random_stratified,1,03-02-01-01-21.wav,test
random_stratified,1,03-02-01-01-24.wav,test
random_stratified,1,03-02-01-02-03.wav,test
random_stratified,1,03-02-01-02-04.wav,test
random_stratified,1,03-02-01-02-06.wav,test
random_stratified,1,03-02-01-02-11.wav,test
random_stratified,1,03-02-01-02-14.wav,test
random_stratified,1,03-02-01-02-16.wav,test
random_stratified,1,03-02-01-02-22.wav,test
random_stratified,1,03-02-02-01-10.wav,test
random_stratified,1,03-02-02-02-03.wav,test
random_stratified,1,03-02-02-02-09.wav,test
random_stratified,1,03-02-02-02-14.wav,test
random_stratified,1,03-02-02-02-15.wav,test
random_stratified,1,03-02-02-02-20.wav,test
random_stratified,1,04-01-01-01-01.wav,test
random_stratified,1,04-01-01-01-07.wav,test
random_stratified,1,04-01-01-01-13.wav,test
random_stratified,1,04-01-01-01-22.wav,test
random_stratified,1,04-01-01-02-06.wav,test
random_stratified,1,04-01-01-02-10.wav,test
random_stratified,1,04-01-01-02-15.wav,test
random_stratified,1,04-01-01-02-16.wav,test
random_stratified,1,04-01-01-02-17.wav,test
random_stratified,1,04-01-01-02-21.wav,test
random_stratified,1,04-01-02-02-03.wav,test
random_stratified,1,04-01-02-02-07.wav,test
random_stratified,1,04-01-02-02-13.wav,test
random_stratified,1,04-01-02-02-15.wav,test
random_stratified,1,04-01-02-02-16.wav,test
random_stratified,1,04-01-02-02-19.wav,test
random_stratified,1,04-01-02-02-22.wav,test
random_stratified,1,04-02-01-01-02.wav,test
random_stratified,1,04-02-01-01-03.wav,test
random_stratified,1,04-02-01-01-08.wav,test
random_stratified,1,04-02-01-01-10.wav,test
random_stratified,1,04-02-01-01-22.wav,test
random_stratified,1,04-02-01-02-01.wav,test
random_stratified,1,04-02-01-02-05.wav,test
random_stratified,1,04-02-01-02-07.wav,test
random_stratified,1,04-02-01-02-12.wav,test
random_stratified,1,04-02-01-02-14.wav,test
random_stratified,1,04-02-01-02-19.wav,test
random_stratified,1,04-02-02-01-01.wav,test
random_stratified,1,04-02-02-01-02.wav,test
random_stratified,1,04-02-02-01-15.wav,test
random_stratified,1,04-02-02-01-21.wav,test
random_stratified,1,04-02-02-02-01.wav,test
random_stratified,1,04-02-02-02-05.wav,test
random_stratified,1,04-02-02-02-08.wav,test
random_stratified,1,04-02-02-02-09.wav,test
random_stratified,1,04-02-02-02-14.wav,test
random_stratified,1,04-02-02-02-21.wav,test
random_stratified,1,04-02-02-02-24.wav,test
random_stratified,1,05-01-01-01-04.wav,test
random_stratified,1,05-01-01-01-08.wav,test
random_stratified,1,05-01-01-01-13.wav,test
random_stratified,1,05-01-01-01-23.wav,test
random_stratified,1,05-01-01-02-01.wav,test
random_stratified,1,05-01-01-02-04.wav,test
random_stratified,1,05-01-01-02-10.wav,test
random_stratified,1,05-01-01-02-13.wav,test
random_stratified,1,05-01-01-02-14.wav,test
random_stratified,1,05-01-01-02-15.wav,test
random_stratified,1,05-01-01-02-17.wav,test
random_stratified,1,05-01-02-01-01.wav,test
random_stratified,1,05-01-02-01-05.wav,test
random_stratified,1,05-01-02-01-06.wav,test
random_stratified,1,05-01-02-01-09.wav,test
random_stratified,1,05-01-02-01-21.wav,test
random_stratified,1,05-01-02-01-22.wav,test
random_stratified,1,05-01-02-02-03.wav,test
random_stratified,1,05-01-02-02-07.wav,test
random_stratified,1,05-01-02-02-15.wav,test
random_stratified,1,05-01-02-02-20.wav,test
random_stratified,1,05-02-01-01-02.wav,test
random_stratified,1,05-02-01-01-03.wav,test
random_stratified,1,05-02-01-01-19.wav,test
random_stratified,1,05-02-01-01-23.wav,test
random_stratified,1,05-02-01-02-11.wav,test
random_stratified,1,05-02-01-02-12.wav,test
random_stratified,1,05-02-01-02-21.wav,test
random_stratified,1,05-02-02-01-02.wav,test
random_stratified,1,05-02-02-01-15.wav,test
random_stratified,1,05-02-02-01-18.wav,test
random_stratified,1,05-02-02-01-19.wav,test
random_stratified,1,05-02-02-02-05.wav,test
random_stratified,1,05-02-02-02-07.wav,test
random_stratified,1,05-02-02-02-09.wav,test
random_stratified,1,05-02-02-02-15.wav,test
random_stratified,1,05-02-02-02-16.wav,test
random_stratified,1,05-02-02-02-17.wav,test
random_stratified,1,06-01-01-01-04.wav,test
random_stratified,1,06-01-01-01-07.wav,test
random_stratified,1,06-01-01-01-10.wav,test
random_stratified,1,06-01-01-01-11.wav,test
random_stratified,1,06-01-01-01-19.wav,test
random_stratified,1,06-01-01-01-21.wav,test
random_stratified,1,06-01-01-02-01.wav,test
random_stratified,1,06-01-01-02-08.wav,test
random_stratified,1,06-01-01-02-09.wav,test
random_stratified,1,06-01-01-02-11.wav,test
random_stratified,1,06-01-01-02-13.wav,test
random_stratified,1,06-01-01-02-14.wav,test
random_stratified,1,06-01-01-02-18.wav,test
random_stratified,1,06-01-01-02-19.wav,test
random_stratified,1,06-01-01-02-23.wav,test
random_stratified,1,06-01-02-01-06.wav,test
random_stratified,1,06-01-02-01-11.wav,test
random_stratified,1,06-01-02-01-22.wav,test
random_stratified,1,06-01-02-02-04.wav,test
random_stratified,1,06-01-02-02-16.wav,test
random_stratified,1,06-01-02-02-20.wav,test
random_stratified,1,06-02-01-01-15.wav,test
random_stratified,1,06-02-01-01-20.wav,test
random_stratified,1,06-02-01-01-22.wav,test
random_stratified,1,06-02-01-02-03.wav,test
random_stratified,1,06-02-01-02-09.wav,test
random_stratified,1,06-02-01-02-12.wav,test
random_stratified,1,06-02-01-02-16.wav,test
random_stratified,1,06-02-01-02-18.wav,test
random_stratified,1,06-02-01-02-19.wav,test
random_stratified,1,06-02-02-01-03.wav,test
random_stratified,1,06-02-02-01-17.wav,test
random_stratified,1,06-02-02-02-01.wav,test
random_stratified,1,06-02-02-02-02.wav,test
random_stratified,1,06-02-02-02-03.wav,test
random_stratified,1,06-02-02-02-04.wav,test
random_stratified,1,06-02-02-02-05.wav,test
random_stratified,1,06-02-02-02-09.wav,test
random_stratified,1,07-01-01-01-09.wav,test
random_stratified,1,07-01-01-01-15.wav,test
random_stratified,1,07-01-01-01-21.wav,test
random_stratified,1,07-01-01-01-22.wav,test
random_stratified,1,07-01-01-02-01.wav,test
random_stratified,1,07-01-01-02-05.wav,test
random_stratified,1,07-01-01-02-07.wav,test
random_stratified,1,07-01-01-02-17.wav,test
random_stratified,1,07-01-01-02-22.wav,test
random_stratified,1,07-01-01-02-23.wav,test
random_stratified,1,07-01-02-01-06.wav,test
random_stratified,1,07-01-02-01-10.wav,test
random_stratified,1,07-01-02-01-15.wav,test
random_stratified,1,07-01-02-02-04.wav,test
random_stratified,1,07-01-02-02-11.wav,test
random_stratified,1,07-01-02-02-12.wav,test
random_stratified,1,07-01-02-02-13.wav,test
random_stratified,1,07-01-02-02-24.wav,test
random_stratified,1,07-02-01-01-02.wav,test
random_stratified,1,07-02-01-01-04.wav,test
random_stratified,1,07-02-01-01-07.wav,test
random_stratified,1,07-02-01-01-10.wav,test
random_stratified,1,07-02-01-01-14.wav,test
random_stratified,1,07-02-01-01-19.wav,test
random_stratified,1,07-02-01-02-03.wav,test
random_stratified,1,07-02-01-02-06.wav,test
random_stratified,1,07-02-01-02-16.wav,test
random_stratified,1,07-02-01-02-18.wav,test
random_stratified,1,07-02-02-01-03.wav,test
random_stratified,1,07-02-02-01-05.wav,test
random_stratified,1,07-02-02-01-10.wav,test
random_stratified,1,07-02-02-01-13.wav,test
random_stratified,1,07-02-02-01-14.wav,test
random_stratified,1,07-02-02-01-16.wav,test
random_stratified,1,07-02-02-01-20.wav,test
random_stratified,1,07-02-02-02-05.wav,test
random_stratified,1,07-02-02-02-13.wav,test
random_stratified,1,07-02-02-02-17.wav,test
random_stratified,1,07-02-02-02-23.wav,test
random_stratified,1,08-01-01-01-01.wav,test
random_stratified,1,08-01-01-01-07.wav,test
random_stratified,1,08-01-01-01-15.wav,test
random_stratified,1,08-01-01-01-18.wav,test
random_stratified,1,08-01-01-02-01.wav,test
random_stratified,1,08-01-01-02-05.wav,test
random_stratified,1,08-01-01-02-14.wav,test
random_stratified,1,08-01-02-01-12.wav,test
random_stratified,1,08-01-02-01-14.wav,test
random_stratified,1,08-01-02-01-15.wav,test
random_stratified,1,08-01-02-01-17.wav,test
random_stratified,1,08-01-02-02-07.wav,test
random_stratified,1,08-01-02-02-14.wav,test
random_stratified,1,08-01-02-02-16.wav,test
random_stratified,1,08-01-02-02-18.wav,test
random_stratified,1,08-01-02-02-20.wav,test
random_stratified,1,08-01-02-02-21.wav,test
random_stratified,1,08-01-02-02-24.wav,test
random_stratified,1,08-02-01-01-10.wav,test
random_stratified,1,08-02-01-01-11.wav,test
random_stratified,1,08-02-01-01-18.wav,test
random_stratified,1,08-02-01-02-07.wav,test
random_stratified,1,08-02-01-02-08.wav,test
random_stratified,1,08-02-01-02-09.wav,test
random_stratified,1,08-02-01-02-11.wav,test
random_stratified,1,08-02-01-02-13.wav,test
random_stratified,1,08-02-01-02-19.wav,test
random_stratified,1,08-02-01-02-22.wav,test
random_stratified,1,08-02-02-01-03.wav,test
random_stratified,1,08-02-02-01-04.wav,test
random_stratified,1,08-02-02-01-09.wav,test
random_stratified,1,08-02-02-01-10.wav,test
random_stratified,1,08-02-02-01-13.wav,test
random_stratified,1,08-02-02-01-17.wav,test
random_stratified,1,08-02-02-01-24.wav,test
random_stratified,1,08-02-02-02-05.wav,test
random_stratified,1,08-02-02-02-08.wav,test
random_stratified,1,08-02-02-02-13.wav,test
random_stratified,1,01-01-01-01-01.wav,train
random_stratified,1,01-01-01-01-03.wav,train
random_stratified,1,01-01-01-01-04.wav,train
random_stratified,1,01-01-01-01-05.wav,train
random_stratified,1,01-01-01-01-06.wav,train
random_stratified,1,01-01-01-01-07.wav,train
random_stratified,1,01-01-01-01-08.wav,train
random_stratified,1,01-01-01-01-09.wav,train
random_stratified,1,01-01-01-01-11.wav,train
random_stratified,1,01-01-01-01-12.wav,train
random_stratified,1,01-01-01-01-14.wav,train
random_stratified,1,01-01-01-01-16.wav,train
random_stratified,1,01-01-01-01-17.wav,train
random_stratified,1,01-01-01-01-18.wav,train
random_stratified,1,01-01-01-01-19.wav,train
random_stratified,1,01-01-01-01-20.wav,train
random_stratified,1,01-01-01-01-22.wav,train
random_stratified,1,01-01-01-01-23.wav,train
random_stratified,1,01-01-01-01-24.wav,train
random_stratified,1,01-01-01-02-01.wav,train
random_stratified,1,01-01-01-02-02.wav,train
random_stratified,1,01-01-01-02-03.wav,train
random_stratified,1,01-01-01-02-04.wav,train
random_stratified,1,01-01-01-02-06.wav,train
random_stratified,1,01-01-01-02-07.wav,train
random_stratified,1,01-01-01-02-08.wav,train
random_stratified,1,01-01-01-02-09.wav,train
random_stratified,1,01-01-01-02-10.wav,train
random_stratified,1,01-01-01-02-11.wav,train
random_stratified,1,01-01-01-02-13.wav,train
random_stratified,1,01-01-01-02-14.wav,train
random_stratified,1,01-01-01-02-15.wav,train
random_stratified,1,01-01-01-02-16.wav,train
random_stratified,1,01-01-01-02-17.wav,train
random_stratified,1,01-01-01-02-18.wav,train
random_stratified,1,01-01-01-02-19.wav,train
random_stratified,1,01-01-01-02-20.wav,train
random_stratified,1,01-01-01-02-21.wav,train
random_stratified,1,01-01-01-02-23.wav,train
random_stratified,1,01-01-01-02-24.wav,train
random_stratified,1,01-01-02-01-01.wav,train
random_stratified,1,01-01-02-01-02.wav,train
random_stratified,1,01-01-02-01-03.wav,train
random_stratified,1,01-01-02-01-05.wav,train
random_stratified,1,01-01-02-01-06.wav,train
random_stratified,1,01-01-02-01-07.wav,train
random_stratified,1,01-01-02-01-09.wav,train
random_stratified,1,01-01-02-01-10.wav,train
random_stratified,1,01-01-02-01-12.wav,train
random_stratified,1,01-01-02-01-13.wav,train
random_stratified,1,01-01-02-01-14.wav,train
random_stratified,1,01-01-02-01-15.wav,train
random_stratified,1,01-01-02-01-16.wav,train
random_stratified,1,01-01-02-01-17.wav,train
random_stratified,1,01-01-02-01-18.wav,train
random_stratified,1,01-01-02-01-20.wav,train
random_stratified,1,01-01-02-01-21.wav,train
random_stratified,1,01-01-02-01-22.wav,train
random_stratified,1,01-01-02-01-24.wav,train
random_stratified,1,01-01-02-02-01.wav,train
random_stratified,1,01-01-02-02-02.wav,train
random_stratified,1,01-01-02-02-05.wav,train
random_stratified,1,01-01-02-02-06.wav,train
random_stratified,1,01-01-02-02-07.wav,train
random_stratified,1,01-01-02-02-08.wav,train
random_stratified,1,01-01-02-02-09.wav,train
random_stratified,1,01-01-02-02-11.wav,train
random_stratified,1,01-01-02-02-12.wav,train
random_stratified,1,01-01-02-02-14.wav,train
random_stratified,1,01-01-02-02-15.wav,train
random_stratified,1,01-01-02-02-16.wav,train
random_stratified,1,01-01-02-02-17.wav,train
random_stratified,1,01-01-02-02-18.wav,train
random_stratified,1,01-01-02-02-19.wav,train
random_stratified,1,01-01-02-02-22.wav,train
random_stratified,1,01-01-02-02-23.wav,train
random_stratified,1,01-01-02-02-24.wav,train
random_stratified,1,02-01-01-01-01.wav,train
random_stratified,1,02-01-01-01-02.wav,train
random_stratified,1,02-01-01-01-04.wav,train
random_stratified,1,02-01-01-01-05.wav,train
random_stratified,1,02-01-01-01-06.wav,train
random_stratified,1,02-01-01-01-07.wav,train
random_stratified,1,02-01-01-01-08.wav,train
random_stratified,1,02-01-01-01-09.wav,train
random_stratified,1,02-01-01-01-10.wav,train
random_stratified,1,02-01-01-01-12.wav,train
random_stratified,1,02-01-01-01-13.wav,train
random_stratified,1,02-01-01-01-14.wav,train
random_stratified,1,02-01-01-01-15.wav,train
random_stratified,1,02-01-01-01-16.wav,train
random_stratified,1,02-01-01-01-17.wav,train
random_stratified,1,02-01-01-01-18.wav,train
random_stratified,1,02-01-01-01-20.wav,train
random_stratified,1,02-01-01-01-21.wav,train
random_stratified,1,02-01-01-01-22.wav,train
random_stratified,1,02-01-01-01-23.wav,train
random_stratified,1,02-01-01-02-01.wav,train
random_stratified,1,02-01-01-02-02.wav,train
random_stratified,1,02-01-01-02-03.wav,train
random_stratified,1,02-01-01-02-05.wav,train
random_stratified,1,02-01-01-02-08.wav,train
random_stratified,1,02-01-01-02-09.wav,train
random_stratified,1,02-01-01-02-10.wav,train
random_stratified,1,02-01-01-02-12.wav,train
random_stratified,1,02-01-01-02-14.wav,train
random_stratified,1,02-01-01-02-15.wav,train
random_stratified,1,02-01-01-02-16.wav,train
random_stratified,1,02-01-01-02-17.wav,train
random_stratified,1,02-01-01-02-19.wav,train
random_stratified,1,02-01-01-02-20.wav,train
random_stratified,1,02-01-01-02-21.wav,train
random_stratified,1,02-01-01-02-22.wav,train
random_stratified,1,02-01-01-02-24.wav,train
random_stratified,1,02-01-02-01-02.wav,train
random_stratified,1,02-01-02-01-03.wav,train
random_stratified,1,02-01-02-01-04.wav,train
random_stratified,1,02-01-02-01-06.wav,train
random_stratified,1,02-01-02-01-07.wav,train
random_stratified,1,02-01-02-01-08.wav,train
random_stratified,1,02-01-02-01-09.wav,train
random_stratified,1,02-01-02-01-11.wav,train
random_stratified,1,02-01-02-01-12.wav,train
random_stratified,1,02-01-02-01-13.wav,train
random_stratified,1,02-01-02-01-14.wav,train
random_stratified,1,02-01-02-01-15.wav,train
random_stratified,1,02-01-02-01-17.wav,train
random_stratified,1,02-01-02-01-18.wav,train
random_stratified,1,02-01-02-01-19.wav,train
random_stratified,1,02-01-02-01-20.wav,train
random_stratified,1,02-01-02-01-21.wav,train
random_stratified,1,02-01-02-01-22.wav,train
random_stratified,1,02-01-02-01-23.wav,train
random_stratified,1,02-01-02-01-24.wav,train
random_stratified,1,02-01-02-02-01.wav,train
random_stratified,1,02-01-02-02-02.wav,train
random_stratified,1,02-01-02-02-03.wav,train
random_stratified,1,02-01-02-02-05.wav,train
random_stratified,1,02-01-02-02-06.wav,train
random_stratified,1,02-01-02-02-07.wav,train
random_stratified,1,02-01-02-02-08.wav,train
random_stratified,1,02-01-02-02-09.wav,train
random_stratified,1,02-01-02-02-10.wav,train
random_stratified,1,02-01-02-02-11.wav,train
random_stratified,1,02-01-02-02-13.wav,train
random_stratified,1,02-01-02-02-14.wav,train
random_stratified,1,02-01-02-02-16.wav,train
random_stratified,1,02-01-02-02-17.wav,train
random_stratified,1,02-01-02-02-18.wav,train
random_stratified,1,02-01-02-02-21.wav,train
random_stratified,1,02-01-02-02-22.wav,train
random_stratified,1,02-01-02-02-23.wav,train
random_stratified,1,02-01-02-02-24.wav,train
random_stratified,1,02-02-01-01-01.wav,train
random_stratified,1,02-02-01-01-02.wav,train
random_stratified,1,02-02-01-01-03.wav,train
random_stratified,1,02-02-01-01-05.wav,train
random_stratified,1,02-02-01-01-06.wav,train
random_stratified,1,02-02-01-01-07.wav,train
random_stratified,1,02-02-01-01-08.wav,train
random_stratified,1,02-02-01-01-09.wav,train
random_stratified,1,02-02-01-01-10.wav,train
random_stratified,1,02-02-01-01-11.wav,train
random_stratified,1,02-02-01-01-12.wav,train
random_stratified,1,02-02-01-01-14.wav,train
random_stratified,1,02-02-01-01-15.wav,train
random_stratified,1,02-02-01-01-16.wav,train
random_stratified,1,02-02-01-01-17.wav,train
random_stratified,1,02-02-01-01-18.wav,train
random_stratified,1,02-02-01-01-19.wav,train
random_stratified,1,02-02-01-01-20.wav,train
random_stratified,1,02-02-01-01-21.wav,train
random_stratified,1,02-02-01-01-22.wav,train
random_stratified,1,02-02-01-01-23.wav,train
random_stratified,1,02-02-01-01-24.wav,train
random_stratified,1,02-02-01-02-01.wav,train
random_stratified,1,02-02-01-02-02.wav,train
random_stratified,1,02-02-01-02-04.wav,train
random_stratified,1,02-02-01-02-05.wav,train
random_stratified,1,02-02-01-02-06.wav,train
random_stratified,1,02-02-01-02-07.wav,train
random_stratified,1,02-02-01-02-10.wav,train
random_stratified,1,02-02-01-02-11.wav,train
random_stratified,1,02-02-01-02-12.wav,train
random_stratified,1,02-02-01-02-13.wav,train
random_stratified,1,02-02-01-02-14.wav,train
random_stratified,1,02-02-01-02-15.wav,train
random_stratified,1,02-02-01-02-16.wav,train
random_stratified,1,02-02-01-02-17.wav,train
random_stratified,1,02-02-01-02-18.wav,train
random_stratified,1,02-02-01-02-19.wav,train
random_stratified,1,02-02-01-02-21.wav,train
random_stratified,1,02-02-01-02-22.wav,train
random_stratified,1,02-02-01-02-24.wav,train
random_stratified,1,02-02-02-01-01.wav,train
random_stratified,1,02-02-02-01-02.wav,train
random_stratified,1,02-02-02-01-03.wav,train
random_stratified,1,02-02-02-01-05.wav,train
random_stratified,1,02-02-02-01-06.wav,train
random_stratified,1,02-02-02-01-08.wav,train
random_stratified,1,02-02-02-01-09.wav,train
random_stratified,1,02-02-02-01-10.wav,train
random_stratified,1,02-02-02-01-12.wav,train
random_stratified,1,02-02-02-01-13.wav,train
random_stratified,1,02-02-02-01-15.wav,train
random_stratified,1,02-02-02-01-18.wav,train
random_stratified,1,02-02-02-01-19.wav,train
random_stratified,1,02-02-02-01-20.wav,train
random_stratified,1,02-02-02-01-21.wav,train
random_stratified,1,02-02-02-01-22.wav,train
random_stratified,1,02-02-02-01-23.wav,train
random_stratified,1,02-02-02-01-24.wav,train
random_stratified,1,02-02-02-02-01.wav,train
random_stratified,1,02-02-02-02-02.wav,train
random_stratified,1,02-02-02-02-03.wav,train
random_stratified,1,02-02-02-02-06.wav,train
random_stratified,1,02-02-02-02-07.wav,train
random_stratified,1,02-02-02-02-08.wav,train
random_stratified,1,02-02-02-02-09.wav,train
random_stratified,1,02-02-02-02-10.wav,train
random_stratified,1,02-02-02-02-11.wav,train
random_stratified,1,02-02-02-02-12.wav,train
random_stratified,1,02-02-02-02-14.wav,train
random_stratified,1,02-02-02-02-15.wav,train
random_stratified,1,02-02-02-02-16.wav,train
random_stratified,1,02-02-02-02-17.wav,train
random_stratified,1,02-02-02-02-19.wav,train
random_stratified,1,02-02-02-02-21.wav,train
random_stratified,1,02-02-02-02-23.wav,train
random_stratified,1,02-02-02-02-24.wav,train
random_stratified,1,03-01-01-01-01.wav,train
random_stratified,1,03-01-01-01-02.wav,train
random_stratified,1,03-01-01-01-03.wav,train
random_stratified,1,03-01-01-01-04.wav,train
random_stratified,1,03-01-01-01-05.wav,train
random_stratified,1,03-01-01-01-06.wav,train
random_stratified,1,03-01-01-01-07.wav,train
random_stratified,1,03-01-01-01-08.wav,train
random_stratified,1,03-01-01-01-09.wav,train
random_stratified,1,03-01-01-01-11.wav,train
random_stratified,1,03-01-01-01-12.wav,train
random_stratified,1,03-01-01-01-13.wav,train
random_stratified,1,03-01-01-01-14.wav,train
random_stratified,1,03-01-01-01-15.wav,train
random_stratified,1,03-01-01-01-16.wav,train
random_stratified,1,03-01-01-01-18.wav,train
random_stratified,1,03-01-01-01-20.wav,train
random_stratified,1,03-01-01-01-21.wav,train
random_stratified,1,03-01-01-01-22.wav,train
random_stratified,1,03-01-01-01-23.wav,train
random_stratified,1,03-01-01-01-24.wav,train
random_stratified,1,03-01-01-02-01.wav,train
random_stratified,1,03-01-01-02-02.wav,train
random_stratified,1,03-01-01-02-04.wav,train
random_stratified,1,03-01-01-02-05.wav,train
random_stratified,1,03-01-01-02-06.wav,train
random_stratified,1,03-01-01-02-08.wav,train
random_stratified,1,03-01-01-02-09.wav,train
random_stratified,1,03-01-01-02-11.wav,train
random_stratified,1,03-01-01-02-12.wav,train
random_stratified,1,03-01-01-02-16.wav,train
random_stratified,1,03-01-01-02-17.wav,train
random_stratified,1,03-01-01-02-18.wav,train
random_stratified,1,03-01-01-02-19.wav,train
random_stratified,1,03-01-01-02-20.wav,train
random_stratified,1,03-01-01-02-21.wav,train
random_stratified,1,03-01-01-02-22.wav,train
random_stratified,1,03-01-01-02-23.wav,train
random_stratified,1,03-01-01-02-24.wav,train
random_stratified,1,03-01-02-01-01.wav,train
random_stratified,1,03-01-02-01-03.wav,train
random_stratified,1,03-01-02-01-04.wav,train
random_stratified,1,03-01-02-01-05.wav,train
random_stratified,1,03-01-02-01-06.wav,train
random_stratified,1,03-01-02-01-08.wav,train
random_stratified,1,03-01-02-01-09.wav,train
random_stratified,1,03-01-02-01-10.wav,train
random_stratified,1,03-01-02-01-11.wav,train
random_stratified,1,03-01-02-01-12.wav,train
random_stratified,1,03-01-02-01-13.wav,train
random_stratified,1,03-01-02-01-14.wav,train
random_stratified,1,03-01-02-01-15.wav,train
random_stratified,1,03-01-02-01-16.wav,train
random_stratified,1,03-01-02-01-17.wav,train
random_stratified,1,03-01-02-01-18.wav,train
random_stratified,1,03-01-02-01-19.wav,train
random_stratified,1,03-01-02-01-20.wav,train
random_stratified,1,03-01-02-01-21.wav,train
random_stratified,1,03-01-02-01-22.wav,train
random_stratified,1,03-01-02-01-23.wav,train
random_stratified,1,03-01-02-01-24.wav,train
random_stratified,1,03-01-02-02-02.wav,train
random_stratified,1,03-01-02-02-03.wav,train
random_stratified,1,03-01-02-02-04.wav,train
random_stratified,1,03-01-02-02-05.wav,train
random_stratified,1,03-01-02-02-06.wav,train
random_stratified,1,03-01-02-02-07.wav,train
random_stratified,1,03-01-02-02-08.wav,train
random_stratified,1,03-01-02-02-09.wav,train
random_stratified,1,03-01-02-02-13.wav,train
random_stratified,1,03-01-02-02-14.wav,train
random_stratified,1,03-01-02-02-17.wav,train
random_stratified,1,03-01-02-02-19.wav,train
random_stratified,1,03-01-02-02-20.wav,train
random_stratified,1,03-01-02-02-21.wav,train
random_stratified,1,03-01-02-02-22.wav,train
random_stratified,1,03-01-02-02-23.wav,train
random_stratified,1,03-01-02-02-24.wav,train
random_stratified,1,03-02-01-01-01.wav,train
random_stratified,1,03-02-01-01-03.wav,train
random_stratified,1,03-02-01-01-04.wav,train
random_stratified,1,03-02-01-01-05.wav,train
random_stratified,1,03-02-01-01-06.wav,train
random_stratified,1,03-02-01-01-07.wav,train
random_stratified,1,03-02-01-01-09.wav,train
random_stratified,1,03-02-01-01-10.wav,train
random_stratified,1,03-02-01-01-11.wav,train
random_stratified,1,03-02-01-01-12.wav,train
random_stratified,1,03-02-01-01-14.wav,train
random_stratified,1,03-02-01-01-15.wav,train
random_stratified,1,03-02-01-01-16.wav,train
random_stratified,1,03-02-01-01-17.wav,train
random_stratified,1,03-02-01-01-19.wav,train
random_stratified,1,03-02-01-01-22.wav,train
random_stratified,1,03-02-01-01-23.wav,train
random_stratified,1,03-02-01-02-01.wav,train
random_stratified,1,03-02-01-02-02.wav,train
random_stratified,1,03-02-01-02-05.wav,train
random_stratified,1,03-02-01-02-07.wav,train
random_stratified,1,03-02-01-02-08.wav,train
random_stratified,1,03-02-01-02-09.wav,train
random_stratified,1,03-02-01-02-10.wav,train
random_stratified,1,03-02-01-02-12.wav,train
random_stratified,1,03-02-01-02-13.wav,train
random_stratified,1,03-02-01-02-15.wav,train
random_stratified,1,03-02-01-02-17.wav,train
random_stratified,1,03-02-01-02-18.wav,train
random_stratified,1,03-02-01-02-19.wav,train
random_stratified,1,03-02-01-02-20.wav,train
random_stratified,1,03-02-01-02-21.wav,train
random_stratified,1,03-02-01-02-23.wav,train
random_stratified,1,03-02-01-02-24.wav,train
random_stratified,1,03-02-02-01-01.wav,train
random_stratified,1,03-02-02-01-02.wav,train
random_stratified,1,03-02-02-01-03.wav,train
random_stratified,1,03-02-02-01-04.wav,train
random_stratified,1,03-02-02-01-05.wav,train
random_stratified,1,03-02-02-01-06.wav,train
random_stratified,1,03-02-02-01-07.wav,train
random_stratified,1,03-02-02-01-08.wav,train
random_stratified,1,03-02-02-01-09.wav,train
random_stratified,1,03-02-02-01-11.wav,train
random_stratified,1,03-02-02-01-12.wav,train
random_stratified,1,03-02-02-01-13.wav,train
random_stratified,1,03-02-02-01-14.wav,train
random_stratified,1,03-02-02-01-15.wav,train
random_stratified,1,03-02-02-01-16.wav,train
random_stratified,1,03-02-02-01-17.wav,train
random_stratified,1,03-02-02-01-18.wav,train
random_stratified,1,03-02-02-01-19.wav,train
random_stratified,1,03-02-02-01-20.wav,train
random_stratified,1,03-02-02-01-21.wav,train
random_stratified,1,03-02-02-01-22.wav,train
random_stratified,1,03-02-02-01-23.wav,train
random_stratified,1,03-02-02-01-24.wav,train
random_stratified,1,03-02-02-02-01.wav,train
random_stratified,1,03-02-02-02-02.wav,train
random_stratified,1,03-02-02-02-04.wav,train
random_stratified,1,03-02-02-02-05.wav,train
random_stratified,1,03-02-02-02-06.wav,train
random_stratified,1,03-02-02-02-07.wav,train
random_stratified,1,03-02-02-02-08.wav,train
random_stratified,1,03-02-02-02-10.wav,train
random_stratified,1,03-02-02-02-11.wav,train
random_stratified,1,03-02-02-02-12.wav,train
random_stratified,1,03-02-02-02-13.wav,train
random_stratified,1,03-02-02-02-16.wav,train
random_stratified,1,03-02-02-02-17.wav,train
random_stratified,1,03-02-02-02-18.wav,train
random_stratified,1,03-02-02-02-19.wav,train
random_stratified,1,03-02-02-02-21.wav,train
random_stratified,1,03-02-02-02-22.wav,train
random_stratified,1,03-02-02-02-23.wav,train
random_stratified,1,03-02-02-02-24.wav,train
random_stratified,1,04-01-01-01-02.wav,train
random_stratified,1,04-01-01-01-03.wav,train
random_stratified,1,04-01-01-01-04.wav,train
random_stratified,1,04-01-01-01-05.wav,train
random_stratified,1,04-01-01-01-06.wav,train
random_stratified,1,04-01-01-01-08.wav,train
random_stratified,1,04-01-01-01-09.wav,train
random_stratified,1,04-01-01-01-10.wav,train
random_stratified,1,04-01-01-01-11.wav,train
random_stratified,1,04-01-01-01-12.wav,train
random_stratified,1,04-01-01-01-14.wav,train
random_stratified,1,04-01-01-01-15.wav,train
random_stratified,1,04-01-01-01-16.wav,train
random_stratified,1,04-01-01-01-17.wav,train
random_stratified,1,04-01-01-01-18.wav,train
random_stratified,1,04-01-01-01-19.wav,train
random_stratified,1,04-01-01-01-20.wav,train
random_stratified,1,04-01-01-01-21.wav,train
random_stratified,1,04-01-01-01-23.wav,train
random_stratified,1,04-01-01-01-24.wav,train
random_stratified,1,04-01-01-02-01.wav,train
random_stratified,1,04-01-01-02-02.wav,train
random_stratified,1,04-01-01-02-03.wav,train
random_stratified,1,04-01-01-02-04.wav,train
random_stratified,1,04-01-01-02-05.wav,train
random_stratified,1,04-01-01-02-07.wav,train
random_stratified,1,04-01-01-02-08.wav,train
random_stratified,1,04-01-01-02-09.wav,train
random_stratified,1,04-01-01-02-11.wav,train
random_stratified,1,04-01-01-02-12.wav,train
random_stratified,1,04-01-01-02-13.wav,train
random_stratified,1,04-01-01-02-14.wav,train
random_stratified,1,04-01-01-02-18.wav,train
random_stratified,1,04-01-01-02-19.wav,train
random_stratified,1,04-01-01-02-20.wav,train
random_stratified,1,04-01-01-02-22.wav,train
random_stratified,1,04-01-01-02-23.wav,train
random_stratified,1,04-01-01-02-24.wav,train
random_stratified,1,04-01-02-01-01.wav,train
random_stratified,1,04-01-02-01-02.wav,train
random_stratified,1,04-01-02-01-03.wav,train
random_stratified,1,04-01-02-01-04.wav,train
random_stratified,1,04-01-02-01-05.wav,train
random_stratified,1,04-01-02-01-06.wav,train
random_stratified,1,04-01-02-01-07.wav,train
random_stratified,1,04-01-02-01-08.wav,train
random_stratified,1,04-01-02-01-09.wav,train
random_stratified,1,04-01-02-01-10.wav,train
random_stratified,1,04-01-02-01-11.wav,train
random_stratified,1,04-01-02-01-12.wav,train
random_stratified,1,04-01-02-01-13.wav,train
random_stratified,1,04-01-02-01-14.wav,train
random_stratified,1,04-01-02-01-15.wav,train
random_stratified,1,04-01-02-01-16.wav,train
random_stratified,1,04-01-02-01-17.wav,train
random_stratified,1,04-01-02-01-18.wav,train
random_stratified,1,04-01-02-01-19.wav,train
random_stratified,1,04-01-02-01-20.wav,train
random_stratified,1,04-01-02-01-21.wav,train
random_stratified,1,04-01-02-01-22.wav,train
random_stratified,1,04-01-02-01-23.wav,train
random_stratified,1,04-01-02-01-24.wav,train
random_stratified,1,04-01-02-02-01.wav,train
random_stratified,1,04-01-02-02-02.wav,train
random_stratified,1,04-01-02-02-04.wav,train
random_stratified,1,04-01-02-02-05.wav,train
random_stratified,1,04-01-02-02-06.wav,train
random_stratified,1,04-01-02-02-08.wav,train
random_stratified,1,04-01-02-02-09.wav,train
random_stratified,1,04-01-02-02-10.wav,train
random_stratified,1,04-01-02-02-11.wav,train
random_stratified,1,04-01-02-02-12.wav,train
random_stratified,1,04-01-02-02-14.wav,train
random_stratified,1,04-01-02-02-17.wav,train
random_stratified,1,04-01-02-02-18.wav,train
random_stratified,1,04-01-02-02-20.wav,train
random_stratified,1,04-01-02-02-21.wav,train
random_stratified,1,04-01-02-02-23.wav,train
random_stratified,1,04-01-02-02-24.wav,train
random_stratified,1,04-02-01-01-01.wav,train
random_stratified,1,04-02-01-01-04.wav,train
random_stratified,1,04-02-01-01-05.wav,train
random_stratified,1,04-02-01-01-06.wav,train
random_stratified,1,04-02-01-01-07.wav,train
random_stratified,1,04-02-01-01-09.wav,train
random_stratified,1,04-02-01-01-11.wav,train
random_stratified,1,04-02-01-01-12.wav,train
random_stratified,1,04-02-01-01-13.wav,train
random_stratified,1,04-02-01-01-14.wav,train
random_stratified,1,04-02-01-01-15.wav,train
random_stratified,1,04-02-01-01-16.wav,train
random_stratified,1,04-02-01-01-17.wav,train
random_stratified,1,04-02-01-01-18.wav,train
random_stratified,1,04-02-01-01-19.wav,train
random_stratified,1,04-02-01-01-20.wav,train
random_stratified,1,04-02-01-01-21.wav,train
random_stratified,1,04-02-01-01-23.wav,train
random_stratified,1,04-02-01-01-24.wav,train
random_stratified,1,04-02-01-02-02.wav,train
random_stratified,1,04-02-01-02-03.wav,train
random_stratified,1,04-02-01-02-04.wav,train
random_stratified,1,04-02-01-02-06.wav,train
random_stratified,1,04-02-01-02-08.wav,train
random_stratified,1,04-02-01-02-09.wav,train
random_stratified,1,04-02-01-02-10.wav,train
random_stratified,1,04-02-01-02-11.wav,train
random_stratified,1,04-02-01-02-13.wav,train
random_stratified,1,04-02-01-02-15.wav,train
random_stratified,1,04-02-01-02-16.wav,train
random_stratified,1,04-02-01-02-17.wav,train
random_stratified,1,04-02-01-02-18.wav,train
random_stratified,1,04-02-01-02-20.wav,train
random_stratified,1,04-02-01-02-21.wav,train
random_stratified,1,04-02-01-02-22.wav,train
random_stratified,1,04-02-01-02-23.wav,train
random_stratified,1,04-02-01-02-24.wav,train
random_stratified,1,04-02-02-01-03.wav,train
random_stratified,1,04-02-02-01-04.wav,train
random_stratified,1,04-02-02-01-05.wav,train
random_stratified,1,04-02-02-01-06.wav,train
random_stratified,1,04-02-02-01-07.wav,train
random_stratified,1,04-02-02-01-08.wav,train
random_stratified,1,04-02-02-01-09.wav,train
random_stratified,1,04-02-02-01-10.wav,train
random_stratified,1,04-02-02-01-11.wav,train
random_stratified,1,04-02-02-01-12.wav,train
random_stratified,1,04-02-02-01-13.wav,train
random_stratified,1,04-02-02-01-14.wav,train
random_stratified,1,04-02-02-01-16.wav,train
random_stratified,1,04-02-02-01-17.wav,train
random_stratified,1,04-02-02-01-18.wav,train
random_stratified,1,04-02-02-01-19.wav,train
random_stratified,1,04-02-02-01-20.wav,train
random_stratified,1,04-02-02-01-22.wav,train
random_stratified,1,04-02-02-01-23.wav,train
random_stratified,1,04-02-02-01-24.wav,train
random_stratified,1,04-02-02-02-02.wav,train
random_stratified,1,04-02-02-02-03.wav,train
random_stratified,1,04-02-02-02-04.wav,train
random_stratified,1,04-02-02-02-06.wav,train
random_stratified,1,04-02-02-02-07.wav,train
random_stratified,1,04-02-02-02-10.wav,train
random_stratified,1,04-02-02-02-11.wav,train
random_stratified,1,04-02-02-02-12.wav,train
random_stratified,1,04-02-02-02-13.wav,train
random_stratified,1,04-02-02-02-15.wav,train
random_stratified,1,04-02-02-02-16.wav,train
random_stratified,1,04-02-02-02-17.wav,train
random_stratified,1,04-02-02-02-18.wav,train
random_stratified,1,04-02-02-02-19.wav,train
random_stratified,1,04-02-02-02-20.wav,train
random_stratified,1,04-02-02-02-22.wav,train
random_stratified,1,04-02-02-02-23.wav,train
random_stratified,1,05-01-01-01-01.wav,train
random_stratified,1,05-01-01-01-02.wav,train
random_stratified,1,05-01-01-01-03.wav,train
random_stratified,1,05-01-01-01-05.wav,train
random_stratified,1,05-01-01-01-06.wav,train
random_stratified,1,05-01-01-01-07.wav,train
random_stratified,1,05-01-01-01-09.wav,train
random_stratified,1,05-01-01-01-10.wav,train
random_stratified,1,05-01-01-01-11.wav,train
random_stratified,1,05-01-01-01-12.wav,train
random_stratified,1,05-01-01-01-14.wav,train
random_stratified,1,05-01-01-01-15.wav,train
random_stratified,1,05-01-01-01-16.wav,train
random_stratified,1,05-01-01-01-17.wav,train
random_stratified,1,05-01-01-01-18.wav,train
random_stratified,1,05-01-01-01-19.wav,train
random_stratified,1,05-01-01-01-20.wav,train
random_stratified,1,05-01-01-01-21.wav,train
random_stratified,1,05-01-01-01-22.wav,train
random_stratified,1,05-01-01-01-24.wav,train
random_stratified,1,05-01-01-02-02.wav,train
random_stratified,1,05-01-01-02-03.wav,train
random_stratified,1,05-01-01-02-05.wav,train
random_stratified,1,05-01-01-02-06.wav,train
random_stratified,1,05-01-01-02-07.wav,train
random_stratified,1,05-01-01-02-08.wav,train
random_stratified,1,05-01-01-02-09.wav,train
random_stratified,1,05-01-01-02-11.wav,train
random_stratified,1,05-01-01-02-12.wav,train
random_stratified,1,05-01-01-02-16.wav,train
random_stratified,1,05-01-01-02-18.wav,train
random_stratified,1,05-01-01-02-19.wav,train
random_stratified,1,05-01-01-02-20.wav,train
random_stratified,1,05-01-01-02-21.wav,train
random_stratified,1,05-01-01-02-22.wav,train
random_stratified,1,05-01-01-02-23.wav,train
random_stratified,1,05-01-01-02-24.wav,train
random_stratified,1,05-01-02-01-02.wav,train
random_stratified,1,05-01-02-01-03.wav,train
random_stratified,1,05-01-02-01-04.wav,train
random_stratified,1,05-01-02-01-07.wav,train
random_stratified,1,05-01-02-01-08.wav,train
random_stratified,1,05-01-02-01-10.wav,train
random_stratified,1,05-01-02-01-11.wav,train
random_stratified,1,05-01-02-01-12.wav,train
random_stratified,1,05-01-02-01-13.wav,train
random_stratified,1,05-01-02-01-14.wav,train
random_stratified,1,05-01-02-01-15.wav,train
random_stratified,1,05-01-02-01-16.wav,train
random_stratified,1,05-01-02-01-17.wav,train
random_stratified,1,05-01-02-01-18.wav,train
random_stratified,1,05-01-02-01-19.wav,train
random_stratified,1,05-01-02-01-20.wav,train
random_stratified,1,05-01-02-01-23.wav,train
random_stratified,1,05-01-02-01-24.wav,train
random_stratified,1,05-01-02-02-01.wav,train
random_stratified,1,05-01-02-02-02.wav,train
random_stratified,1,05-01-02-02-04.wav,train
random_stratified,1,05-01-02-02-05.wav,train
random_stratified,1,05-01-02-02-06.wav,train
random_stratified,1,05-01-02-02-08.wav,train
random_stratified,1,05-01-02-02-09.wav,train
random_stratified,1,05-01-02-02-10.wav,train
random_stratified,1,05-01-02-02-11.wav,train
random_stratified,1,05-01-02-02-12.wav,train
random_stratified,1,05-01-02-02-13.wav,train
random_stratified,1,05-01-02-02-14.wav,train
random_stratified,1,05-01-02-02-16.wav,train
random_stratified,1,05-01-02-02-17.wav,train
random_stratified,1,05-01-02-02-18.wav,train
random_stratified,1,05-01-02-02-19.wav,train
random_stratified,1,05-01-02-02-21.wav,train
random_stratified,1,05-01-02-02-22.wav,train
random_stratified,1,05-01-02-02-23.wav,train
random_stratified,1,05-01-02-02-24.wav,train
random_stratified,1,05-02-01-01-01.wav,train
random_stratified,1,05-02-01-01-04.wav,train
random_stratified,1,05-02-01-01-05.wav,train
random_stratified,1,05-02-01-01-06.wav,train
random_stratified,1,05-02-01-01-07.wav,train
random_stratified,1,05-02-01-01-08.wav,train
random_stratified,1,05-02-01-01-09.wav,train
random_stratified,1,05-02-01-01-10.wav,train
random_stratified,1,05-02-01-01-11.wav,train
random_stratified,1,05-02-01-01-12.wav,train
random_stratified,1,05-02-01-01-13.wav,train
random_stratified,1,05-02-01-01-14.wav,train
random_stratified,1,05-02-01-01-15.wav,train
random_stratified,1,05-02-01-01-16.wav,train
random_stratified,1,05-02-01-01-17.wav,train
random_stratified,1,05-02-01-01-18.wav,train
random_stratified,1,05-02-01-01-20.wav,train
random_stratified,1,05-02-01-01-21.wav,train
random_stratified,1,05-02-01-01-22.wav,train
random_stratified,1,05-02-01-01-24.wav,train
random_stratified,1,05-02-01-02-01.wav,train
random_stratified,1,05-02-01-02-02.wav,train
random_stratified,1,05-02-01-02-03.wav,train
random_stratified,1,05-02-01-02-04.wav,train
random_stratified,1,05-02-01-02-05.wav,train
random_stratified,1,05-02-01-02-06.wav,train
random_stratified,1,05-02-01-02-07.wav,train
random_stratified,1,05-02-01-02-08.wav,train
random_stratified,1,05-02-01-02-09.wav,train
random_stratified,1,05-02-01-02-10.wav,train
random_stratified,1,05-02-01-02-13.wav,train
random_stratified,1,05-02-01-02-14.wav,train
random_stratified,1,05-02-01-02-15.wav,train
random_stratified,1,05-02-01-02-16.wav,train
random_stratified,1,05-02-01-02-17.wav,train
random_stratified,1,05-02-01-02-18.wav,train
random_stratified,1,05-02-01-02-19.wav,train
random_stratified,1,05-02-01-02-20.wav,train
random_stratified,1,05-02-01-02-22.wav,train
random_stratified,1,05-02-01-02-23.wav,train
random_stratified,1,05-02-01-02-24.wav,train
random_stratified,1,05-02-02-01-01.wav,train
random_stratified,1,05-02-02-01-03.wav,train
random_stratified,1,05-02-02-01-04.wav,train
random_stratified,1,05-02-02-01-05.wav,train
random_stratified,1,05-02-02-01-06.wav,train
random_stratified,1,05-02-02-01-07.wav,train
random_stratified,1,05-02-02-01-08.wav,train
random_stratified,1,05-02-02-01-09.wav,train
random_stratified,1,05-02-02-01-10.wav,train
random_stratified,1,05-02-02-01-11.wav,train
random_stratified,1,05-02-02-01-12.wav,train
random_stratified,1,05-02-02-01-13.wav,train
random_stratified,1,05-02-02-01-14.wav,train
random_stratified,1,05-02-02-01-16.wav,train
random_stratified,1,05-02-02-01-17.wav,train
random_stratified,1,05-02-02-01-20.wav,train
random_stratified,1,05-02-02-01-21.wav,train
random_stratified,1,05-02-02-01-22.wav,train
random_stratified,1,05-02-02-01-23.wav,train
random_stratified,1,05-02-02-01-24.wav,train
random_stratified,1,05-02-02-02-01.wav,train
random_stratified,1,05-02-02-02-02.wav,train
random_stratified,1,05-02-02-02-03.wav,train
random_stratified,1,05-02-02-02-04.wav,train
random_stratified,1,05-02-02-02-06.wav,train
random_stratified,1,05-02-02-02-08.wav,train
random_stratified,1,05-02-02-02-10.wav,train
random_stratified,1,05-02-02-02-11.wav,train
random_stratified,1,05-02-02-02-12.wav,train
random_stratified,1,05-02-02-02-13.wav,train
random_stratified,1,05-02-02-02-14.wav,train
random_stratified,1,05-02-02-02-18.wav,train
random_stratified,1,05-02-02-02-19.wav,train
random_stratified,1,05-02-02-02-20.wav,train
random_stratified,1,05-02-02-02-21.wav,train
random_stratified,1,05-02-02-02-22.wav,train
random_stratified,1,05-02-02-02-23.wav,train
random_stratified,1,05-02-02-02-24.wav,train
random_stratified,1,06-01-01-01-01.wav,train
random_stratified,1,06-01-01-01-02.wav,train
random_stratified,1,06-01-01-01-03.wav,train
random_stratified,1,06-01-01-01-05.wav,train
random_stratified,1,06-01-01-01-06.wav,train
random_stratified,1,06-01-01-01-08.wav,train
random_stratified,1,06-01-01-01-09.wav,train
random_stratified,1,06-01-01-01-12.wav,train
random_stratified,1,06-01-01-01-13.wav,train
random_stratified,1,06-01-01-01-14.wav,train
random_stratified,1,06-01-01-01-15.wav,train
random_stratified,1,06-01-01-01-16.wav,train
random_stratified,1,06-01-01-01-17.wav,train
random_stratified,1,06-01-01-01-18.wav,train
random_stratified,1,06-01-01-01-20.wav,train
random_stratified,1,06-01-01-01-22.wav,train
random_stratified,1,06-01-01-01-23.wav,train
random_stratified,1,06-01-01-01-24.wav,train
random_stratified,1,06-01-01-02-02.wav,train
random_stratified,1,06-01-01-02-03.wav,train
random_stratified,1,06-01-01-02-04.wav,train
random_stratified,1,06-01-01-02-05.wav,train
random_stratified,1,06-01-01-02-06.wav,train
random_stratified,1,06-01-01-02-07.wav,train
random_stratified,1,06-01-01-02-10.wav,train
random_stratified,1,06-01-01-02-12.wav,train
random_stratified,1,06-01-01-02-15.wav,train
random_stratified,1,06-01-01-02-16.wav,train
random_stratified,1,06-01-01-02-17.wav,train
random_stratified,1,06-01-01-02-20.wav,train
random_stratified,1,06-01-01-02-21.wav,train
random_stratified,1,06-01-01-02-22.wav,train
random_stratified,1,06-01-01-02-24.wav,train
random_stratified,1,06-01-02-01-01.wav,train
random_stratified,1,06-01-02-01-02.wav,train
random_stratified,1,06-01-02-01-03.wav,train
random_stratified,1,06-01-02-01-04.wav,train
random_stratified,1,06-01-02-01-05.wav,train
random_stratified,1,06-01-02-01-07.wav,train
random_stratified,1,06-01-02-01-08.wav,train
random_stratified,1,06-01-02-01-09.wav,train
random_stratified,1,06-01-02-01-10.wav,train
random_stratified,1,06-01-02-01-12.wav,train
random_stratified,1,06-01-02-01-13.wav,train
random_stratified,1,06-01-02-01-14.wav,train
random_stratified,1,06-01-02-01-15.wav,train
random_stratified,1,06-01-02-01-16.wav,train
random_stratified,1,06-01-02-01-17.wav,train
random_stratified,1,06-01-02-01-18.wav,train
random_stratified,1,06-01-02-01-19.wav,train
random_stratified,1,06-01-02-01-20.wav,train
random_stratified,1,06-01-02-01-21.wav,train
random_stratified,1,06-01-02-01-23.wav,train
random_stratified,1,06-01-02-01-24.wav,train
random_stratified,1,06-01-02-02-01.wav,train
random_stratified,1,06-01-02-02-02.wav,train
random_stratified,1,06-01-02-02-03.wav,train
random_stratified,1,06-01-02-02-05.wav,train
random_stratified,1,06-01-02-02-06.wav,train
random_stratified,1,06-01-02-02-07.wav,train
random_stratified,1,06-01-02-02-08.wav,train
random_stratified,1,06-01-02-02-09.wav,train
random_stratified,1,06-01-02-02-10.wav,train
random_stratified,1,06-01-02-02-11.wav,train
random_stratified,1,06-01-02-02-12.wav,train
random_stratified,1,06-01-02-02-13.wav,train
random_stratified,1,06-01-02-02-14.wav,train
random_stratified,1,06-01-02-02-15.wav,train
random_stratified,1,06-01-02-02-17.wav,train
random_stratified,1,06-01-02-02-18.wav,train
random_stratified,1,06-01-02-02-19.wav,train
random_stratified,1,06-01-02-02-21.wav,train
random_stratified,1,06-01-02-02-22.wav,train
random_stratified,1,06-01-02-02-23.wav,train
random_stratified,1,06-01-02-02-24.wav,train
random_stratified,1,06-02-01-01-01.wav,train
random_stratified,1,06-02-01-01-02.wav,train
random_stratified,1,06-02-01-01-03.wav,train
random_stratified,1,06-02-01-01-04.wav,train
random_stratified,1,06-02-01-01-05.wav,train
random_stratified,1,06-02-01-01-06.wav,train
random_stratified,1,06-02-01-01-07.wav,train
random_stratified,1,06-02-01-01-08.wav,train
random_stratified,1,06-02-01-01-09.wav,train
random_stratified,1,06-02-01-01-10.wav,train
random_stratified,1,06-02-01-01-11.wav,train
random_stratified,1,06-02-01-01-12.wav,train
random_stratified,1,06-02-01-01-13.wav,train
random_stratified,1,06-02-01-01-14.wav,train
random_stratified,1,06-02-01-01-16.wav,train
random_stratified,1,06-02-01-01-17.wav,train
random_stratified,1,06-02-01-01-18.wav,train
random_stratified,1,06-02-01-01-19.wav,train
random_stratified,1,06-02-01-01-21.wav,train
random_stratified,1,06-02-01-01-23.wav,train
random_stratified,1,06-02-01-01-24.wav,train
random_stratified,1,06-02-01-02-01.wav,train
random_stratified,1,06-02-01-02-02.wav,train
random_stratified,1,06-02-01-02-04.wav,train
random_stratified,1,06-02-01-02-05.wav,train
random_stratified,1,06-02-01-02-06.wav,train
random_stratified,1,06-02-01-02-07.wav,train
random_stratified,1,06-02-01-02-08.wav,train
random_stratified,1,06-02-01-02-10.wav,train
random_stratified,1,06-02-01-02-11.wav,train
random_stratified,1,06-02-01-02-13.wav,train
random_stratified,1,06-02-01-02-14.wav,train
random_stratified,1,06-02-01-02-15.wav,train
random_stratified,1,06-02-01-02-17.wav,train
random_stratified,1,06-02-01-02-20.wav,train
random_stratified,1,06-02-01-02-21.wav,train
random_stratified,1,06-02-01-02-22.wav,train
random_stratified,1,06-02-01-02-23.wav,train
random_stratified,1,06-02-01-02-24.wav,train
random_stratified,1,06-02-02-01-01.wav,train
random_stratified,1,06-02-02-01-02.wav,train
random_stratified,1,06-02-02-01-04.wav,train
random_stratified,1,06-02-02-01-05.wav,train
random_stratified,1,06-02-02-01-06.wav,train
random_stratified,1,06-02-02-01-07.wav,train
random_stratified,1,06-02-02-01-08.wav,train
random_stratified,1,06-02-02-01-09.wav,train
random_stratified,1,06-02-02-01-10.wav,train
random_stratified,1,06-02-02-01-11.wav,train
random_stratified,1,06-02-02-01-12.wav,train
random_stratified,1,06-02-02-01-13.wav,train
random_stratified,1,06-02-02-01-14.wav,train
random_stratified,1,06-02-02-01-15.wav,train
random_stratified,1,06-02-02-01-16.wav,train
random_stratified,1,06-02-02-01-18.wav,train
random_stratified,1,06-02-02-01-19.wav,train
random_stratified,1,06-02-02-01-20.wav,train
random_stratified,1,06-02-02-01-21.wav,train
random_stratified,1,06-02-02-01-22.wav,train
random_stratified,1,06-02-02-01-23.wav,train
random_stratified,1,06-02-02-01-24.wav,train
random_stratified,1,06-02-02-02-06.wav,train
random_stratified,1,06-02-02-02-07.wav,train
random_stratified,1,06-02-02-02-08.wav,train
random_stratified,1,06-02-02-02-10.wav,train
random_stratified,1,06-02-02-02-11.wav,train
random_stratified,1,06-02-02-02-12.wav,train
random_stratified,1,06-02-02-02-13.wav,train
random_stratified,1,06-02-02-02-14.wav,train
random_stratified,1,06-02-02-02-15.wav,train
random_stratified,1,06-02-02-02-16.wav,train
random_stratified,1,06-02-02-02-17.wav,train
random_stratified,1,06-02-02-02-18.wav,train
random_stratified,1,06-02-02-02-19.wav,train
random_stratified,1,06-02-02-02-20.wav,train
random_stratified,1,06-02-02-02-21.wav,train
random_stratified,1,06-02-02-02-22.wav,train
random_stratified,1,06-02-02-02-23.wav,train
random_stratified,1,06-02-02-02-24.wav,train
random_stratified,1,07-01-01-01-01.wav,train
random_stratified,1,07-01-01-01-02.wav,train
random_stratified,1,07-01-01-01-03.wav,train
random_stratified,1,07-01-01-01-04.wav,train
random_stratified,1,07-01-01-01-05.wav,train
random_stratified,1,07-01-01-01-06.wav,train
random_stratified,1,07-01-01-01-07.wav,train
random_stratified,1,07-01-01-01-08.wav,train
random_stratified,1,07-01-01-01-10.wav,train
random_stratified,1,07-01-01-01-11.wav,train
random_stratified,1,07-01-01-01-12.wav,train
random_stratified,1,07-01-01-01-13.wav,train
random_stratified,1,07-01-01-01-14.wav,train
random_stratified,1,07-01-01-01-16.wav,train
random_stratified,1,07-01-01-01-17.wav,train
random_stratified,1,07-01-01-01-18.wav,train
random_stratified,1,07-01-01-01-19.wav,train
random_stratified,1,07-01-01-01-20.wav,train
random_stratified,1,07-01-01-01-23.wav,train
random_stratified,1,07-01-01-01-24.wav,train
random_stratified,1,07-01-01-02-02.wav,train
random_stratified,1,07-01-01-02-03.wav,train
random_stratified,1,07-01-01-02-04.wav,train
random_stratified,1,07-01-01-02-06.wav,train
random_stratified,1,07-01-01-02-08.wav,train
random_stratified,1,07-01-01-02-09.wav,train
random_stratified,1,07-01-01-02-10.wav,train
random_stratified,1,07-01-01-02-11.wav,train
random_stratified,1,07-01-01-02-12.wav,train
random_stratified,1,07-01-01-02-13.wav,train
random_stratified,1,07-01-01-02-14.wav,train
random_stratified,1,07-01-01-02-15.wav,train
random_stratified,1,07-01-01-02-16.wav,train
random_stratified,1,07-01-01-02-18.wav,train
random_stratified,1,07-01-01-02-19.wav,train
random_stratified,1,07-01-01-02-20.wav,train
random_stratified,1,07-01-01-02-21.wav,train
random_stratified,1,07-01-01-02-24.wav,train
random_stratified,1,07-01-02-01-01.wav,train
random_stratified,1,07-01-02-01-02.wav,train
random_stratified,1,07-01-02-01-03.wav,train
random_stratified,1,07-01-02-01-04.wav,train
random_stratified,1,07-01-02-01-05.wav,train
random_stratified,1,07-01-02-01-07.wav,train
random_stratified,1,07-01-02-01-08.wav,train
random_stratified,1,07-01-02-01-09.wav,train
random_stratified,1,07-01-02-01-11.wav,train
random_stratified,1,07-01-02-01-12.wav,train
random_stratified,1,07-01-02-01-13.wav,train
random_stratified,1,07-01-02-01-14.wav,train
random_stratified,1,07-01-02-01-16.wav,train
random_stratified,1,07-01-02-01-17.wav,train
random_stratified,1,07-01-02-01-18.wav,train
random_stratified,1,07-01-02-01-19.wav,train
random_stratified,1,07-01-02-01-20.wav,train
random_stratified,1,07-01-02-01-21.wav,train
random_stratified,1,07-01-02-01-22.wav,train
random_stratified,1,07-01-02-01-23.wav,train
random_stratified,1,07-01-02-01-24.wav,train
random_stratified,1,07-01-02-02-01.wav,train
random_stratified,1,07-01-02-02-02.wav,train
random_stratified,1,07-01-02-02-03.wav,train
random_stratified,1,07-01-02-02-05.wav,train
random_stratified,1,07-01-02-02-06.wav,train
random_stratified,1,07-01-02-02-07.wav,train
random_stratified,1,07-01-02-02-08.wav,train
random_stratified,1,07-01-02-02-09.wav,train
random_stratified,1,07-01-02-02-10.wav,train
random_stratified,1,07-01-02-02-14.wav,train
random_stratified,1,07-01-02-02-15.wav,train
random_stratified,1,07-01-02-02-16.wav,train
random_stratified,1,07-01-02-02-17.wav,train
random_stratified,1,07-01-02-02-18.wav,train
random_stratified,1,07-01-02-02-19.wav,train
random_stratified,1,07-01-02-02-20.wav,train
random_stratified,1,07-01-02-02-21.wav,train
random_stratified,1,07-01-02-02-22.wav,train
random_stratified,1,07-01-02-02-23.wav,train
random_stratified,1,07-02-01-01-01.wav,train
random_stratified,1,07-02-01-01-03.wav,train
random_stratified,1,07-02-01-01-05.wav,train
random_stratified,1,07-02-01-01-06.wav,train
random_stratified,1,07-02-01-01-08.wav,train
random_stratified,1,07-02-01-01-09.wav,train
random_stratified,1,07-02-01-01-11.wav,train
random_stratified,1,07-02-01-01-12.wav,train
random_stratified,1,07-02-01-01-13.wav,train
random_stratified,1,07-02-01-01-15.wav,train
random_stratified,1,07-02-01-01-16.wav,train
random_stratified,1,07-02-01-01-17.wav,train
random_stratified,1,07-02-01-01-18.wav,train
random_stratified,1,07-02-01-01-20.wav,train
random_stratified,1,07-02-01-01-21.wav,train
random_stratified,1,07-02-01-01-22.wav,train
random_stratified,1,07-02-01-01-23.wav,train
random_stratified,1,07-02-01-01-24.wav,train
random_stratified,1,07-02-01-02-01.wav,train
random_stratified,1,07-02-01-02-02.wav,train
random_stratified,1,07-02-01-02-04.wav,train
random_stratified,1,07-02-01-02-05.wav,train
random_stratified,1,07-02-01-02-07.wav,train
random_stratified,1,07-02-01-02-08.wav,train
random_stratified,1,07-02-01-02-09.wav,train
random_stratified,1,07-02-01-02-10.wav,train
random_stratified,1,07-02-01-02-11.wav,train
random_stratified,1,07-02-01-02-12.wav,train
random_stratified,1,07-02-01-02-13.wav,train
random_stratified,1,07-02-01-02-14.wav,train
random_stratified,1,07-02-01-02-15.wav,train
random_stratified,1,07-02-01-02-17.wav,train
random_stratified,1,07-02-01-02-19.wav,train
random_stratified,1,07-02-01-02-20.wav,train
random_stratified,1,07-02-01-02-21.wav,train
random_stratified,1,07-02-01-02-22.wav,train
random_stratified,1,07-02-01-02-23.wav,train
random_stratified,1,07-02-01-02-24.wav,train
random_stratified,1,07-02-02-01-01.wav,train
random_stratified,1,07-02-02-01-02.wav,train
random_stratified,1,07-02-02-01-04.wav,train
random_stratified,1,07-02-02-01-06.wav,train
random_stratified,1,07-02-02-01-07.wav,train
random_stratified,1,07-02-02-01-08.wav,train
random_stratified,1,07-02-02-01-09.wav,train
random_stratified,1,07-02-02-01-11.wav,train
random_stratified,1,07-02-02-01-12.wav,train
random_stratified,1,07-02-02-01-15.wav,train
random_stratified,1,07-02-02-01-17.wav,train
random_stratified,1,07-02-02-01-18.wav,train
random_stratified,1,07-02-02-01-19.wav,train
random_stratified,1,07-02-02-01-21.wav,train
random_stratified,1,07-02-02-01-22.wav,train
random_stratified,1,07-02-02-01-23.wav,train
random_stratified,1,07-02-02-01-24.wav,train
random_stratified,1,07-02-02-02-01.wav,train
random_stratified,1,07-02-02-02-02.wav,train
random_stratified,1,07-02-02-02-03.wav,train
random_stratified,1,07-02-02-02-04.wav,train
random_stratified,1,07-02-02-02-06.wav,train
random_stratified,1,07-02-02-02-07.wav,train
random_stratified,1,07-02-02-02-08.wav,train
random_stratified,1,07-02-02-02-09.wav,train
random_stratified,1,07-02-02-02-10.wav,train
random_stratified,1,07-02-02-02-11.wav,train
random_stratified,1,07-02-02-02-12.wav,train
random_stratified,1,07-02-02-02-14.wav,train
random_stratified,1,07-02-02-02-15.wav,train
random_stratified,1,07-02-02-02-16.wav,train
random_stratified,1,07-02-02-02-18.wav,train
random_stratified,1,07-02-02-02-19.wav,train
random_stratified,1,07-02-02-02-20.wav,train
random_stratified,1,07-02-02-02-21.wav,train
random_stratified,1,07-02-02-02-22.wav,train
random_stratified,1,07-02-02-02-24.wav,train
random_stratified,1,08-01-01-01-02.wav,train
random_stratified,1,08-01-01-01-03.wav,train
random_stratified,1,08-01-01-01-04.wav,train
random_stratified,1,08-01-01-01-05.wav,train
random_stratified,1,08-01-01-01-06.wav,train
random_stratified,1,08-01-01-01-08.wav,train
random_stratified,1,08-01-01-01-09.wav,train
random_stratified,1,08-01-01-01-10.wav,train
random_stratified,1,08-01-01-01-11.wav,train
random_stratified,1,08-01-01-01-12.wav,train
random_stratified,1,08-01-01-01-13.wav,train
random_stratified,1,08-01-01-01-14.wav,train
random_stratified,1,08-01-01-01-16.wav,train
random_stratified,1,08-01-01-01-17.wav,train
random_stratified,1,08-01-01-01-19.wav,train
random_stratified,1,08-01-01-01-20.wav,train
random_stratified,1,08-01-01-01-21.wav,train
random_stratified,1,08-01-01-01-22.wav,train
random_stratified,1,08-01-01-01-23.wav,train
random_stratified,1,08-01-01-01-24.wav,train
random_stratified,1,08-01-01-02-02.wav,train
random_stratified,1,08-01-01-02-03.wav,train
random_stratified,1,08-01-01-02-04.wav,train
random_stratified,1,08-01-01-02-06.wav,train
random_stratified,1,08-01-01-02-07.wav,train
random_stratified,1,08-01-01-02-08.wav,train
random_stratified,1,08-01-01-02-09.wav,train
random_stratified,1,08-01-01-02-10.wav,train
random_stratified,1,08-01-01-02-11.wav,train
random_stratified,1,08-01-01-02-12.wav,train
random_stratified,1,08-01-01-02-13.wav,train
random_stratified,1,08-01-01-02-15.wav,train
random_stratified,1,08-01-01-02-16.wav,train
random_stratified,1,08-01-01-02-17.wav,train
random_stratified,1,08-01-01-02-18.wav,train
random_stratified,1,08-01-01-02-19.wav,train
random_stratified,1,08-01-01-02-20.wav,train
random_stratified,1,08-01-01-02-21.wav,train
random_stratified,1,08-01-01-02-22.wav,train
random_stratified,1,08-01-01-02-23.wav,train
random_stratified,1,08-01-01-02-24.wav,train
random_stratified,1,08-01-02-01-01.wav,train
random_stratified,1,08-01-02-01-02.wav,train
random_stratified,1,08-01-02-01-03.wav,train
random_stratified,1,08-01-02-01-04.wav,train
random_stratified,1,08-01-02-01-05.wav,train
random_stratified,1,08-01-02-01-06.wav,train
random_stratified,1,08-01-02-01-07.wav,train
random_stratified,1,08-01-02-01-08.wav,train
random_stratified,1,08-01-02-01-09.wav,train
random_stratified,1,08-01-02-01-10.wav,train
random_stratified,1,08-01-02-01-11.wav,train
random_stratified,1,08-01-02-01-13.wav,train
random_stratified,1,08-01-02-01-16.wav,train
random_stratified,1,08-01-02-01-18.wav,train
random_stratified,1,08-01-02-01-19.wav,train
random_stratified,1,08-01-02-01-20.wav,train
random_stratified,1,08-01-02-01-21.wav,train
random_stratified,1,08-01-02-01-22.wav,train
random_stratified,1,08-01-02-01-23.wav,train
random_stratified,1,08-01-02-01-24.wav,train
random_stratified,1,08-01-02-02-01.wav,train
random_stratified,1,08-01-02-02-02.wav,train
random_stratified,1,08-01-02-02-03.wav,train
random_stratified,1,08-01-02-02-04.wav,train
random_stratified,1,08-01-02-02-05.wav,train
random_stratified,1,08-01-02-02-06.wav,train
random_stratified,1,08-01-02-02-08.wav,train
random_stratified,1,08-01-02-02-09.wav,train
random_stratified,1,08-01-02-02-10.wav,train
random_stratified,1,08-01-02-02-11.wav,train
random_stratified,1,08-01-02-02-12.wav,train
random_stratified,1,08-01-02-02-13.wav,train
random_stratified,1,08-01-02-02-15.wav,train
random_stratified,1,08-01-02-02-17.wav,train
random_stratified,1,08-01-02-02-19.wav,train
random_stratified,1,08-01-02-02-22.wav,train
random_stratified,1,08-01-02-02-23.wav,train
random_stratified,1,08-02-01-01-01.wav,train
random_stratified,1,08-02-01-01-02.wav,train
random_stratified,1,08-02-01-01-03.wav,train
random_stratified,1,08-02-01-01-04.wav,train
random_stratified,1,08-02-01-01-05.wav,train
random_stratified,1,08-02-01-01-06.wav,train
random_stratified,1,08-02-01-01-07.wav,train
random_stratified,1,08-02-01-01-08.wav,train
random_stratified,1,08-02-01-01-09.wav,train
random_stratified,1,08-02-01-01-12.wav,train
random_stratified,1,08-02-01-01-13.wav,train
random_stratified,1,08-02-01-01-14.wav,train
random_stratified,1,08-02-01-01-15.wav,train
random_stratified,1,08-02-01-01-16.wav,train
random_stratified,1,08-02-01-01-17.wav,train
random_stratified,1,08-02-01-01-19.wav,train
random_stratified,1,08-02-01-01-20.wav,train
random_stratified,1,08-02-01-01-21.wav,train
random_stratified,1,08-02-01-01-22.wav,train
random_stratified,1,08-02-01-01-23.wav,train
random_stratified,1,08-02-01-01-24.wav,train
random_stratified,1,08-02-01-02-01.wav,train
random_stratified,1,08-02-01-02-02.wav,train
random_stratified,1,08-02-01-02-03.wav,train
random_stratified,1,08-02-01-02-04.wav,train
random_stratified,1,08-02-01-02-05.wav,train
random_stratified,1,08-02-01-02-06.wav,train
random_stratified,1,08-02-01-02-10.wav,train
random_stratified,1,08-02-01-02-12.wav,train
random_stratified,1,08-02-01-02-14.wav,train
random_stratified,1,08-02-01-02-15.wav,train
random_stratified,1,08-02-01-02-16.wav,train
random_stratified,1,08-02-01-02-17.wav,train
random_stratified,1,08-02-01-02-18.wav,train
random_stratified,1,08-02-01-02-20.wav,train
random_stratified,1,08-02-01-02-21.wav,train
random_stratified,1,08-02-01-02-23.wav,train
random_stratified,1,08-02-01-02-24.wav,train
random_stratified,1,08-02-02-01-01.wav,train
random_stratified,1,08-02-02-01-02.wav,train
random_stratified,1,08-02-02-01-05.wav,train
random_stratified,1,08-02-02-01-06.wav,train
random_stratified,1,08-02-02-01-07.wav,train
random_stratified,1,08-02-02-01-08.wav,train
random_stratified,1,08-02-02-01-11.wav,train
random_stratified,1,08-02-02-01-12.wav,train
random_stratified,1,08-02-02-01-14.wav,train
random_stratified,1,08-02-02-01-15.wav,train
random_stratified,1,08-02-02-01-16.wav,train
random_stratified,1,08-02-02-01-18.wav,train
random_stratified,1,08-02-02-01-19.wav,train
random_stratified,1,08-02-02-01-20.wav,train
random_stratified,1,08-02-02-01-21.wav,train
random_stratified,1,08-02-02-01-22.wav,train
random_stratified,1,08-02-02-01-23.wav,train
random_stratified,1,08-02-02-02-01.wav,train
random_stratified,1,08-02-02-02-02.wav,train
random_stratified,1,08-02-02-02-03.wav,train
random_stratified,1,08-02-02-02-04.wav,train
random_stratified,1,08-02-02-02-06.wav,train
random_stratified,1,08-02-02-02-07.wav,train
random_stratified,1,08-02-02-02-09.wav,train
random_stratified,1,08-02-02-02-10.wav,train
random_stratified,1,08-02-02-02-11.wav,train
random_stratified,1,08-02-02-02-12.wav,train
random_stratified,1,08-02-02-02-14.wav,train
random_stratified,1,08-02-02-02-15.wav,train
random_stratified,1,08-02-02-02-16.wav,train
random_stratified,1,08-02-02-02-17.wav,train
random_stratified,1,08-02-02-02-18.wav,train
random_stratified,1,08-02-02-02-19.wav,train
random_stratified,1,08-02-02-02-20.wav,train
random_stratified,1,08-02-02-02-21.wav,train
random_stratified,1,08-02-02-02-22.wav,train
random_stratified,1,08-02-02-02-23.wav,train
random_stratified,1,08-02-02-02-24.wav,train
random_stratified,2,01-01-01-01-06.wav,test
random_stratified,2,01-01-01-01-08.wav,test
random_stratified,2,01-01-01-01-16.wav,test
random_stratified,2,01-01-01-01-17.wav,test
random_stratified,2,01-01-01-02-08.wav,test
random_stratified,2,01-01-01-02-16.wav,test
random_stratified,2,01-01-01-02-18.wav,test
random_stratified,2,01-01-01-02-19.wav,test
random_stratified,2,01-01-02-01-05.wav,test
random_stratified,2,01-01-02-01-07.wav,test
random_stratified,2,01-01-02-01-09.wav,test
random_stratified,2,01-01-02-01-10.wav,test
random_stratified,2,01-01-02-01-15.wav,test
random_stratified,2,01-01-02-01-16.wav,test
random_stratified,2,01-01-02-01-21.wav,test
random_stratified,2,01-01-02-02-02.wav,test
random_stratified,2,01-01-02-02-09.wav,test
random_stratified,2,01-01-02-02-18.wav,test
random_stratified,2,01-01-02-02-24.wav,test
random_stratified,2,02-01-01-01-05.wav,test
random_stratified,2,02-01-01-01-09.wav,test
random_stratified,2,02-01-01-01-18.wav,test
random_stratified,2,02-01-01-01-21.wav,test
random_stratified,2,02-01-01-02-02.wav,test
random_stratified,2,02-01-01-02-22.wav,test
random_stratified,2,02-01-02-01-11.wav,test
random_stratified,2,02-01-02-01-12.wav,test
random_stratified,2,02-01-02-01-15.wav,test
random_stratified,2,02-01-02-01-18.wav,test
random_stratified,2,02-01-02-01-19.wav,test
random_stratified,2,02-01-02-02-08.wav,test
random_stratified,2,02-01-02-02-10.wav,test
random_stratified,2,02-01-02-02-14.wav,test
random_stratified,2,02-01-02-02-22.wav,test
random_stratified,2,02-02-01-01-03.wav,test
random_stratified,2,02-02-01-01-05.wav,test
random_stratified,2,02-02-01-01-08.wav,test
random_stratified,2,02-02-01-01-11.wav,test
random_stratified,2,02-02-01-01-15.wav,test
random_stratified,2,02-02-01-01-17.wav,test
random_stratified,2,02-02-01-01-20.wav,test
random_stratified,2,02-02-01-01-21.wav,test
random_stratified,2,02-02-01-02-11.wav,test
random_stratified,2,02-02-01-02-12.wav,test
random_stratified,2,02-02-01-02-16.wav,test
random_stratified,2,02-02-01-02-22.wav,test
random_stratified,2,02-02-02-01-01.wav,test
random_stratified,2,02-02-02-01-08.wav,test
random_stratified,2,02-02-02-01-09.wav,test
random_stratified,2,02-02-02-01-10.wav,test
random_stratified,2,02-02-02-01-12.wav,test
random_stratified,2,02-02-02-01-13.wav,test
random_stratified,2,02-02-02-02-02.wav,test
random_stratified,2,02-02-02-02-11.wav,test
random_stratified,2,02-02-02-02-12.wav,test
random_stratified,2,02-02-02-02-14.wav,test
random_stratified,2,02-02-02-02-16.wav,test
random_stratified,2,02-02-02-02-24.wav,test
random_stratified,2,03-01-01-01-04.wav,test
random_stratified,2,03-01-01-01-05.wav,test
random_stratified,2,03-01-01-01-06.wav,test
random_stratified,2,03-01-01-01-08.wav,test
random_stratified,2,03-01-01-01-12.wav,test
random_stratified,2,03-01-01-01-14.wav,test
random_stratified,2,03-01-01-02-08.wav,test
random_stratified,2,03-01-01-02-12.wav,test
random_stratified,2,03-01-01-02-18.wav,test
random_stratified,2,03-01-01-02-20.wav,test
random_stratified,2,03-01-02-01-06.wav,test
random_stratified,2,03-01-02-01-13.wav,test
random_stratified,2,03-01-02-02-04.wav,test
random_stratified,2,03-01-02-02-05.wav,test
random_stratified,2,03-01-02-02-06.wav,test
random_stratified,2,03-01-02-02-19.wav,test
random_stratified,2,03-02-01-01-04.wav,test
random_stratified,2,03-02-01-01-05.wav,test
random_stratified,2,03-02-01-01-06.wav,test
random_stratified,2,03-02-01-01-12.wav,test
random_stratified,2,03-02-01-02-01.wav,test
random_stratified,2,03-02-01-02-08.wav,test
random_stratified,2,03-02-01-02-09.wav,test
random_stratified,2,03-02-01-02-10.wav,test
random_stratified,2,03-02-01-02-13.wav,test
random_stratified,2,03-02-01-02-17.wav,test
random_stratified,2,03-02-01-02-19.wav,test
random_stratified,2,03-02-01-02-21.wav,test
random_stratified,2,03-02-02-01-04.wav,test
random_stratified,2,03-02-02-01-09.wav,test
random_stratified,2,03-02-02-01-13.wav,test
random_stratified,2,03-02-02-01-22.wav,test
random_stratified,2,03-02-02-02-02.wav,test
random_stratified,2,03-02-02-02-04.wav,test
random_stratified,2,03-02-02-02-05.wav,test
random_stratified,2,03-02-02-02-06.wav,test
random_stratified,2,03-02-02-02-17.wav,test
random_stratified,2,03-02-02-02-21.wav,test
random_stratified,2,04-01-01-01-05.wav,test
random_stratified,2,04-01-01-01-16.wav,test
random_stratified,2,04-01-01-01-20.wav,test
random_stratified,2,04-01-01-02-01.wav,test
random_stratified,2,04-01-01-02-02.wav,test
random_stratified,2,04-01-01-02-04.wav,test
random_stratified,2,04-01-01-02-13.wav,test
random_stratified,2,04-01-01-02-18.wav,test
random_stratified,2,04-01-02-01-21.wav,test
random_stratified,2,04-01-02-02-05.wav,test
random_stratified,2,04-01-02-02-10.wav,test
random_stratified,2,04-01-02-02-20.wav,test
random_stratified,2,04-01-02-02-24.wav,test
random_stratified,2,04-02-01-01-05.wav,test
random_stratified,2,04-02-01-01-07.wav,test
random_stratified,2,04-02-01-01-11.wav,test
random_stratified,2,04-02-01-01-14.wav,test
random_stratified,2,04-02-01-01-18.wav,test
random_stratified,2,04-02-01-01-19.wav,test
random_stratified,2,04-02-01-02-02.wav,test
random_stratified,2,04-02-01-02-04.wav,test
random_stratified,2,04-02-01-02-08.wav,test
random_stratified,2,04-02-01-02-13.wav,test
random_stratified,2,04-02-01-02-16.wav,test
random_stratified,2,04-02-01-02-20.wav,test
random_stratified,2,04-02-02-01-13.wav,test
random_stratified,2,04-02-02-01-16.wav,test
random_stratified,2,04-02-02-01-18.wav,test
random_stratified,2,04-02-02-01-20.wav,test
random_stratified,2,04-02-02-01-22.wav,test
random_stratified,2,04-02-02-02-02.wav,test
random_stratified,2,04-02-02-02-03.wav,test
random_stratified,2,04-02-02-02-04.wav,test
random_stratified,2,04-02-02-02-06.wav,test
random_stratified,2,04-02-02-02-11.wav,test
random_stratified,2,04-02-02-02-16.wav,test
random_stratified,2,04-02-02-02-19.wav,test
random_stratified,2,04-02-02-02-23.wav,test
random_stratified,2,05-01-01-01-10.wav,test
random_stratified,2,05-01-01-01-11.wav,test
random_stratified,2,05-01-01-01-19.wav,test
random_stratified,2,05-01-01-01-20.wav,test
random_stratified,2,05-01-01-01-21.wav,test
random_stratified,2,05-01-01-01-24.wav,test
random_stratified,2,05-01-01-02-07.wav,test
random_stratified,2,05-01-01-02-09.wav,test
random_stratified,2,05-01-01-02-11.wav,test
random_stratified,2,05-01-01-02-19.wav,test
random_stratified,2,05-01-01-02-23.wav,test
random_stratified,2,05-01-02-01-02.wav,test
random_stratified,2,05-01-02-01-19.wav,test
random_stratified,2,05-01-02-02-02.wav,test
random_stratified,2,05-01-02-02-04.wav,test
random_stratified,2,05-01-02-02-08.wav,test
random_stratified,2,05-01-02-02-11.wav,test
random_stratified,2,05-01-02-02-12.wav,test
random_stratified,2,05-01-02-02-14.wav,test
random_stratified,2,05-01-02-02-17.wav,test
random_stratified,2,05-02-01-01-08.wav,test
random_stratified,2,05-02-01-01-11.wav,test
random_stratified,2,05-02-01-01-16.wav,test
random_stratified,2,05-02-01-01-17.wav,test
random_stratified,2,05-02-01-01-18.wav,test
random_stratified,2,05-02-01-02-06.wav,test
random_stratified,2,05-02-01-02-13.wav,test
random_stratified,2,05-02-01-02-14.wav,test
random_stratified,2,05-02-01-02-16.wav,test
random_stratified,2,05-02-01-02-19.wav,test
random_stratified,2,05-02-02-01-01.wav,test
random_stratified,2,05-02-02-01-04.wav,test
random_stratified,2,05-02-02-01-17.wav,test
random_stratified,2,05-02-02-01-21.wav,test
random_stratified,2,05-02-02-01-23.wav,test
random_stratified,2,05-02-02-01-24.wav,test
random_stratified,2,05-02-02-02-03.wav,test
random_stratified,2,05-02-02-02-11.wav,test
random_stratified,2,05-02-02-02-21.wav,test
random_stratified,2,06-01-01-01-08.wav,test
random_stratified,2,06-01-01-01-09.wav,test
random_stratified,2,06-01-01-02-03.wav,test
random_stratified,2,06-01-01-02-04.wav,test
random_stratified,2,06-01-01-02-05.wav,test
random_stratified,2,06-01-01-02-12.wav,test
random_stratified,2,06-01-01-02-21.wav,test
random_stratified,2,06-01-01-02-22.wav,test
random_stratified,2,06-01-01-02-24.wav,test
random_stratified,2,06-01-02-01-04.wav,test
random_stratified,2,06-01-02-01-05.wav,test
random_stratified,2,06-01-02-01-07.wav,test
random_stratified,2,06-01-02-01-08.wav,test
random_stratified,2,06-01-02-01-19.wav,test
random_stratified,2,06-01-02-01-21.wav,test
random_stratified,2,06-01-02-02-01.wav,test
random_stratified,2,06-01-02-02-02.wav,test
random_stratified,2,06-01-02-02-03.wav,test
random_stratified,2,06-01-02-02-05.wav,test
random_stratified,2,06-01-02-02-11.wav,test
random_stratified,2,06-01-02-02-17.wav,test
random_stratified,2,06-01-02-02-23.wav,test
random_stratified,2,06-02-01-01-02.wav,test
random_stratified,2,06-02-01-01-11.wav,test
random_stratified,2,06-02-01-01-14.wav,test
random_stratified,2,06-02-01-01-19.wav,test
random_stratified,2,06-02-01-01-24.wav,test
random_stratified,2,06-02-01-02-05.wav,test
random_stratified,2,06-02-01-02-08.wav,test
random_stratified,2,06-02-01-02-14.wav,test
random_stratified,2,06-02-02-01-01.wav,test
random_stratified,2,06-02-02-01-04.wav,test
random_stratified,2,06-02-02-01-16.wav,test
random_stratified,2,06-02-02-01-18.wav,test
random_stratified,2,06-02-02-01-24.wav,test
random_stratified,2,06-02-02-02-07.wav,test
random_stratified,2,06-02-02-02-13.wav,test
random_stratified,2,06-02-02-02-20.wav,test
random_stratified,2,07-01-01-01-01.wav,test
random_stratified,2,07-01-01-01-04.wav,test
random_stratified,2,07-01-01-01-06.wav,test
random_stratified,2,07-01-01-01-23.wav,test
random_stratified,2,07-01-01-02-04.wav,test
random_stratified,2,07-01-01-02-15.wav,test
random_stratified,2,07-01-02-01-01.wav,test
random_stratified,2,07-01-02-01-02.wav,test
random_stratified,2,07-01-02-01-13.wav,test
random_stratified,2,07-01-02-01-20.wav,test
random_stratified,2,07-01-02-02-03.wav,test
random_stratified,2,07-01-02-02-05.wav,test
random_stratified,2,07-01-02-02-19.wav,test
random_stratified,2,07-02-01-01-01.wav,test
random_stratified,2,07-02-01-01-03.wav,test
random_stratified,2,07-02-01-01-08.wav,test
random_stratified,2,07-02-01-01-15.wav,test
random_stratified,2,07-02-01-01-17.wav,test
random_stratified,2,07-02-01-01-18.wav,test
random_stratified,2,07-02-01-01-21.wav,test
random_stratified,2,07-02-01-01-24.wav,test
random_stratified,2,07-02-01-02-05.wav,test
random_stratified,2,07-02-01-02-08.wav,test
random_stratified,2,07-02-01-02-17.wav,test
random_stratified,2,07-02-01-02-19.wav,test
random_stratified,2,07-02-01-02-21.wav,test
random_stratified,2,07-02-02-01-02.wav,test
random_stratified,2,07-02-02-01-09.wav,test
random_stratified,2,07-02-02-01-23.wav,test
random_stratified,2,07-02-02-02-03.wav,test
random_stratified,2,07-02-02-02-04.wav,test
random_stratified,2,07-02-02-02-06.wav,test
random_stratified,2,07-02-02-02-07.wav,test
random_stratified,2,07-02-02-02-08.wav,test
random_stratified,2,07-02-02-02-10.wav,test
random_stratified,2,07-02-02-02-11.wav,test
random_stratified,2,07-02-02-02-15.wav,test
random_stratified,2,07-02-02-02-16.wav,test
random_stratified,2,07-02-02-02-18.wav,test
random_stratified,2,08-01-01-01-06.wav,test
random_stratified,2,08-01-01-01-16.wav,test
random_stratified,2,08-01-01-01-21.wav,test
random_stratified,2,08-01-01-01-23.wav,test
random_stratified,2,08-01-01-02-10.wav,test
random_stratified,2,08-01-01-02-12.wav,test
random_stratified,2,08-01-01-02-17.wav,test
random_stratified,2,08-01-01-02-20.wav,test
random_stratified,2,08-01-01-02-21.wav,test
random_stratified,2,08-01-02-01-11.wav,test
random_stratified,2,08-01-02-01-13.wav,test
random_stratified,2,08-01-02-01-21.wav,test
random_stratified,2,08-01-02-02-01.wav,test
random_stratified,2,08-01-02-02-02.wav,test
random_stratified,2,08-01-02-02-04.wav,test
random_stratified,2,08-01-02-02-06.wav,test
random_stratified,2,08-01-02-02-08.wav,test
random_stratified,2,08-01-02-02-10.wav,test
random_stratified,2,08-01-02-02-19.wav,test
random_stratified,2,08-02-01-01-01.wav,test
random_stratified,2,08-02-01-01-02.wav,test
random_stratified,2,08-02-01-01-05.wav,test
random_stratified,2,08-02-01-01-06.wav,test
random_stratified,2,08-02-01-01-08.wav,test
random_stratified,2,08-02-01-01-14.wav,test
random_stratified,2,08-02-01-02-01.wav,test
random_stratified,2,08-02-01-02-02.wav,test
random_stratified,2,08-02-01-02-05.wav,test
random_stratified,2,08-02-01-02-12.wav,test
random_stratified,2,08-02-01-02-23.wav,test
random_stratified,2,08-02-02-01-01.wav,test
random_stratified,2,08-02-02-01-06.wav,test
random_stratified,2,08-02-02-01-18.wav,test
random_stratified,2,08-02-02-01-20.wav,test
random_stratified,2,08-02-02-02-16.wav,test
random_stratified,2,08-02-02-02-17.wav,test
random_stratified,2,08-02-02-02-18.wav,test
random_stratified,2,08-02-02-02-23.wav,test
random_stratified,2,01-01-01-01-01.wav,train
random_stratified,2,01-01-01-01-02.wav,train
random_stratified,2,01-01-01-01-03.wav,train
random_stratified,2,01-01-01-01-04.wav,train
random_stratified,2,01-01-01-01-05.wav,train
random_stratified,2,01-01-01-01-07.wav,train
random_stratified,2,01-01-01-01-09.wav,train
random_stratified,2,01-01-01-01-10.wav,train
random_stratified,2,01-01-01-01-11.wav,train
random_stratified,2,01-01-01-01-12.wav,train
random_stratified,2,01-01-01-01-13.wav,train
random_stratified,2,01-01-01-01-14.wav,train
random_stratified,2,01-01-01-01-15.wav,train
random_stratified,2,01-01-01-01-18.wav,train
random_stratified,2,01-01-01-01-19.wav,train
random_stratified,2,01-01-01-01-20.wav,train
random_stratified,2,01-01-01-01-21.wav,train
random_stratified,2,01-01-01-01-22.wav,train
random_stratified,2,01-01-01-01-23.wav,train
random_stratified,2,01-01-01-01-24.wav,train
random_stratified,2,01-01-01-02-01.wav,train
random_stratified,2,01-01-01-02-02.wav,train
random_stratified,2,01-01-01-02-03.wav,train
random_stratified,2,01-01-01-02-04.wav,train
random_stratified,2,01-01-01-02-05.wav,train
random_stratified,2,01-01-01-02-06.wav,train
random_stratified,2,01-01-01-02-07.wav,train
random_stratified,2,01-01-01-02-09.wav,train
random_stratified,2,01-01-01-02-10.wav,train
random_stratified,2,01-01-01-02-11.wav,train
random_stratified,2,01-01-01-02-12.wav,train
random_stratified,2,01-01-01-02-13.wav,train
random_stratified,2,01-01-01-02-14.wav,train
random_stratified,2,01-01-01-02-15.wav,train
random_stratified,2,01-01-01-02-17.wav,train
random_stratified,2,01-01-01-02-20.wav,train
random_stratified,2,01-01-01-02-21.wav,train
random_stratified,2,01-01-01-02-22.wav,train
random_stratified,2,01-01-01-02-23.wav,train
random_stratified,2,01-01-01-02-24.wav,train
random_stratified,2,01-01-02-01-01.wav,train
random_stratified,2,01-01-02-01-02.wav,train
random_stratified,2,01-01-02-01-03.wav,train
random_stratified,2,01-01-02-01-04.wav,train
random_stratified,2,01-01-02-01-06.wav,train
random_stratified,2,01-01-02-01-08.wav,train
random_stratified,2,01-01-02-01-11.wav,train
random_stratified,2,01-01-02-01-12.wav,train
random_stratified,2,01-01-02-01-13.wav,train
random_stratified,2,01-01-02-01-14.wav,train
random_stratified,2,01-01-02-01-17.wav,train
random_stratified,2,01-01-02-01-18.wav,train
random_stratified,2,01-01-02-01-19.wav,train
random_stratified,2,01-01-02-01-20.wav,train
random_stratified,2,01-01-02-01-22.wav,train
random_stratified,2,01-01-02-01-23.wav,train
random_stratified,2,01-01-02-01-24.wav,train
random_stratified,2,01-01-02-02-01.wav,train
random_stratified,2,01-01-02-02-03.wav,train
random_stratified,2,01-01-02-02-04.wav,train
random_stratified,2,01-01-02-02-05.wav,train
random_stratified,2,01-01-02-02-06.wav,train
random_stratified,2,01-01-02-02-07.wav,train
random_stratified,2,01-01-02-02-08.wav,train
random_stratified,2,01-01-02-02-10.wav,train
random_stratified,2,01-01-02-02-11.wav,train
random_stratified,2,01-01-02-02-12.wav,train
random_stratified,2,01-01-02-02-13.wav,train
random_stratified,2,01-01-02-02-14.wav,train
random_stratified,2,01-01-02-02-15.wav,train
random_stratified,2,01-01-02-02-16.wav,train
random_stratified,2,01-01-02-02-17.wav,train
random_stratified,2,01-01-02-02-19.wav,train
random_stratified,2,01-01-02-02-20.wav,train
random_stratified,2,01-01-02-02-21.wav,train
random_stratified,2,01-01-02-02-22.wav,train
random_stratified,2,01-01-02-02-23.wav,train
random_stratified,2,02-01-01-01-01.wav,train
random_stratified,2,02-01-01-01-02.wav,train
random_stratified,2,02-01-01-01-03.wav,train
random_stratified,2,02-01-01-01-04.wav,train
random_stratified,2,02-01-01-01-06.wav,train
random_stratified,2,02-01-01-01-07.wav,train
random_stratified,2,02-01-01-01-08.wav,train
random_stratified,2,02-01-01-01-10.wav,train
random_stratified,2,02-01-01-01-11.wav,train
random_stratified,2,02-01-01-01-12.wav,train
random_stratified,2,02-01-01-01-13.wav,train
random_stratified,2,02-01-01-01-14.wav,train
random_stratified,2,02-01-01-01-15.wav,train
random_stratified,2,02-01-01-01-16.wav,train
random_stratified,2,02-01-01-01-17.wav,train
random_stratified,2,02-01-01-01-19.wav,train
random_stratified,2,02-01-01-01-20.wav,train
random_stratified,2,02-01-01-01-22.wav,train
random_stratified,2,02-01-01-01-23.wav,train
random_stratified,2,02-01-01-01-24.wav,train
random_stratified,2,02-01-01-02-01.wav,train
random_stratified,2,02-01-01-02-03.wav,train
random_stratified,2,02-01-01-02-04.wav,train
random_stratified,2,02-01-01-02-05.wav,train
random_stratified,2,02-01-01-02-06.wav,train
random_stratified,2,02-01-01-02-07.wav,train
random_stratified,2,02-01-01-02-08.wav,train
random_stratified,2,02-01-01-02-09.wav,train
random_stratified,2,02-01-01-02-10.wav,train
random_stratified,2,02-01-01-02-11.wav,train
random_stratified,2,02-01-01-02-12.wav,train
random_stratified,2,02-01-01-02-13.wav,train
random_stratified,2,02-01-01-02-14.wav,train
random_stratified,2,02-01-01-02-15.wav,train
random_stratified,2,02-01-01-02-16.wav,train
random_stratified,2,02-01-01-02-17.wav,train
random_stratified,2,02-01-01-02-18.wav,train
random_stratified,2,02-01-01-02-19.wav,train
random_stratified,2,02-01-01-02-20.wav,train
random_stratified,2,02-01-01-02-21.wav,train
random_stratified,2,02-01-01-02-23.wav,train
random_stratified,2,02-01-01-02-24.wav,train
random_stratified,2,02-01-02-01-01.wav,train
random_stratified,2,02-01-02-01-02.wav,train
random_stratified,2,02-01-02-01-03.wav,train
random_stratified,2,02-01-02-01-04.wav,train
random_stratified,2,02-01-02-01-05.wav,train
random_stratified,2,02-01-02-01-06.wav,train
random_stratified,2,02-01-02-01-07.wav,train
random_stratified,2,02-01-02-01-08.wav,train
random_stratified,2,02-01-02-01-09.wav,train
random_stratified,2,02-01-02-01-10.wav,train
random_stratified,2,02-01-02-01-13.wav,train
random_stratified,2,02-01-02-01-14.wav,train
random_stratified,2,02-01-02-01-16.wav,train
random_stratified,2,02-01-02-01-17.wav,train
random_stratified,2,02-01-02-01-20.wav,train
random_stratified,2,02-01-02-01-21.wav,train
random_stratified,2,02-01-02-01-22.wav,train
random_stratified,2,02-01-02-01-23.wav,train
random_stratified,2,02-01-02-01-24.wav,train
random_stratified,2,02-01-02-02-01.wav,train
random_stratified,2,02-01-02-02-02.wav,train
random_stratified,2,02-01-02-02-03.wav,train
random_stratified,2,02-01-02-02-04.wav,train
random_stratified,2,02-01-02-02-05.wav,train
random_stratified,2,02-01-02-02-06.wav,train
random_stratified,2,02-01-02-02-07.wav,train
random_stratified,2,02-01-02-02-09.wav,train
random_stratified,2,02-01-02-02-11.wav,train
random_stratified,2,02-01-02-02-12.wav,train
random_stratified,2,02-01-02-02-13.wav,train
random_stratified,2,02-01-02-02-15.wav,train
random_stratified,2,02-01-02-02-16.wav,train
random_stratified,2,02-01-02-02-17.wav,train
random_stratified,2,02-01-02-02-18.wav,train
random_stratified,2,02-01-02-02-19.wav,train
random_stratified,2,02-01-02-02-20.wav,train
random_stratified,2,02-01-02-02-21.wav,train
random_stratified,2,02-01-02-02-23.wav,train
random_stratified,2,02-01-02-02-24.wav,train
random_stratified,2,02-02-01-01-01.wav,train
random_stratified,2,02-02-01-01-02.wav,train
random_stratified,2,02-02-01-01-04.wav,train
random_stratified,2,02-02-01-01-06.wav,train
random_stratified,2,02-02-01-01-07.wav,train
random_stratified,2,02-02-01-01-09.wav,train
random_stratified,2,02-02-01-01-10.wav,train
random_stratified,2,02-02-01-01-12.wav,train
random_stratified,2,02-02-01-01-13.wav,train
random_stratified,2,02-02-01-01-14.wav,train
random_stratified,2,02-02-01-01-16.wav,train
random_stratified,2,02-02-01-01-18.wav,train
random_stratified,2,02-02-01-01-19.wav,train
random_stratified,2,02-02-01-01-22.wav,train
random_stratified,2,02-02-01-01-23.wav,train
random_stratified,2,02-02-01-01-24.wav,train
random_stratified,2,02-02-01-02-01.wav,train
random_stratified,2,02-02-01-02-02.wav,train
random_stratified,2,02-02-01-02-03.wav,train
random_stratified,2,02-02-01-02-04.wav,train
random_stratified,2,02-02-01-02-05.wav,train
random_stratified,2,02-02-01-02-06.wav,train
random_stratified,2,02-02-01-02-07.wav,train
random_stratified,2,02-02-01-02-08.wav,train
random_stratified,2,02-02-01-02-09.wav,train
random_stratified,2,02-02-01-02-10.wav,train
random_stratified,2,02-02-01-02-13.wav,train
random_stratified,2,02-02-01-02-14.wav,train
random_stratified,2,02-02-01-02-15.wav,train
random_stratified,2,02-02-01-02-17.wav,train
random_stratified,2,02-02-01-02-18.wav,train
random_stratified,2,02-02-01-02-19.wav,train
random_stratified,2,02-02-01-02-20.wav,train
random_stratified,2,02-02-01-02-21.wav,train
random_stratified,2,02-02-01-02-23.wav,train
random_stratified,2,02-02-01-02-24.wav,train
random_stratified,2,02-02-02-01-02.wav,train
random_stratified,2,02-02-02-01-03.wav,train
random_stratified,2,02-02-02-01-04.wav,train
random_stratified,2,02-02-02-01-05.wav,train
random_stratified,2,02-02-02-01-06.wav,train
random_stratified,2,02-02-02-01-07.wav,train
random_stratified,2,02-02-02-01-11.wav,train
random_stratified,2,02-02-02-01-14.wav,train
random_stratified,2,02-02-02-01-15.wav,train
random_stratified,2,02-02-02-01-16.wav,train
random_stratified,2,02-02-02-01-17.wav,train
random_stratified,2,02-02-02-01-18.wav,train
random_stratified,2,02-02-02-01-19.wav,train
random_stratified,2,02-02-02-01-20.wav,train
random_stratified,2,02-02-02-01-21.wav,train
random_stratified,2,02-02-02-01-22.wav,train
random_stratified,2,02-02-02-01-23.wav,train
random_stratified,2,02-02-02-01-24.wav,train
random_stratified,2,02-02-02-02-01.wav,train
random_stratified,2,02-02-02-02-03.wav,train
random_stratified,2,02-02-02-02-04.wav,train
random_stratified,2,02-02-02-02-05.wav,train
random_stratified,2,02-02-02-02-06.wav,train
random_stratified,2,02-02-02-02-07.wav,train
random_stratified,2,02-02-02-02-08.wav,train
random_stratified,2,02-02-02-02-09.wav,train
random_stratified,2,02-02-02-02-10.wav,train
random_stratified,2,02-02-02-02-13.wav,train
random_stratified,2,02-02-02-02-15.wav,train
random_stratified,2,02-02-02-02-17.wav,train
random_stratified,2,02-02-02-02-18.wav,train
random_stratified,2,02-02-02-02-19.wav,train
random_stratified,2,02-02-02-02-20.wav,train
random_stratified,2,02-02-02-02-21.wav,train
random_stratified,2,02-02-02-02-22.wav,train
random_stratified,2,02-02-02-02-23.wav,train
random_stratified,2,03-01-01-01-01.wav,train
random_stratified,2,03-01-01-01-02.wav,train
random_stratified,2,03-01-01-01-03.wav,train
random_stratified,2,03-01-01-01-07.wav,train
random_stratified,2,03-01-01-01-09.wav,train
random_stratified,2,03-01-01-01-10.wav,train
random_stratified,2,03-01-01-01-11.wav,train
random_stratified,2,03-01-01-01-13.wav,train
random_stratified,2,03-01-01-01-15.wav,train
random_stratified,2,03-01-01-01-16.wav,train
random_stratified,2,03-01-01-01-17.wav,train
random_stratified,2,03-01-01-01-18.wav,train
random_stratified,2,03-01-01-01-19.wav,train
random_stratified,2,03-01-01-01-20.wav,train
random_stratified,2,03-01-01-01-21.wav,train
random_stratified,2,03-01-01-01-22.wav,train
random_stratified,2,03-01-01-01-23.wav,train
random_stratified,2,03-01-01-01-24.wav,train
random_stratified,2,03-01-01-02-01.wav,train
random_stratified,2,03-01-01-02-02.wav,train
random_stratified,2,03-01-01-02-03.wav,train
random_stratified,2,03-01-01-02-04.wav,train
random_stratified,2,03-01-01-02-05.wav,train
random_stratified,2,03-01-01-02-06.wav,train
random_stratified,2,03-01-01-02-07.wav,train
random_stratified,2,03-01-01-02-09.wav,train
random_stratified,2,03-01-01-02-10.wav,train
random_stratified,2,03-01-01-02-11.wav,train
random_stratified,2,03-01-01-02-13.wav,train
random_stratified,2,03-01-01-02-14.wav,train
random_stratified,2,03-01-01-02-15.wav,train
random_stratified,2,03-01-01-02-16.wav,train
random_stratified,2,03-01-01-02-17.wav,train
random_stratified,2,03-01-01-02-19.wav,train
random_stratified,2,03-01-01-02-21.wav,train
random_stratified,2,03-01-01-02-22.wav,train
random_stratified,2,03-01-01-02-23.wav,train
random_stratified,2,03-01-01-02-24.wav,train
random_stratified,2,03-01-02-01-01.wav,train
random_stratified,2,03-01-02-01-02.wav,train
random_stratified,2,03-01-02-01-03.wav,train
random_stratified,2,03-01-02-01-04.wav,train
random_stratified,2,03-01-02-01-05.wav,train
random_stratified,2,03-01-02-01-07.wav,train
random_stratified,2,03-01-02-01-08.wav,train
random_stratified,2,03-01-02-01-09.wav,train
random_stratified,2,03-01-02-01-10.wav,train
random_stratified,2,03-01-02-01-11.wav,train
random_stratified,2,03-01-02-01-12.wav,train
random_stratified,2,03-01-02-01-14.wav,train
random_stratified,2,03-01-02-01-15.wav,train
random_stratified,2,03-01-02-01-16.wav,train
random_stratified,2,03-01-02-01-17.wav,train
random_stratified,2,03-01-02-01-18.wav,train
random_stratified,2,03-01-02-01-19.wav,train
random_stratified,2,03-01-02-01-20.wav,train
random_stratified,2,03-01-02-01-21.wav,train
random_stratified,2,03-01-02-01-22.wav,train
random_stratified,2,03-01-02-01-23.wav,train
random_stratified,2,03-01-02-01-24.wav,train
random_stratified,2,03-01-02-02-01.wav,train
random_stratified,2,03-01-02-02-02.wav,train
random_stratified,2,03-01-02-02-03.wav,train
random_stratified,2,03-01-02-02-07.wav,train
random_stratified,2,03-01-02-02-08.wav,train
random_stratified,2,03-01-02-02-09.wav,train
random_stratified,2,03-01-02-02-10.wav,train
random_stratified,2,03-01-02-02-11.wav,train
random_stratified,2,03-01-02-02-12.wav,train
random_stratified,2,03-01-02-02-13.wav,train
random_stratified,2,03-01-02-02-14.wav,train
random_stratified,2,03-01-02-02-15.wav,train
random_stratified,2,03-01-02-02-16.wav,train
random_stratified,2,03-01-02-02-17.wav,train
random_stratified,2,03-01-02-02-18.wav,train
random_stratified,2,03-01-02-02-20.wav,train
random_stratified,2,03-01-02-02-21.wav,train
random_stratified,2,03-01-02-02-22.wav,train
random_stratified,2,03-01-02-02-23.wav,train
random_stratified,2,03-01-02-02-24.wav,train
random_stratified,2,03-02-01-01-01.wav,train
random_stratified,2,03-02-01-01-02.wav,train
random_stratified,2,03-02-01-01-03.wav,train
random_stratified,2,03-02-01-01-07.wav,train
random_stratified,2,03-02-01-01-08.wav,train
random_stratified,2,03-02-01-01-09.wav,train
random_stratified,2,03-02-01-01-10.wav,train
random_stratified,2,03-02-01-01-11.wav,train
random_stratified,2,03-02-01-01-13.wav,train
random_stratified,2,03-02-01-01-14.wav,train
random_stratified,2,03-02-01-01-15.wav,train
random_stratified,2,03-02-01-01-16.wav,train
random_stratified,2,03-02-01-01-17.wav,train
random_stratified,2,03-02-01-01-18.wav,train
random_stratified,2,03-02-01-01-19.wav,train
random_stratified,2,03-02-01-01-20.wav,train
random_stratified,2,03-02-01-01-21.wav,train
random_stratified,2,03-02-01-01-22.wav,train
random_stratified,2,03-02-01-01-23.wav,train
random_stratified,2,03-02-01-01-24.wav,train
random_stratified,2,03-02-01-02-02.wav,train
random_stratified,2,03-02-01-02-03.wav,train
random_stratified,2,03-02-01-02-04.wav,train
random_stratified,2,03-02-01-02-05.wav,train
random_stratified,2,03-02-01-02-06.wav,train
random_stratified,2,03-02-01-02-07.wav,train
random_stratified,2,03-02-01-02-11.wav,train
random_stratified,2,03-02-01-02-12.wav,train
random_stratified,2,03-02-01-02-14.wav,train
random_stratified,2,03-02-01-02-15.wav,train
random_stratified,2,03-02-01-02-16.wav,train
random_stratified,2,03-02-01-02-18.wav,train
random_stratified,2,03-02-01-02-20.wav,train
random_stratified,2,03-02-01-02-22.wav,train
random_stratified,2,03-02-01-02-23.wav,train
random_stratified,2,03-02-01-02-24.wav,train
random_stratified,2,03-02-02-01-01.wav,train
random_stratified,2,03-02-02-01-02.wav,train
random_stratified,2,03-02-02-01-03.wav,train
random_stratified,2,03-02-02-01-05.wav,train
random_stratified,2,03-02-02-01-06.wav,train
random_stratified,2,03-02-02-01-07.wav,train
random_stratified,2,03-02-02-01-08.wav,train
random_stratified,2,03-02-02-01-10.wav,train
random_stratified,2,03-02-02-01-11.wav,train
random_stratified,2,03-02-02-01-12.wav,train
random_stratified,2,03-02-02-01-14.wav,train
random_stratified,2,03-02-02-01-15.wav,train
random_stratified,2,03-02-02-01-16.wav,train
random_stratified,2,03-02-02-01-17.wav,train
random_stratified,2,03-02-02-01-18.wav,train
random_stratified,2,03-02-02-01-19.wav,train
random_stratified,2,03-02-02-01-20.wav,train
random_stratified,2,03-02-02-01-21.wav,train
random_stratified,2,03-02-02-01-23.wav,train
random_stratified,2,03-02-02-01-24.wav,train
random_stratified,2,03-02-02-02-01.wav,train
random_stratified,2,03-02-02-02-03.wav,train
random_stratified,2,03-02-02-02-07.wav,train
random_stratified,2,03-02-02-02-08.wav,train
random_stratified,2,03-02-02-02-09.wav,train
random_stratified,2,03-02-02-02-10.wav,train
random_stratified,2,03-02-02-02-11.wav,train
random_stratified,2,03-02-02-02-12.wav,train
random_stratified,2,03-02-02-02-13.wav,train
random_stratified,2,03-02-02-02-14.wav,train
random_stratified,2,03-02-02-02-15.wav,train
random_stratified,2,03-02-02-02-16.wav,train
random_stratified,2,03-02-02-02-18.wav,train
random_stratified,2,03-02-02-02-19.wav,train
random_stratified,2,03-02-02-02-20.wav,train
random_stratified,2,03-02-02-02-22.wav,train
random_stratified,2,03-02-02-02-23.wav,train
random_stratified,2,03-02-02-02-24.wav,train
random_stratified,2,04-01-01-01-01.wav,train
random_stratified,2,04-01-01-01-02.wav,train
random_stratified,2,04-01-01-01-03.wav,train
random_stratified,2,04-01-01-01-04.wav,train
random_stratified,2,04-01-01-01-06.wav,train
random_stratified,2,04-01-01-01-07.wav,train
random_stratified,2,04-01-01-01-08.wav,train
random_stratified,2,04-01-01-01-09.wav,train
random_stratified,2,04-01-01-01-10.wav,train
random_stratified,2,04-01-01-01-11.wav,train
random_stratified,2,04-01-01-01-12.wav,train
random_stratified,2,04-01-01-01-13.wav,train
random_stratified,2,04-01-01-01-14.wav,train
random_stratified,2,04-01-01-01-15.wav,train
random_stratified,2,04-01-01-01-17.wav,train
random_stratified,2,04-01-01-01-18.wav,train
random_stratified,2,04-01-01-01-19.wav,train
random_stratified,2,04-01-01-01-21.wav,train
random_stratified,2,04-01-01-01-22.wav,train
random_stratified,2,04-01-01-01-23.wav,train
random_stratified,2,04-01-01-01-24.wav,train
random_stratified,2,04-01-01-02-03.wav,train
random_stratified,2,04-01-01-02-05.wav,train
random_stratified,2,04-01-01-02-06.wav,train
random_stratified,2,04-01-01-02-07.wav,train
random_stratified,2,04-01-01-02-08.wav,train
random_stratified,2,04-01-01-02-09.wav,train
random_stratified,2,04-01-01-02-10.wav,train
random_stratified,2,04-01-01-02-11.wav,train
random_stratified,2,04-01-01-02-12.wav,train
random_stratified,2,04-01-01-02-14.wav,train
random_stratified,2,04-01-01-02-15.wav,train
random_stratified,2,04-01-01-02-16.wav,train
random_stratified,2,04-01-01-02-17.wav,train
random_stratified,2,04-01-01-02-19.wav,train
random_stratified,2,04-01-01-02-20.wav,train
random_stratified,2,04-01-01-02-21.wav,train
random_stratified,2,04-01-01-02-22.wav,train
random_stratified,2,04-01-01-02-23.wav,train
random_stratified,2,04-01-01-02-24.wav,train
random_stratified,2,04-01-02-01-01.wav,train
random_stratified,2,04-01-02-01-02.wav,train
random_stratified,2,04-01-02-01-03.wav,train
random_stratified,2,04-01-02-01-04.wav,train
random_stratified,2,04-01-02-01-05.wav,train
random_stratified,2,04-01-02-01-06.wav,train
random_stratified,2,04-01-02-01-07.wav,train
random_stratified,2,04-01-02-01-08.wav,train
random_stratified,2,04-01-02-01-09.wav,train
random_stratified,2,04-01-02-01-10.wav,train
random_stratified,2,04-01-02-01-11.wav,train
random_stratified,2,04-01-02-01-12.wav,train
random_stratified,2,04-01-02-01-13.wav,train
random_stratified,2,04-01-02-01-14.wav,train
random_stratified,2,04-01-02-01-15.wav,train
random_stratified,2,04-01-02-01-16.wav,train
random_stratified,2,04-01-02-01-17.wav,train
random_stratified,2,04-01-02-01-18.wav,train
random_stratified,2,04-01-02-01-19.wav,train
random_stratified,2,04-01-02-01-20.wav,train
random_stratified,2,04-01-02-01-22.wav,train
random_stratified,2,04-01-02-01-23.wav,train
random_stratified,2,04-01-02-01-24.wav,train
random_stratified,2,04-01-02-02-01.wav,train
random_stratified,2,04-01-02-02-02.wav,train
random_stratified,2,04-01-02-02-03.wav,train
random_stratified,2,04-01-02-02-04.wav,train
random_stratified,2,04-01-02-02-06.wav,train
random_stratified,2,04-01-02-02-07.wav,train
random_stratified,2,04-01-02-02-08.wav,train
random_stratified,2,04-01-02-02-09.wav,train
random_stratified,2,04-01-02-02-11.wav,train
random_stratified,2,04-01-02-02-12.wav,train
random_stratified,2,04-01-02-02-13.wav,train
random_stratified,2,04-01-02-02-14.wav,train
random_stratified,2,04-01-02-02-15.wav,train
random_stratified,2,04-01-02-02-16.wav,train
random_stratified,2,04-01-02-02-17.wav,train
random_stratified,2,04-01-02-02-18.wav,train
random_stratified,2,04-01-02-02-19.wav,train
random_stratified,2,04-01-02-02-21.wav,train
random_stratified,2,04-01-02-02-22.wav,train
random_stratified,2,04-01-02-02-23.wav,train
random_stratified,2,04-02-01-01-01.wav,train
random_stratified,2,04-02-01-01-02.wav,train
random_stratified,2,04-02-01-01-03.wav,train
random_stratified,2,04-02-01-01-04.wav,train
random_stratified,2,04-02-01-01-06.wav,train
random_stratified,2,04-02-01-01-08.wav,train
random_stratified,2,04-02-01-01-09.wav,train
random_stratified,2,04-02-01-01-10.wav,train
random_stratified,2,04-02-01-01-12.wav,train
random_stratified,2,04-02-01-01-13.wav,train
random_stratified,2,04-02-01-01-15.wav,train
random_stratified,2,04-02-01-01-16.wav,train
random_stratified,2,04-02-01-01-17.wav,train
random_stratified,2,04-02-01-01-20.wav,train
random_stratified,2,04-02-01-01-21.wav,train
random_stratified,2,04-02-01-01-22.wav,train
random_stratified,2,04-02-01-01-23.wav,train
random_stratified,2,04-02-01-01-24.wav,train
random_stratified,2,04-02-01-02-01.wav,train
random_stratified,2,04-02-01-02-03.wav,train
random_stratified,2,04-02-01-02-05.wav,train
random_stratified,2,04-02-01-02-06.wav,train
random_stratified,2,04-02-01-02-07.wav,train
random_stratified,2,04-02-01-02-09.wav,train
random_stratified,2,04-02-01-02-10.wav,train
random_stratified,2,04-02-01-02-11.wav,train
random_stratified,2,04-02-01-02-12.wav,train
random_stratified,2,04-02-01-02-14.wav,train
random_stratified,2,04-02-01-02-15.wav,train
random_stratified,2,04-02-01-02-17.wav,train
random_stratified,2,04-02-01-02-18.wav,train
random_stratified,2,04-02-01-02-19.wav,train
random_stratified,2,04-02-01-02-21.wav,train
random_stratified,2,04-02-01-02-22.wav,train
random_stratified,2,04-02-01-02-23.wav,train
random_stratified,2,04-02-01-02-24.wav,train
random_stratified,2,04-02-02-01-01.wav,train
random_stratified,2,04-02-02-01-02.wav,train
random_stratified,2,04-02-02-01-03.wav,train
random_stratified,2,04-02-02-01-04.wav,train
random_stratified,2,04-02-02-01-05.wav,train
random_stratified,2,04-02-02-01-06.wav,train
random_stratified,2,04-02-02-01-07.wav,train
random_stratified,2,04-02-02-01-08.wav,train
random_stratified,2,04-02-02-01-09.wav,train
random_stratified,2,04-02-02-01-10.wav,train
random_stratified,2,04-02-02-01-11.wav,train
random_stratified,2,04-02-02-01-12.wav,train
random_stratified,2,04-02-02-01-14.wav,train
random_stratified,2,04-02-02-01-15.wav,train
random_stratified,2,04-02-02-01-17.wav,train
random_stratified,2,04-02-02-01-19.wav,train
random_stratified,2,04-02-02-01-21.wav,train
random_stratified,2,04-02-02-01-23.wav,train
random_stratified,2,04-02-02-01-24.wav,train
random_stratified,2,04-02-02-02-01.wav,train
random_stratified,2,04-02-02-02-05.wav,train
random_stratified,2,04-02-02-02-07.wav,train
random_stratified,2,04-02-02-02-08.wav,train
random_stratified,2,04-02-02-02-09.wav,train
random_stratified,2,04-02-02-02-10.wav,train
random_stratified,2,04-02-02-02-12.wav,train
random_stratified,2,04-02-02-02-13.wav,train
random_stratified,2,04-02-02-02-14.wav,train
random_stratified,2,04-02-02-02-15.wav,train
random_stratified,2,04-02-02-02-17.wav,train
random_stratified,2,04-02-02-02-18.wav,train
random_stratified,2,04-02-02-02-20.wav,train
random_stratified,2,04-02-02-02-21.wav,train
random_stratified,2,04-02-02-02-22.wav,train
random_stratified,2,04-02-02-02-24.wav,train
random_stratified,2,05-01-01-01-01.wav,train
random_stratified,2,05-01-01-01-02.wav,train
random_stratified,2,05-01-01-01-03.wav,train
random_stratified,2,05-01-01-01-04.wav,train
random_stratified,2,05-01-01-01-05.wav,train
random_stratified,2,05-01-01-01-06.wav,train
random_stratified,2,05-01-01-01-07.wav,train
random_stratified,2,05-01-01-01-08.wav,train
random_stratified,2,05-01-01-01-09.wav,train
random_stratified,2,05-01-01-01-12.wav,train
random_stratified,2,05-01-01-01-13.wav,train
random_stratified,2,05-01-01-01-14.wav,train
random_stratified,2,05-01-01-01-15.wav,train
random_stratified,2,05-01-01-01-16.wav,train
random_stratified,2,05-01-01-01-17.wav,train
random_stratified,2,05-01-01-01-18.wav,train
random_stratified,2,05-01-01-01-22.wav,train
random_stratified,2,05-01-01-01-23.wav,train
random_stratified,2,05-01-01-02-01.wav,train
random_stratified,2,05-01-01-02-02.wav,train
random_stratified,2,05-01-01-02-03.wav,train
random_stratified,2,05-01-01-02-04.wav,train
random_stratified,2,05-01-01-02-05.wav,train
random_stratified,2,05-01-01-02-06.wav,train
random_stratified,2,05-01-01-02-08.wav,train
random_stratified,2,05-01-01-02-10.wav,train
random_stratified,2,05-01-01-02-12.wav,train
random_stratified,2,05-01-01-02-13.wav,train
random_stratified,2,05-01-01-02-14.wav,train
random_stratified,2,05-01-01-02-15.wav,train
random_stratified,2,05-01-01-02-16.wav,train
random_stratified,2,05-01-01-02-17.wav,train
random_stratified,2,05-01-01-02-18.wav,train
random_stratified,2,05-01-01-02-20.wav,train
random_stratified,2,05-01-01-02-21.wav,train
random_stratified,2,05-01-01-02-22.wav,train
random_stratified,2,05-01-01-02-24.wav,train
random_stratified,2,05-01-02-01-01.wav,train
random_stratified,2,05-01-02-01-03.wav,train
random_stratified,2,05-01-02-01-04.wav,train
random_stratified,2,05-01-02-01-05.wav,train
random_stratified,2,05-01-02-01-06.wav,train
random_stratified,2,05-01-02-01-07.wav,train
random_stratified,2,05-01-02-01-08.wav,train
random_stratified,2,05-01-02-01-09.wav,train
random_stratified,2,05-01-02-01-10.wav,train
random_stratified,2,05-01-02-01-11.wav,train
random_stratified,2,05-01-02-01-12.wav,train
random_stratified,2,05-01-02-01-13.wav,train
random_stratified,2,05-01-02-01-14.wav,train
random_stratified,2,05-01-02-01-15.wav,train
random_stratified,2,05-01-02-01-16.wav,train
random_stratified,2,05-01-02-01-17.wav,train
random_stratified,2,05-01-02-01-18.wav,train
random_stratified,2,05-01-02-01-20.wav,train
random_stratified,2,05-01-02-01-21.wav,train
random_stratified,2,05-01-02-01-22.wav,train
random_stratified,2,05-01-02-01-23.wav,train
random_stratified,2,05-01-02-01-24.wav,train
random_stratified,2,05-01-02-02-01.wav,train
random_stratified,2,05-01-02-02-03.wav,train
random_stratified,2,05-01-02-02-05.wav,train
random_stratified,2,05-01-02-02-06.wav,train
random_stratified,2,05-01-02-02-07.wav,train
random_stratified,2,05-01-02-02-09.wav,train
random_stratified,2,05-01-02-02-10.wav,train
random_stratified,2,05-01-02-02-13.wav,train
random_stratified,2,05-01-02-02-15.wav,train
random_stratified,2,05-01-02-02-16.wav,train
random_stratified,2,05-01-02-02-18.wav,train
random_stratified,2,05-01-02-02-19.wav,train
random_stratified,2,05-01-02-02-20.wav,train
random_stratified,2,05-01-02-02-21.wav,train
random_stratified,2,05-01-02-02-22.wav,train
random_stratified,2,05-01-02-02-23.wav,train
random_stratified,2,05-01-02-02-24.wav,train
random_stratified,2,05-02-01-01-01.wav,train
random_stratified,2,05-02-01-01-02.wav,train
random_stratified,2,05-02-01-01-03.wav,train
random_stratified,2,05-02-01-01-04.wav,train
random_stratified,2,05-02-01-01-05.wav,train
random_stratified,2,05-02-01-01-06.wav,train
random_stratified,2,05-02-01-01-07.wav,train
random_stratified,2,05-02-01-01-09.wav,train
random_stratified,2,05-02-01-01-10.wav,train
random_stratified,2,05-02-01-01-12.wav,train
random_stratified,2,05-02-01-01-13.wav,train
random_stratified,2,05-02-01-01-14.wav,train
random_stratified,2,05-02-01-01-15.wav,train
random_stratified,2,05-02-01-01-19.wav,train
random_stratified,2,05-02-01-01-20.wav,train
random_stratified,2,05-02-01-01-21.wav,train
random_stratified,2,05-02-01-01-22.wav,train
random_stratified,2,05-02-01-01-23.wav,train
random_stratified,2,05-02-01-01-24.wav,train
random_stratified,2,05-02-01-02-01.wav,train
random_stratified,2,05-02-01-02-02.wav,train
random_stratified,2,05-02-01-02-03.wav,train
random_stratified,2,05-02-01-02-04.wav,train
random_stratified,2,05-02-01-02-05.wav,train
random_stratified,2,05-02-01-02-07.wav,train
random_stratified,2,05-02-01-02-08.wav,train
random_stratified,2,05-02-01-02-09.wav,train
random_stratified,2,05-02-01-02-10.wav,train
random_stratified,2,05-02-01-02-11.wav,train
random_stratified,2,05-02-01-02-12.wav,train
random_stratified,2,05-02-01-02-15.wav,train
random_stratified,2,05-02-01-02-17.wav,train
random_stratified,2,05-02-01-02-18.wav,train
random_stratified,2,05-02-01-02-20.wav,train
random_stratified,2,05-02-01-02-21.wav,train
random_stratified,2,05-02-01-02-22.wav,train
random_stratified,2,05-02-01-02-23.wav,train
random_stratified,2,05-02-01-02-24.wav,train
random_stratified,2,05-02-02-01-02.wav,train
random_stratified,2,05-02-02-01-03.wav,train
random_stratified,2,05-02-02-01-05.wav,train
random_stratified,2,05-02-02-01-06.wav,train
random_stratified,2,05-02-02-01-07.wav,train
random_stratified,2,05-02-02-01-08.wav,train
random_stratified,2,05-02-02-01-09.wav,train
random_stratified,2,05-02-02-01-10.wav,train
random_stratified,2,05-02-02-01-11.wav,train
random_stratified,2,05-02-02-01-12.wav,train
random_stratified,2,05-02-02-01-13.wav,train
random_stratified,2,05-02-02-01-14.wav,train
random_stratified,2,05-02-02-01-15.wav,train
random_stratified,2,05-02-02-01-16.wav,train
random_stratified,2,05-02-02-01-18.wav,train
random_stratified,2,05-02-02-01-19.wav,train
random_stratified,2,05-02-02-01-20.wav,train
random_stratified,2,05-02-02-01-22.wav,train
random_stratified,2,05-02-02-02-01.wav,train
random_stratified,2,05-02-02-02-02.wav,train
random_stratified,2,05-02-02-02-04.wav,train
random_stratified,2,05-02-02-02-05.wav,train
random_stratified,2,05-02-02-02-06.wav,train
random_stratified,2,05-02-02-02-07.wav,train
random_stratified,2,05-02-02-02-08.wav,train
random_stratified,2,05-02-02-02-09.wav,train
random_stratified,2,05-02-02-02-10.wav,train
random_stratified,2,05-02-02-02-12.wav,train
random_stratified,2,05-02-02-02-13.wav,train
random_stratified,2,05-02-02-02-14.wav,train
random_stratified,2,05-02-02-02-15.wav,train
random_stratified,2,05-02-02-02-16.wav,train
random_stratified,2,05-02-02-02-17.wav,train
random_stratified,2,05-02-02-02-18.wav,train
random_stratified,2,05-02-02-02-19.wav,train
random_stratified,2,05-02-02-02-20.wav,train
random_stratified,2,05-02-02-02-22.wav,train
random_stratified,2,05-02-02-02-23.wav,train
random_stratified,2,05-02-02-02-24.wav,train
random_stratified,2,06-01-01-01-01.wav,train
random_stratified,2,06-01-01-01-02.wav,train
random_stratified,2,06-01-01-01-03.wav,train
random_stratified,2,06-01-01-01-04.wav,train
random_stratified,2,06-01-01-01-05.wav,train
random_stratified,2,06-01-01-01-06.wav,train
random_stratified,2,06-01-01-01-07.wav,train
random_stratified,2,06-01-01-01-10.wav,train
random_stratified,2,06-01-01-01-11.wav,train
random_stratified,2,06-01-01-01-12.wav,train
random_stratified,2,06-01-01-01-13.wav,train
random_stratified,2,06-01-01-01-14.wav,train
random_stratified,2,06-01-01-01-15.wav,train
random_stratified,2,06-01-01-01-16.wav,train
random_stratified,2,06-01-01-01-17.wav,train
random_stratified,2,06-01-01-01-18.wav,train
random_stratified,2,06-01-01-01-19.wav,train
random_stratified,2,06-01-01-01-20.wav,train
random_stratified,2,06-01-01-01-21.wav,train
random_stratified,2,06-01-01-01-22.wav,train
random_stratified,2,06-01-01-01-23.wav,train
random_stratified,2,06-01-01-01-24.wav,train
random_stratified,2,06-01-01-02-01.wav,train
random_stratified,2,06-01-01-02-02.wav,train
random_stratified,2,06-01-01-02-06.wav,train
random_stratified,2,06-01-01-02-07.wav,train
random_stratified,2,06-01-01-02-08.wav,train
random_stratified,2,06-01-01-02-09.wav,train
random_stratified,2,06-01-01-02-10.wav,train
random_stratified,2,06-01-01-02-11.wav,train
random_stratified,2,06-01-01-02-13.wav,train
random_stratified,2,06-01-01-02-14.wav,train
random_stratified,2,06-01-01-02-15.wav,train
random_stratified,2,06-01-01-02-16.wav,train
random_stratified,2,06-01-01-02-17.wav,train
random_stratified,2,06-01-01-02-18.wav,train
random_stratified,2,06-01-01-02-19.wav,train
random_stratified,2,06-01-01-02-20.wav,train
random_stratified,2,06-01-01-02-23.wav,train
random_stratified,2,06-01-02-01-01.wav,train
random_stratified,2,06-01-02-01-02.wav,train
random_stratified,2,06-01-02-01-03.wav,train
random_stratified,2,06-01-02-01-06.wav,train
random_stratified,2,06-01-02-01-09.wav,train
random_stratified,2,06-01-02-01-10.wav,train
random_stratified,2,06-01-02-01-11.wav,train
random_stratified,2,06-01-02-01-12.wav,train
random_stratified,2,06-01-02-01-13.wav,train
random_stratified,2,06-01-02-01-14.wav,train
random_stratified,2,06-01-02-01-15.wav,train
random_stratified,2,06-01-02-01-16.wav,train
random_stratified,2,06-01-02-01-17.wav,train
random_stratified,2,06-01-02-01-18.wav,train
random_stratified,2,06-01-02-01-20.wav,train
random_stratified,2,06-01-02-01-22.wav,train
random_stratified,2,06-01-02-01-23.wav,train
random_stratified,2,06-01-02-01-24.wav,train
random_stratified,2,06-01-02-02-04.wav,train
random_stratified,2,06-01-02-02-06.wav,train
random_stratified,2,06-01-02-02-07.wav,train
random_stratified,2,06-01-02-02-08.wav,train
random_stratified,2,06-01-02-02-09.wav,train
random_stratified,2,06-01-02-02-10.wav,train
random_stratified,2,06-01-02-02-12.wav,train
random_stratified,2,06-01-02-02-13.wav,train
random_stratified,2,06-01-02-02-14.wav,train
random_stratified,2,06-01-02-02-15.wav,train
random_stratified,2,06-01-02-02-16.wav,train
random_stratified,2,06-01-02-02-18.wav,train
random_stratified,2,06-01-02-02-19.wav,train
random_stratified,2,06-01-02-02-20.wav,train
random_stratified,2,06-01-02-02-21.wav,train
random_stratified,2,06-01-02-02-22.wav,train
random_stratified,2,06-01-02-02-24.wav,train
random_stratified,2,06-02-01-01-01.wav,train
random_stratified,2,06-02-01-01-03.wav,train
random_stratified,2,06-02-01-01-04.wav,train
random_stratified,2,06-02-01-01-05.wav,train
random_stratified,2,06-02-01-01-06.wav,train
random_stratified,2,06-02-01-01-07.wav,train
random_stratified,2,06-02-01-01-08.wav,train
random_stratified,2,06-02-01-01-09.wav,train
random_stratified,2,06-02-01-01-10.wav,train
random_stratified,2,06-02-01-01-12.wav,train
random_stratified,2,06-02-01-01-13.wav,train
random_stratified,2,06-02-01-01-15.wav,train
random_stratified,2,06-02-01-01-16.wav,train
random_stratified,2,06-02-01-01-17.wav,train
random_stratified,2,06-02-01-01-18.wav,train
random_stratified,2,06-02-01-01-20.wav,train
random_stratified,2,06-02-01-01-21.wav,train
random_stratified,2,06-02-01-01-22.wav,train
random_stratified,2,06-02-01-01-23.wav,train
random_stratified,2,06-02-01-02-01.wav,train
random_stratified,2,06-02-01-02-02.wav,train
random_stratified,2,06-02-01-02-03.wav,train
random_stratified,2,06-02-01-02-04.wav,train
random_stratified,2,06-02-01-02-06.wav,train
random_stratified,2,06-02-01-02-07.wav,train
random_stratified,2,06-02-01-02-09.wav,train
random_stratified,2,06-02-01-02-10.wav,train
random_stratified,2,06-02-01-02-11.wav,train
random_stratified,2,06-02-01-02-12.wav,train
random_stratified,2,06-02-01-02-13.wav,train
random_stratified,2,06-02-01-02-15.wav,train
random_stratified,2,06-02-01-02-16.wav,train
random_stratified,2,06-02-01-02-17.wav,train
random_stratified,2,06-02-01-02-18.wav,train
random_stratified,2,06-02-01-02-19.wav,train
random_stratified,2,06-02-01-02-20.wav,train
random_stratified,2,06-02-01-02-21.wav,train
random_stratified,2,06-02-01-02-22.wav,train
random_stratified,2,06-02-01-02-23.wav,train
random_stratified,2,06-02-01-02-24.wav,train
random_stratified,2,06-02-02-01-02.wav,train
random_stratified,2,06-02-02-01-03.wav,train
random_stratified,2,06-02-02-01-05.wav,train
random_stratified,2,06-02-02-01-06.wav,train
random_stratified,2,06-02-02-01-07.wav,train
random_stratified,2,06-02-02-01-08.wav,train
random_stratified,2,06-02-02-01-09.wav,train
random_stratified,2,06-02-02-01-10.wav,train
random_stratified,2,06-02-02-01-11.wav,train
random_stratified,2,06-02-02-01-12.wav,train
random_stratified,2,06-02-02-01-13.wav,train
random_stratified,2,06-02-02-01-14.wav,train
random_stratified,2,06-02-02-01-15.wav,train
random_stratified,2,06-02-02-01-17.wav,train
random_stratified,2,06-02-02-01-19.wav,train
random_stratified,2,06-02-02-01-20.wav,train
random_stratified,2,06-02-02-01-21.wav,train
random_stratified,2,06-02-02-01-22.wav,train
random_stratified,2,06-02-02-01-23.wav,train
random_stratified,2,06-02-02-02-01.wav,train
random_stratified,2,06-02-02-02-02.wav,train
random_stratified,2,06-02-02-02-03.wav,train
random_stratified,2,06-02-02-02-04.wav,train
random_stratified,2,06-02-02-02-05.wav,train
random_stratified,2,06-02-02-02-06.wav,train
random_stratified,2,06-02-02-02-08.wav,train
random_stratified,2,06-02-02-02-09.wav,train
random_stratified,2,06-02-02-02-10.wav,train
random_stratified,2,06-02-02-02-11.wav,train
random_stratified,2,06-02-02-02-12.wav,train
random_stratified,2,06-02-02-02-14.wav,train
random_stratified,2,06-02-02-02-15.wav,train
random_stratified,2,06-02-02-02-16.wav,train
random_stratified,2,06-02-02-02-17.wav,train
random_stratified,2,06-02-02-02-18.wav,train
random_stratified,2,06-02-02-02-19.wav,train
random_stratified,2,06-02-02-02-21.wav,train
random_stratified,2,06-02-02-02-22.wav,train
random_stratified,2,06-02-02-02-23.wav,train
random_stratified,2,06-02-02-02-24.wav,train
random_stratified,2,07-01-01-01-02.wav,train
random_stratified,2,07-01-01-01-03.wav,train
random_stratified,2,07-01-01-01-05.wav,train
random_stratified,2,07-01-01-01-07.wav,train
random_stratified,2,07-01-01-01-08.wav,train
random_stratified,2,07-01-01-01-09.wav,train
random_stratified,2,07-01-01-01-10.wav,train
random_stratified,2,07-01-01-01-11.wav,train
random_stratified,2,07-01-01-01-12.wav,train
random_stratified,2,07-01-01-01-13.wav,train
random_stratified,2,07-01-01-01-14.wav,train
random_stratified,2,07-01-01-01-15.wav,train
random_stratified,2,07-01-01-01-16.wav,train
random_stratified,2,07-01-01-01-17.wav,train
random_stratified,2,07-01-01-01-18.wav,train
random_stratified,2,07-01-01-01-19.wav,train
random_stratified,2,07-01-01-01-20.wav,train
random_stratified,2,07-01-01-01-21.wav,train
random_stratified,2,07-01-01-01-22.wav,train
random_stratified,2,07-01-01-01-24.wav,train
random_stratified,2,07-01-01-02-01.wav,train
random_stratified,2,07-01-01-02-02.wav,train
random_stratified,2,07-01-01-02-03.wav,train
random_stratified,2,07-01-01-02-05.wav,train
random_stratified,2,07-01-01-02-06.wav,train
random_stratified,2,07-01-01-02-07.wav,train
random_stratified,2,07-01-01-02-08.wav,train
random_stratified,2,07-01-01-02-09.wav,train
random_stratified,2,07-01-01-02-10.wav,train
random_stratified,2,07-01-01-02-11.wav,train
random_stratified,2,07-01-01-02-12.wav,train
random_stratified,2,07-01-01-02-13.wav,train
random_stratified,2,07-01-01-02-14.wav,train
random_stratified,2,07-01-01-02-16.wav,train
random_stratified,2,07-01-01-02-17.wav,train
random_stratified,2,07-01-01-02-18.wav,train
random_stratified,2,07-01-01-02-19.wav,train
random_stratified,2,07-01-01-02-20.wav,train
random_stratified,2,07-01-01-02-21.wav,train
random_stratified,2,07-01-01-02-22.wav,train
random_stratified,2,07-01-01-02-23.wav,train
random_stratified,2,07-01-01-02-24.wav,train
random_stratified,2,07-01-02-01-03.wav,train
random_stratified,2,07-01-02-01-04.wav,train
random_stratified,2,07-01-02-01-05.wav,train
random_stratified,2,07-01-02-01-06.wav,train
random_stratified,2,07-01-02-01-07.wav,train
random_stratified,2,07-01-02-01-08.wav,train
random_stratified,2,07-01-02-01-09.wav,train
random_stratified,2,07-01-02-01-10.wav,train
random_stratified,2,07-01-02-01-11.wav,train
random_stratified,2,07-01-02-01-12.wav,train
random_stratified,2,07-01-02-01-14.wav,train
random_stratified,2,07-01-02-01-15.wav,train
random_stratified,2,07-01-02-01-16.wav,train
random_stratified,2,07-01-02-01-17.wav,train
random_stratified,2,07-01-02-01-18.wav,train
random_stratified,2,07-01-02-01-19.wav,train
random_stratified,2,07-01-02-01-21.wav,train
random_stratified,2,07-01-02-01-22.wav,train
random_stratified,2,07-01-02-01-23.wav,train
random_stratified,2,07-01-02-01-24.wav,train
random_stratified,2,07-01-02-02-01.wav,train
random_stratified,2,07-01-02-02-02.wav,train
random_stratified,2,07-01-02-02-04.wav,train
random_stratified,2,07-01-02-02-06.wav,train
random_stratified,2,07-01-02-02-07.wav,train
random_stratified,2,07-01-02-02-08.wav,train
random_stratified,2,07-01-02-02-09.wav,train
random_stratified,2,07-01-02-02-10.wav,train
random_stratified,2,07-01-02-02-11.wav,train
random_stratified,2,07-01-02-02-12.wav,train
random_stratified,2,07-01-02-02-13.wav,train
random_stratified,2,07-01-02-02-14.wav,train
random_stratified,2,07-01-02-02-15.wav,train
random_stratified,2,07-01-02-02-16.wav,train
random_stratified,2,07-01-02-02-17.wav,train
random_stratified,2,07-01-02-02-18.wav,train
random_stratified,2,07-01-02-02-20.wav,train
random_stratified,2,07-01-02-02-21.wav,train
random_stratified,2,07-01-02-02-22.wav,train
random_stratified,2,07-01-02-02-23.wav,train
random_stratified,2,07-01-02-02-24.wav,train
random_stratified,2,07-02-01-01-02.wav,train
random_stratified,2,07-02-01-01-04.wav,train
random_stratified,2,07-02-01-01-05.wav,train
random_stratified,2,07-02-01-01-06.wav,train
random_stratified,2,07-02-01-01-07.wav,train
random_stratified,2,07-02-01-01-09.wav,train
random_stratified,2,07-02-01-01-10.wav,train
random_stratified,2,07-02-01-01-11.wav,train
random_stratified,2,07-02-01-01-12.wav,train
random_stratified,2,07-02-01-01-13.wav,train
random_stratified,2,07-02-01-01-14.wav,train
random_stratified,2,07-02-01-01-16.wav,train
random_stratified,2,07-02-01-01-19.wav,train
random_stratified,2,07-02-01-01-20.wav,train
random_stratified,2,07-02-01-01-22.wav,train
random_stratified,2,07-02-01-01-23.wav,train
random_stratified,2,07-02-01-02-01.wav,train
random_stratified,2,07-02-01-02-02.wav,train
random_stratified,2,07-02-01-02-03.wav,train
random_stratified,2,07-02-01-02-04.wav,train
random_stratified,2,07-02-01-02-06.wav,train
random_stratified,2,07-02-01-02-07.wav,train
random_stratified,2,07-02-01-02-09.wav,train
random_stratified,2,07-02-01-02-10.wav,train
random_stratified,2,07-02-01-02-11.wav,train
random_stratified,2,07-02-01-02-12.wav,train
random_stratified,2,07-02-01-02-13.wav,train
random_stratified,2,07-02-01-02-14.wav,train
random_stratified,2,07-02-01-02-15.wav,train
random_stratified,2,07-02-01-02-16.wav,train
random_stratified,2,07-02-01-02-18.wav,train
random_stratified,2,07-02-01-02-20.wav,train
random_stratified,2,07-02-01-02-22.wav,train
random_stratified,2,07-02-01-02-23.wav,train
random_stratified,2,07-02-01-02-24.wav,train
random_stratified,2,07-02-02-01-01.wav,train
random_stratified,2,07-02-02-01-03.wav,train
random_stratified,2,07-02-02-01-04.wav,train
random_stratified,2,07-02-02-01-05.wav,train
random_stratified,2,07-02-02-01-06.wav,train
random_stratified,2,07-02-02-01-07.wav,train
random_stratified,2,07-02-02-01-08.wav,train
random_stratified,2,07-02-02-01-10.wav,train
random_stratified,2,07-02-02-01-11.wav,train
random_stratified,2,07-02-02-01-12.wav,train
random_stratified,2,07-02-02-01-13.wav,train
random_stratified,2,07-02-02-01-14.wav,train
random_stratified,2,07-02-02-01-15.wav,train
random_stratified,2,07-02-02-01-16.wav,train
random_stratified,2,07-02-02-01-17.wav,train
random_stratified,2,07-02-02-01-18.wav,train
random_stratified,2,07-02-02-01-19.wav,train
random_stratified,2,07-02-02-01-20.wav,train
random_stratified,2,07-02-02-01-21.wav,train
random_stratified,2,07-02-02-01-22.wav,train
random_stratified,2,07-02-02-01-24.wav,train
random_stratified,2,07-02-02-02-01.wav,train
random_stratified,2,07-02-02-02-02.wav,train
random_stratified,2,07-02-02-02-05.wav,train
random_stratified,2,07-02-02-02-09.wav,train
random_stratified,2,07-02-02-02-12.wav,train
random_stratified,2,07-02-02-02-13.wav,train
random_stratified,2,07-02-02-02-14.wav,train
random_stratified,2,07-02-02-02-17.wav,train
random_stratified,2,07-02-02-02-19.wav,train
random_stratified,2,07-02-02-02-20.wav,train
random_stratified,2,07-02-02-02-21.wav,train
random_stratified,2,07-02-02-02-22.wav,train
random_stratified,2,07-02-02-02-23.wav,train
random_stratified,2,07-02-02-02-24.wav,train
random_stratified,2,08-01-01-01-01.wav,train
random_stratified,2,08-01-01-01-02.wav,train
random_stratified,2,08-01-01-01-03.wav,train
random_stratified,2,08-01-01-01-04.wav,train
random_stratified,2,08-01-01-01-05.wav,train
random_stratified,2,08-01-01-01-07.wav,train
random_stratified,2,08-01-01-01-08.wav,train
random_stratified,2,08-01-01-01-09.wav,train
random_stratified,2,08-01-01-01-10.wav,train
random_stratified,2,08-01-01-01-11.wav,train
random_stratified,2,08-01-01-01-12.wav,train
random_stratified,2,08-01-01-01-13.wav,train
random_stratified,2,08-01-01-01-14.wav,train
random_stratified,2,08-01-01-01-15.wav,train
random_stratified,2,08-01-01-01-17.wav,train
random_stratified,2,08-01-01-01-18.wav,train
random_stratified,2,08-01-01-01-19.wav,train
random_stratified,2,08-01-01-01-20.wav,train
random_stratified,2,08-01-01-01-22.wav,train
random_stratified,2,08-01-01-01-24.wav,train
random_stratified,2,08-01-01-02-01.wav,train
random_stratified,2,08-01-01-02-02.wav,train
random_stratified,2,08-01-01-02-03.wav,train
random_stratified,2,08-01-01-02-04.wav,train
random_stratified,2,08-01-01-02-05.wav,train
random_stratified,2,08-01-01-02-06.wav,train
random_stratified,2,08-01-01-02-07.wav,train
random_stratified,2,08-01-01-02-08.wav,train
random_stratified,2,08-01-01-02-09.wav,train
random_stratified,2,08-01-01-02-11.wav,train
random_stratified,2,08-01-01-02-13.wav,train
random_stratified,2,08-01-01-02-14.wav,train
random_stratified,2,08-01-01-02-15.wav,train
random_stratified,2,08-01-01-02-16.wav,train
random_stratified,2,08-01-01-02-18.wav,train
random_stratified,2,08-01-01-02-19.wav,train
random_stratified,2,08-01-01-02-22.wav,train
random_stratified,2,08-01-01-02-23.wav,train
random_stratified,2,08-01-01-02-24.wav,train
random_stratified,2,08-01-02-01-01.wav,train
random_stratified,2,08-01-02-01-02.wav,train
random_stratified,2,08-01-02-01-03.wav,train
random_stratified,2,08-01-02-01-04.wav,train
random_stratified,2,08-01-02-01-05.wav,train
random_stratified,2,08-01-02-01-06.wav,train
random_stratified,2,08-01-02-01-07.wav,train
random_stratified,2,08-01-02-01-08.wav,train
random_stratified,2,08-01-02-01-09.wav,train
random_stratified,2,08-01-02-01-10.wav,train
random_stratified,2,08-01-02-01-12.wav,train
random_stratified,2,08-01-02-01-14.wav,train
random_stratified,2,08-01-02-01-15.wav,train
random_stratified,2,08-01-02-01-16.wav,train
random_stratified,2,08-01-02-01-17.wav,train
random_stratified,2,08-01-02-01-18.wav,train
random_stratified,2,08-01-02-01-19.wav,train
random_stratified,2,08-01-02-01-20.wav,train
random_stratified,2,08-01-02-01-22.wav,train
random_stratified,2,08-01-02-01-23.wav,train
random_stratified,2,08-01-02-01-24.wav,train
random_stratified,2,08-01-02-02-03.wav,train
random_stratified,2,08-01-02-02-05.wav,train
random_stratified,2,08-01-02-02-07.wav,train
random_stratified,2,08-01-02-02-09.wav,train
random_stratified,2,08-01-02-02-11.wav,train
random_stratified,2,08-01-02-02-12.wav,train
random_stratified,2,08-01-02-02-13.wav,train
random_stratified,2,08-01-02-02-14.wav,train
random_stratified,2,08-01-02-02-15.wav,train
random_stratified,2,08-01-02-02-16.wav,train
random_stratified,2,08-01-02-02-17.wav,train
random_stratified,2,08-01-02-02-18.wav,train
random_stratified,2,08-01-02-02-20.wav,train
random_stratified,2,08-01-02-02-21.wav,train
random_stratified,2,08-01-02-02-22.wav,train
random_stratified,2,08-01-02-02-23.wav,train
random_stratified,2,08-01-02-02-24.wav,train
random_stratified,2,08-02-01-01-03.wav,train
random_stratified,2,08-02-01-01-04.wav,train
random_stratified,2,08-02-01-01-07.wav,train
random_stratified,2,08-02-01-01-09.wav,train
random_stratified,2,08-02-01-01-10.wav,train
random_stratified,2,08-02-01-01-11.wav,train
random_stratified,2,08-02-01-01-12.wav,train
random_stratified,2,08-02-01-01-13.wav,train
random_stratified,2,08-02-01-01-15.wav,train
random_stratified,2,08-02-01-01-16.wav,train
random_stratified,2,08-02-01-01-17.wav,train
random_stratified,2,08-02-01-01-18.wav,train
random_stratified,2,08-02-01-01-19.wav,train
random_stratified,2,08-02-01-01-20.wav,train
random_stratified,2,08-02-01-01-21.wav,train
random_stratified,2,08-02-01-01-22.wav,train
random_stratified,2,08-02-01-01-23.wav,train
random_stratified,2,08-02-01-01-24.wav,train
random_stratified,2,08-02-01-02-03.wav,train
random_stratified,2,08-02-01-02-04.wav,train
random_stratified,2,08-02-01-02-06.wav,train
random_stratified,2,08-02-01-02-07.wav,train
random_stratified,2,08-02-01-02-08.wav,train
random_stratified,2,08-02-01-02-09.wav,train
random_stratified,2,08-02-01-02-10.wav,train
random_stratified,2,08-02-01-02-11.wav,train
random_stratified,2,08-02-01-02-13.wav,train
random_stratified,2,08-02-01-02-14.wav,train
random_stratified,2,08-02-01-02-15.wav,train
random_stratified,2,08-02-01-02-16.wav,train
random_stratified,2,08-02-01-02-17.wav,train
random_stratified,2,08-02-01-02-18.wav,train
random_stratified,2,08-02-01-02-19.wav,train
random_stratified,2,08-02-01-02-20.wav,train
random_stratified,2,08-02-01-02-21.wav,train
random_stratified,2,08-02-01-02-22.wav,train
random_stratified,2,08-02-01-02-24.wav,train
random_stratified,2,08-02-02-01-02.wav,train
random_stratified,2,08-02-02-01-03.wav,train
random_stratified,2,08-02-02-01-04.wav,train
random_stratified,2,08-02-02-01-05.wav,train
random_stratified,2,08-02-02-01-07.wav,train
random_stratified,2,08-02-02-01-08.wav,train
random_stratified,2,08-02-02-01-09.wav,train
random_stratified,2,08-02-02-01-10.wav,train
random_stratified,2,08-02-02-01-11.wav,train
random_stratified,2,08-02-02-01-12.wav,train
random_stratified,2,08-02-02-01-13.wav,train
random_stratified,2,08-02-02-01-14.wav,train
random_stratified,2,08-02-02-01-15.wav,train
random_stratified,2,08-02-02-01-16.wav,train
random_stratified,2,08-02-02-01-17.wav,train
random_stratified,2,08-02-02-01-19.wav,train
random_stratified,2,08-02-02-01-21.wav,train
random_stratified,2,08-02-02-01-22.wav,train
random_stratified,2,08-02-02-01-23.wav,train
random_stratified,2,08-02-02-01-24.wav,train
random_stratified,2,08-02-02-02-01.wav,train
random_stratified,2,08-02-02-02-02.wav,train
random_stratified,2,08-02-02-02-03.wav,train
random_stratified,2,08-02-02-02-04.wav,train
random_stratified,2,08-02-02-02-05.wav,train
random_stratified,2,08-02-02-02-06.wav,train
random_stratified,2,08-02-02-02-07.wav,train
random_stratified,2,08-02-02-02-08.wav,train
random_stratified,2,08-02-02-02-09.wav,train
random_stratified,2,08-02-02-02-10.wav,train
random_stratified,2,08-02-02-02-11.wav,train
random_stratified,2,08-02-02-02-12.wav,train
random_stratified,2,08-02-02-02-13.wav,train
random_stratified,2,08-02-02-02-14.wav,train
random_stratified,2,08-02-02-02-15.wav,train
random_stratified,2,08-02-02-02-19.wav,train
random_stratified,2,08-02-02-02-20.wav,train
random_stratified,2,08-02-02-02-21.wav,train
random_stratified,2,08-02-02-02-22.wav,train
random_stratified,2,08-02-02-02-24.wav,train
random_stratified,3,01-01-01-01-09.wav,test
random_stratified,3,01-01-01-01-18.wav,test
random_stratified,3,01-01-01-01-20.wav,test
random_stratified,3,01-01-01-01-24.wav,test
random_stratified,3,01-01-01-02-06.wav,test
random_stratified,3,01-01-01-02-14.wav,test
random_stratified,3,01-01-01-02-17.wav,test
random_stratified,3,01-01-01-02-20.wav,test
random_stratified,3,01-01-02-01-01.wav,test
random_stratified,3,01-01-02-01-02.wav,test
random_stratified,3,01-01-02-01-03.wav,test
random_stratified,3,01-01-02-01-17.wav,test
random_stratified,3,01-01-02-01-18.wav,test
random_stratified,3,01-01-02-02-06.wav,test
random_stratified,3,01-01-02-02-08.wav,test
random_stratified,3,01-01-02-02-14.wav,test
random_stratified,3,01-01-02-02-16.wav,test
random_stratified,3,01-01-02-02-22.wav,test
random_stratified,3,01-01-02-02-23.wav,test
random_stratified,3,02-01-01-01-01.wav,test
random_stratified,3,02-01-01-01-04.wav,test
random_stratified,3,02-01-01-01-06.wav,test
random_stratified,3,02-01-01-01-07.wav,test
random_stratified,3,02-01-01-01-14.wav,test
random_stratified,3,02-01-01-01-16.wav,test
random_stratified,3,02-01-01-01-22.wav,test
random_stratified,3,02-01-01-01-23.wav,test
random_stratified,3,02-01-01-02-05.wav,test
random_stratified,3,02-01-01-02-09.wav,test
random_stratified,3,02-01-01-02-15.wav,test
random_stratified,3,02-01-01-02-20.wav,test
random_stratified,3,02-01-02-01-02.wav,test
random_stratified,3,02-01-02-01-09.wav,test
random_stratified,3,02-01-02-01-13.wav,test
random_stratified,3,02-01-02-01-14.wav,test
random_stratified,3,02-01-02-01-17.wav,test
random_stratified,3,02-01-02-01-21.wav,test
random_stratified,3,02-01-02-01-24.wav,test
random_stratified,3,02-01-02-02-07.wav,test
random_stratified,3,02-01-02-02-17.wav,test
random_stratified,3,02-01-02-02-18.wav,test
random_stratified,3,02-02-01-01-01.wav,test
random_stratified,3,02-02-01-01-12.wav,test
random_stratified,3,02-02-01-01-18.wav,test
random_stratified,3,02-02-01-02-01.wav,test
random_stratified,3,02-02-01-02-02.wav,test
random_stratified,3,02-02-01-02-17.wav,test
random_stratified,3,02-02-01-02-18.wav,test
random_stratified,3,02-02-01-02-21.wav,test
random_stratified,3,02-02-02-01-03.wav,test
random_stratified,3,02-02-02-01-05.wav,test
random_stratified,3,02-02-02-01-15.wav,test
random_stratified,3,02-02-02-01-20.wav,test
random_stratified,3,02-02-02-01-23.wav,test
random_stratified,3,02-02-02-01-24.wav,test
random_stratified,3,02-02-02-02-01.wav,test
random_stratified,3,02-02-02-02-19.wav,test
random_stratified,3,03-01-01-01-01.wav,test
random_stratified,3,03-01-01-01-03.wav,test
random_stratified,3,03-01-01-01-09.wav,test
random_stratified,3,03-01-01-01-11.wav,test
random_stratified,3,03-01-01-01-13.wav,test
random_stratified,3,03-01-01-01-18.wav,test
random_stratified,3,03-01-01-01-20.wav,test
random_stratified,3,03-01-01-01-24.wav,test
random_stratified,3,03-01-01-02-05.wav,test
random_stratified,3,03-01-01-02-06.wav,test
random_stratified,3,03-01-01-02-09.wav,test
random_stratified,3,03-01-01-02-11.wav,test
random_stratified,3,03-01-01-02-17.wav,test
random_stratified,3,03-01-01-02-19.wav,test
random_stratified,3,03-01-01-02-24.wav,test
random_stratified,3,03-01-02-01-01.wav,test
random_stratified,3,03-01-02-01-04.wav,test
random_stratified,3,03-01-02-01-05.wav,test
random_stratified,3,03-01-02-01-08.wav,test
random_stratified,3,03-01-02-01-11.wav,test
random_stratified,3,03-01-02-01-21.wav,test
random_stratified,3,03-01-02-01-23.wav,test
random_stratified,3,03-01-02-01-24.wav,test
random_stratified,3,03-01-02-02-08.wav,test
random_stratified,3,03-01-02-02-17.wav,test
random_stratified,3,03-01-02-02-20.wav,test
random_stratified,3,03-01-02-02-23.wav,test
random_stratified,3,03-01-02-02-24.wav,test
random_stratified,3,03-02-01-01-11.wav,test
random_stratified,3,03-02-01-01-16.wav,test
random_stratified,3,03-02-01-01-17.wav,test
random_stratified,3,03-02-01-02-12.wav,test
random_stratified,3,03-02-01-02-15.wav,test
random_stratified,3,03-02-02-01-12.wav,test
random_stratified,3,03-02-02-01-24.wav,test
random_stratified,3,03-02-02-02-01.wav,test
random_stratified,3,03-02-02-02-08.wav,test
random_stratified,3,03-02-02-02-16.wav,test
random_stratified,3,03-02-02-02-23.wav,test
random_stratified,3,04-01-01-01-11.wav,test
random_stratified,3,04-01-01-01-14.wav,test
random_stratified,3,04-01-01-01-19.wav,test
random_stratified,3,04-01-01-01-21.wav,test
random_stratified,3,04-01-01-02-03.wav,test
random_stratified,3,04-01-01-02-14.wav,test
random_stratified,3,04-01-01-02-24.wav,test
random_stratified,3,04-01-02-01-03.wav,test
random_stratified,3,04-01-02-01-04.wav,test
random_stratified,3,04-01-02-01-08.wav,test
random_stratified,3,04-01-02-01-10.wav,test
random_stratified,3,04-01-02-01-13.wav,test
random_stratified,3,04-01-02-01-17.wav,test
random_stratified,3,04-01-02-01-19.wav,test
random_stratified,3,04-01-02-01-20.wav,test
random_stratified,3,04-01-02-01-23.wav,test
random_stratified,3,04-01-02-02-02.wav,test
random_stratified,3,04-01-02-02-06.wav,test
random_stratified,3,04-01-02-02-11.wav,test
random_stratified,3,04-02-01-01-04.wav,test
random_stratified,3,04-02-01-01-12.wav,test
random_stratified,3,04-02-01-01-13.wav,test
random_stratified,3,04-02-01-01-15.wav,test
random_stratified,3,04-02-01-01-16.wav,test
random_stratified,3,04-02-01-01-21.wav,test
random_stratified,3,04-02-01-02-03.wav,test
random_stratified,3,04-02-01-02-06.wav,test
random_stratified,3,04-02-01-02-10.wav,test
random_stratified,3,04-02-01-02-15.wav,test
random_stratified,3,04-02-01-02-23.wav,test
random_stratified,3,04-02-02-01-04.wav,test
random_stratified,3,04-02-02-01-11.wav,test
random_stratified,3,04-02-02-01-12.wav,test
random_stratified,3,04-02-02-01-17.wav,test
random_stratified,3,04-02-02-01-19.wav,test
random_stratified,3,04-02-02-01-23.wav,test
random_stratified,3,04-02-02-02-07.wav,test
random_stratified,3,04-02-02-02-15.wav,test
random_stratified,3,05-01-01-01-06.wav,test
random_stratified,3,05-01-01-01-07.wav,test
random_stratified,3,05-01-01-01-09.wav,test
random_stratified,3,05-01-01-01-12.wav,test
random_stratified,3,05-01-01-01-22.wav,test
random_stratified,3,05-01-01-02-03.wav,test
random_stratified,3,05-01-01-02-08.wav,test
random_stratified,3,05-01-01-02-24.wav,test
random_stratified,3,05-01-02-01-07.wav,test
random_stratified,3,05-01-02-01-14.wav,test
random_stratified,3,05-01-02-01-15.wav,test
random_stratified,3,05-01-02-01-20.wav,test
random_stratified,3,05-01-02-02-09.wav,test
random_stratified,3,05-01-02-02-18.wav,test
random_stratified,3,05-01-02-02-22.wav,test
random_stratified,3,05-01-02-02-24.wav,test
random_stratified,3,05-02-01-01-05.wav,test
random_stratified,3,05-02-01-01-07.wav,test
random_stratified,3,05-02-01-01-12.wav,test
random_stratified,3,05-02-01-01-15.wav,test
random_stratified,3,05-02-01-01-20.wav,test
random_stratified,3,05-02-01-01-21.wav,test
random_stratified,3,05-02-01-02-01.wav,test
random_stratified,3,05-02-01-02-08.wav,test
random_stratified,3,05-02-01-02-09.wav,test
random_stratified,3,05-02-01-02-10.wav,test
random_stratified,3,05-02-01-02-23.wav,test
random_stratified,3,05-02-01-02-24.wav,test
random_stratified,3,05-02-02-01-03.wav,test
random_stratified,3,05-02-02-01-05.wav,test
random_stratified,3,05-02-02-01-11.wav,test
random_stratified,3,05-02-02-01-13.wav,test
random_stratified,3,05-02-02-01-14.wav,test
random_stratified,3,05-02-02-01-20.wav,test
random_stratified,3,05-02-02-01-22.wav,test
random_stratified,3,05-02-02-02-02.wav,test
random_stratified,3,05-02-02-02-12.wav,test
random_stratified,3,05-02-02-02-14.wav,test
random_stratified,3,05-02-02-02-18.wav,test
random_stratified,3,06-01-01-01-05.wav,test
random_stratified,3,06-01-01-01-06.wav,test
random_stratified,3,06-01-01-01-12.wav,test
random_stratified,3,06-01-01-01-16.wav,test
random_stratified,3,06-01-01-01-17.wav,test
random_stratified,3,06-01-01-01-22.wav,test
random_stratified,3,06-01-01-02-15.wav,test
random_stratified,3,06-01-01-02-16.wav,test
random_stratified,3,06-01-01-02-20.wav,test
random_stratified,3,06-01-02-01-01.wav,test
random_stratified,3,06-01-02-01-02.wav,test
random_stratified,3,06-01-02-01-03.wav,test
random_stratified,3,06-01-02-01-16.wav,test
random_stratified,3,06-01-02-01-17.wav,test
random_stratified,3,06-01-02-01-23.wav,test
random_stratified,3,06-01-02-02-07.wav,test
random_stratified,3,06-01-02-02-08.wav,test
random_stratified,3,06-01-02-02-09.wav,test
random_stratified,3,06-01-02-02-18.wav,test
random_stratified,3,06-01-02-02-22.wav,test
random_stratified,3,06-02-01-01-06.wav,test
random_stratified,3,06-02-01-01-09.wav,test
random_stratified,3,06-02-01-01-17.wav,test
random_stratified,3,06-02-01-01-18.wav,test
random_stratified,3,06-02-01-02-01.wav,test
random_stratified,3,06-02-01-02-07.wav,test
random_stratified,3,06-02-01-02-24.wav,test
random_stratified,3,06-02-02-01-02.wav,test
random_stratified,3,06-02-02-01-06.wav,test
random_stratified,3,06-02-02-01-09.wav,test
random_stratified,3,06-02-02-01-12.wav,test
random_stratified,3,06-02-02-02-06.wav,test
random_stratified,3,06-02-02-02-12.wav,test
random_stratified,3,06-02-02-02-16.wav,test
random_stratified,3,06-02-02-02-18.wav,test
random_stratified,3,06-02-02-02-19.wav,test
random_stratified,3,06-02-02-02-22.wav,test
random_stratified,3,06-02-02-02-23.wav,test
random_stratified,3,07-01-01-01-02.wav,test
random_stratified,3,07-01-01-01-07.wav,test
random_stratified,3,07-01-01-01-13.wav,test
random_stratified,3,07-01-01-01-14.wav,test
random_stratified,3,07-01-01-01-16.wav,test
random_stratified,3,07-01-01-01-20.wav,test
random_stratified,3,07-01-01-01-24.wav,test
random_stratified,3,07-01-01-02-03.wav,test
random_stratified,3,07-01-01-02-09.wav,test
random_stratified,3,07-01-01-02-10.wav,test
random_stratified,3,07-01-01-02-11.wav,test
random_stratified,3,07-01-01-02-14.wav,test
random_stratified,3,07-01-01-02-18.wav,test
random_stratified,3,07-01-02-01-12.wav,test
random_stratified,3,07-01-02-01-16.wav,test
random_stratified,3,07-01-02-01-17.wav,test
random_stratified,3,07-01-02-01-18.wav,test
random_stratified,3,07-01-02-01-19.wav,test
random_stratified,3,07-01-02-02-01.wav,test
random_stratified,3,07-01-02-02-07.wav,test
random_stratified,3,07-01-02-02-14.wav,test
random_stratified,3,07-01-02-02-23.wav,test
random_stratified,3,07-02-01-01-09.wav,test
random_stratified,3,07-02-01-02-02.wav,test
random_stratified,3,07-02-01-02-04.wav,test
random_stratified,3,07-02-01-02-07.wav,test
random_stratified,3,07-02-01-02-10.wav,test
random_stratified,3,07-02-01-02-15.wav,test
random_stratified,3,07-02-01-02-20.wav,test
random_stratified,3,07-02-01-02-22.wav,test
random_stratified,3,07-02-01-02-23.wav,test
random_stratified,3,07-02-02-01-08.wav,test
random_stratified,3,07-02-02-01-12.wav,test
random_stratified,3,07-02-02-01-17.wav,test
random_stratified,3,07-02-02-01-18.wav,test
random_stratified,3,07-02-02-02-01.wav,test
random_stratified,3,07-02-02-02-14.wav,test
random_stratified,3,07-02-02-02-21.wav,test
random_stratified,3,08-01-01-01-02.wav,test
random_stratified,3,08-01-01-01-08.wav,test
random_stratified,3,08-01-01-01-17.wav,test
random_stratified,3,08-01-01-01-20.wav,test
random_stratified,3,08-01-01-01-22.wav,test
random_stratified,3,08-01-01-01-24.wav,test
random_stratified,3,08-01-01-02-06.wav,test
random_stratified,3,08-01-01-02-13.wav,test
random_stratified,3,08-01-01-02-22.wav,test
random_stratified,3,08-01-02-01-02.wav,test
random_stratified,3,08-01-02-01-03.wav,test
random_stratified,3,08-01-02-01-07.wav,test
random_stratified,3,08-01-02-01-09.wav,test
random_stratified,3,08-01-02-01-10.wav,test
random_stratified,3,08-01-02-01-20.wav,test
random_stratified,3,08-01-02-01-22.wav,test
random_stratified,3,08-01-02-02-05.wav,test
random_stratified,3,08-01-02-02-09.wav,test
random_stratified,3,08-01-02-02-17.wav,test
random_stratified,3,08-02-01-01-07.wav,test
random_stratified,3,08-02-01-01-12.wav,test
random_stratified,3,08-02-01-01-13.wav,test
random_stratified,3,08-02-01-01-15.wav,test
random_stratified,3,08-02-01-01-20.wav,test
random_stratified,3,08-02-01-01-21.wav,test
random_stratified,3,08-02-01-01-22.wav,test
random_stratified,3,08-02-01-01-23.wav,test
random_stratified,3,08-02-01-02-14.wav,test
random_stratified,3,08-02-01-02-16.wav,test
random_stratified,3,08-02-02-01-15.wav,test
random_stratified,3,08-02-02-01-22.wav,test
random_stratified,3,08-02-02-01-23.wav,test
random_stratified,3,08-02-02-02-01.wav,test
random_stratified,3,08-02-02-02-03.wav,test
random_stratified,3,08-02-02-02-04.wav,test
random_stratified,3,08-02-02-02-07.wav,test
random_stratified,3,08-02-02-02-14.wav,test
random_stratified,3,08-02-02-02-15.wav,test
random_stratified,3,08-02-02-02-24.wav,test
random_stratified,3,01-01-01-01-01.wav,train
random_stratified,3,01-01-01-01-02.wav,train
random_stratified,3,01-01-01-01-03.wav,train
random_stratified,3,01-01-01-01-04.wav,train
random_stratified,3,01-01-01-01-05.wav,train
random_stratified,3,01-01-01-01-06.wav,train
random_stratified,3,01-01-01-01-07.wav,train
random_stratified,3,01-01-01-01-08.wav,train
random_stratified,3,01-01-01-01-10.wav,train
random_stratified,3,01-01-01-01-11.wav,train
random_stratified,3,01-01-01-01-12.wav,train
random_stratified,3,01-01-01-01-13.wav,train
random_stratified,3,01-01-01-01-14.wav,train
random_stratified,3,01-01-01-01-15.wav,train
random_stratified,3,01-01-01-01-16.wav,train
random_stratified,3,01-01-01-01-17.wav,train
random_stratified,3,01-01-01-01-19.wav,train
random_stratified,3,01-01-01-01-21.wav,train
random_stratified,3,01-01-01-01-22.wav,train
random_stratified,3,01-01-01-01-23.wav,train
random_stratified,3,01-01-01-02-01.wav,train
random_stratified,3,01-01-01-02-02.wav,train
random_stratified,3,01-01-01-02-03.wav,train
random_stratified,3,01-01-01-02-04.wav,train
random_stratified,3,01-01-01-02-05.wav,train
random_stratified,3,01-01-01-02-07.wav,train
random_stratified,3,01-01-01-02-08.wav,train
random_stratified,3,01-01-01-02-09.wav,train
random_stratified,3,01-01-01-02-10.wav,train
random_stratified,3,01-01-01-02-11.wav,train
random_stratified,3,01-01-01-02-12.wav,train
random_stratified,3,01-01-01-02-13.wav,train
random_stratified,3,01-01-01-02-15.wav,train
random_stratified,3,01-01-01-02-16.wav,train
random_stratified,3,01-01-01-02-18.wav,train
random_stratified,3,01-01-01-02-19.wav,train
random_stratified,3,01-01-01-02-21.wav,train
random_stratified,3,01-01-01-02-22.wav,train
random_stratified,3,01-01-01-02-23.wav,train
random_stratified,3,01-01-01-02-24.wav,train
random_stratified,3,01-01-02-01-04.wav,train
random_stratified,3,01-01-02-01-05.wav,train
random_stratified,3,01-01-02-01-06.wav,train
random_stratified,3,01-01-02-01-07.wav,train
random_stratified,3,01-01-02-01-08.wav,train
random_stratified,3,01-01-02-01-09.wav,train
random_stratified,3,01-01-02-01-10.wav,train
random_stratified,3,01-01-02-01-11.wav,train
random_stratified,3,01-01-02-01-12.wav,train
random_stratified,3,01-01-02-01-13.wav,train
random_stratified,3,01-01-02-01-14.wav,train
random_stratified,3,01-01-02-01-15.wav,train
random_stratified,3,01-01-02-01-16.wav,train
random_stratified,3,01-01-02-01-19.wav,train
random_stratified,3,01-01-02-01-20.wav,train
random_stratified,3,01-01-02-01-21.wav,train
random_stratified,3,01-01-02-01-22.wav,train
random_stratified,3,01-01-02-01-23.wav,train
random_stratified,3,01-01-02-01-24.wav,train
random_stratified,3,01-01-02-02-01.wav,train
random_stratified,3,01-01-02-02-02.wav,train
random_stratified,3,01-01-02-02-03.wav,train
random_stratified,3,01-01-02-02-04.wav,train
random_stratified,3,01-01-02-02-05.wav,train
random_stratified,3,01-01-02-02-07.wav,train
random_stratified,3,01-01-02-02-09.wav,train
random_stratified,3,01-01-02-02-10.wav,train
random_stratified,3,01-01-02-02-11.wav,train
random_stratified,3,01-01-02-02-12.wav,train
random_stratified,3,01-01-02-02-13.wav,train
random_stratified,3,01-01-02-02-15.wav,train
random_stratified,3,01-01-02-02-17.wav,train
random_stratified,3,01-01-02-02-18.wav,train
random_stratified,3,01-01-02-02-19.wav,train
random_stratified,3,01-01-02-02-20.wav,train
random_stratified,3,01-01-02-02-21.wav,train
random_stratified,3,01-01-02-02-24.wav,train
random_stratified,3,02-01-01-01-02.wav,train
random_stratified,3,02-01-01-01-03.wav,train
random_stratified,3,02-01-01-01-05.wav,train
random_stratified,3,02-01-01-01-08.wav,train
random_stratified,3,02-01-01-01-09.wav,train
random_stratified,3,02-01-01-01-10.wav,train
random_stratified,3,02-01-01-01-11.wav,train
random_stratified,3,02-01-01-01-12.wav,train
random_stratified,3,02-01-01-01-13.wav,train
random_stratified,3,02-01-01-01-15.wav,train
random_stratified,3,02-01-01-01-17.wav,train
random_stratified,3,02-01-01-01-18.wav,train
random_stratified,3,02-01-01-01-19.wav,train
random_stratified,3,02-01-01-01-20.wav,train
random_stratified,3,02-01-01-01-21.wav,train
random_stratified,3,02-01-01-01-24.wav,train
random_stratified,3,02-01-01-02-01.wav,train
random_stratified,3,02-01-01-02-02.wav,train
random_stratified,3,02-01-01-02-03.wav,train
random_stratified,3,02-01-01-02-04.wav,train
random_stratified,3,02-01-01-02-06.wav,train
random_stratified,3,02-01-01-02-07.wav,train
random_stratified,3,02-01-01-02-08.wav,train
random_stratified,3,02-01-01-02-10.wav,train
random_stratified,3,02-01-01-02-11.wav,train
random_stratified,3,02-01-01-02-12.wav,train
random_stratified,3,02-01-01-02-13.wav,train
random_stratified,3,02-01-01-02-14.wav,train
random_stratified,3,02-01-01-02-16.wav,train
random_stratified,3,02-01-01-02-17.wav,train
random_stratified,3,02-01-01-02-18.wav,train
random_stratified,3,02-01-01-02-19.wav,train
random_stratified,3,02-01-01-02-21.wav,train
random_stratified,3,02-01-01-02-22.wav,train
random_stratified,3,02-01-01-02-23.wav,train
random_stratified,3,02-01-01-02-24.wav,train
random_stratified,3,02-01-02-01-01.wav,train
random_stratified,3,02-01-02-01-03.wav,train
random_stratified,3,02-01-02-01-04.wav,train
random_stratified,3,02-01-02-01-05.wav,train
random_stratified,3,02-01-02-01-06.wav,train
random_stratified,3,02-01-02-01-07.wav,train
random_stratified,3,02-01-02-01-08.wav,train
random_stratified,3,02-01-02-01-10.wav,train
random_stratified,3,02-01-02-01-11.wav,train
random_stratified,3,02-01-02-01-12.wav,train
random_stratified,3,02-01-02-01-15.wav,train
random_stratified,3,02-01-02-01-16.wav,train
random_stratified,3,02-01-02-01-18.wav,train
random_stratified,3,02-01-02-01-19.wav,train
random_stratified,3,02-01-02-01-20.wav,train
random_stratified,3,02-01-02-01-22.wav,train
random_stratified,3,02-01-02-01-23.wav,train
random_stratified,3,02-01-02-02-01.wav,train
random_stratified,3,02-01-02-02-02.wav,train
random_stratified,3,02-01-02-02-03.wav,train
random_stratified,3,02-01-02-02-04.wav,train
random_stratified,3,02-01-02-02-05.wav,train
random_stratified,3,02-01-02-02-06.wav,train
random_stratified,3,02-01-02-02-08.wav,train
random_stratified,3,02-01-02-02-09.wav,train
random_stratified,3,02-01-02-02-10.wav,train
random_stratified,3,02-01-02-02-11.wav,train
random_stratified,3,02-01-02-02-12.wav,train
random_stratified,3,02-01-02-02-13.wav,train
random_stratified,3,02-01-02-02-14.wav,train
random_stratified,3,02-01-02-02-15.wav,train
random_stratified,3,02-01-02-02-16.wav,train
random_stratified,3,02-01-02-02-19.wav,train
random_stratified,3,02-01-02-02-20.wav,train
random_stratified,3,02-01-02-02-21.wav,train
random_stratified,3,02-01-02-02-22.wav,train
random_stratified,3,02-01-02-02-23.wav,train
random_stratified,3,02-01-02-02-24.wav,train
random_stratified,3,02-02-01-01-02.wav,train
random_stratified,3,02-02-01-01-03.wav,train
random_stratified,3,02-02-01-01-04.wav,train
random_stratified,3,02-02-01-01-05.wav,train
random_stratified,3,02-02-01-01-06.wav,train
random_stratified,3,02-02-01-01-07.wav,train
random_stratified,3,02-02-01-01-08.wav,train
random_stratified,3,02-02-01-01-09.wav,train
random_stratified,3,02-02-01-01-10.wav,train
random_stratified,3,02-02-01-01-11.wav,train
random_stratified,3,02-02-01-01-13.wav,train
random_stratified,3,02-02-01-01-14.wav,train
random_stratified,3,02-02-01-01-15.wav,train
random_stratified,3,02-02-01-01-16.wav,train
random_stratified,3,02-02-01-01-17.wav,train
random_stratified,3,02-02-01-01-19.wav,train
random_stratified,3,02-02-01-01-20.wav,train
random_stratified,3,02-02-01-01-21.wav,train
random_stratified,3,02-02-01-01-22.wav,train
random_stratified,3,02-02-01-01-23.wav,train
random_stratified,3,02-02-01-01-24.wav,train
random_stratified,3,02-02-01-02-03.wav,train
random_stratified,3,02-02-01-02-04.wav,train
random_stratified,3,02-02-01-02-05.wav,train
random_stratified,3,02-02-01-02-06.wav,train
random_stratified,3,02-02-01-02-07.wav,train
random_stratified,3,02-02-01-02-08.wav,train
random_stratified,3,02-02-01-02-09.wav,train
random_stratified,3,02-02-01-02-10.wav,train
random_stratified,3,02-02-01-02-11.wav,train
random_stratified,3,02-02-01-02-12.wav,train
random_stratified,3,02-02-01-02-13.wav,train
random_stratified,3,02-02-01-02-14.wav,train
random_stratified,3,02-02-01-02-15.wav,train
random_stratified,3,02-02-01-02-16.wav,train
random_stratified,3,02-02-01-02-19.wav,train
random_stratified,3,02-02-01-02-20.wav,train
random_stratified,3,02-02-01-02-22.wav,train
random_stratified,3,02-02-01-02-23.wav,train
random_stratified,3,02-02-01-02-24.wav,train
random_stratified,3,02-02-02-01-01.wav,train
random_stratified,3,02-02-02-01-02.wav,train
random_stratified,3,02-02-02-01-04.wav,train
random_stratified,3,02-02-02-01-06.wav,train
random_stratified,3,02-02-02-01-07.wav,train
random_stratified,3,02-02-02-01-08.wav,train
random_stratified,3,02-02-02-01-09.wav,train
random_stratified,3,02-02-02-01-10.wav,train
random_stratified,3,02-02-02-01-11.wav,train
random_stratified,3,02-02-02-01-12.wav,train
random_stratified,3,02-02-02-01-13.wav,train
random_stratified,3,02-02-02-01-14.wav,train
random_stratified,3,02-02-02-01-16.wav,train
random_stratified,3,02-02-02-01-17.wav,train
random_stratified,3,02-02-02-01-18.wav,train
random_stratified,3,02-02-02-01-19.wav,train
random_stratified,3,02-02-02-01-21.wav,train
random_stratified,3,02-02-02-01-22.wav,train
random_stratified,3,02-02-02-02-02.wav,train
random_stratified,3,02-02-02-02-03.wav,train
random_stratified,3,02-02-02-02-04.wav,train
random_stratified,3,02-02-02-02-05.wav,train
random_stratified,3,02-02-02-02-06.wav,train
random_stratified,3,02-02-02-02-07.wav,train
random_stratified,3,02-02-02-02-08.wav,train
random_stratified,3,02-02-02-02-09.wav,train
random_stratified,3,02-02-02-02-10.wav,train
random_stratified,3,02-02-02-02-11.wav,train
random_stratified,3,02-02-02-02-12.wav,train
random_stratified,3,02-02-02-02-13.wav,train
random_stratified,3,02-02-02-02-14.wav,train
random_stratified,3,02-02-02-02-15.wav,train
random_stratified,3,02-02-02-02-16.wav,train
random_stratified,3,02-02-02-02-17.wav,train
random_stratified,3,02-02-02-02-18.wav,train
random_stratified,3,02-02-02-02-20.wav,train
random_stratified,3,02-02-02-02-21.wav,train
random_stratified,3,02-02-02-02-22.wav,train
random_stratified,3,02-02-02-02-23.wav,train
random_stratified,3,02-02-02-02-24.wav,train
random_stratified,3,03-01-01-01-02.wav,train
random_stratified,3,03-01-01-01-04.wav,train
random_stratified,3,03-01-01-01-05.wav,train
random_stratified,3,03-01-01-01-06.wav,train
random_stratified,3,03-01-01-01-07.wav,train
random_stratified,3,03-01-01-01-08.wav,train
random_stratified,3,03-01-01-01-10.wav,train
random_stratified,3,03-01-01-01-12.wav,train
random_stratified,3,03-01-01-01-14.wav,train
random_stratified,3,03-01-01-01-15.wav,train
random_stratified,3,03-01-01-01-16.wav,train
random_stratified,3,03-01-01-01-17.wav,train
random_stratified,3,03-01-01-01-19.wav,train
random_stratified,3,03-01-01-01-21.wav,train
random_stratified,3,03-01-01-01-22.wav,train
random_stratified,3,03-01-01-01-23.wav,train
random_stratified,3,03-01-01-02-01.wav,train
random_stratified,3,03-01-01-02-02.wav,train
random_stratified,3,03-01-01-02-03.wav,train
random_stratified,3,03-01-01-02-04.wav,train
random_stratified,3,03-01-01-02-07.wav,train
random_stratified,3,03-01-01-02-08.wav,train
random_stratified,3,03-01-01-02-10.wav,train
random_stratified,3,03-01-01-02-12.wav,train
random_stratified,3,03-01-01-02-13.wav,train
random_stratified,3,03-01-01-02-14.wav,train
random_stratified,3,03-01-01-02-15.wav,train
random_stratified,3,03-01-01-02-16.wav,train
random_stratified,3,03-01-01-02-18.wav,train
random_stratified,3,03-01-01-02-20.wav,train
random_stratified,3,03-01-01-02-21.wav,train
random_stratified,3,03-01-01-02-22.wav,train
random_stratified,3,03-01-01-02-23.wav,train
random_stratified,3,03-01-02-01-02.wav,train
random_stratified,3,03-01-02-01-03.wav,train
random_stratified,3,03-01-02-01-06.wav,train
random_stratified,3,03-01-02-01-07.wav,train
random_stratified,3,03-01-02-01-09.wav,train
random_stratified,3,03-01-02-01-10.wav,train
random_stratified,3,03-01-02-01-12.wav,train
random_stratified,3,03-01-02-01-13.wav,train
random_stratified,3,03-01-02-01-14.wav,train
random_stratified,3,03-01-02-01-15.wav,train
random_stratified,3,03-01-02-01-16.wav,train
random_stratified,3,03-01-02-01-17.wav,train
random_stratified,3,03-01-02-01-18.wav,train
random_stratified,3,03-01-02-01-19.wav,train
random_stratified,3,03-01-02-01-20.wav,train
random_stratified,3,03-01-02-01-22.wav,train
random_stratified,3,03-01-02-02-01.wav,train
random_stratified,3,03-01-02-02-02.wav,train
random_stratified,3,03-01-02-02-03.wav,train
random_stratified,3,03-01-02-02-04.wav,train
random_stratified,3,03-01-02-02-05.wav,train
random_stratified,3,03-01-02-02-06.wav,train
random_stratified,3,03-01-02-02-07.wav,train
random_stratified,3,03-01-02-02-09.wav,train
random_stratified,3,03-01-02-02-10.wav,train
random_stratified,3,03-01-02-02-11.wav,train
random_stratified,3,03-01-02-02-12.wav,train
random_stratified,3,03-01-02-02-13.wav,train
random_stratified,3,03-01-02-02-14.wav,train
random_stratified,3,03-01-02-02-15.wav,train
random_stratified,3,03-01-02-02-16.wav,train
random_stratified,3,03-01-02-02-18.wav,train
random_stratified,3,03-01-02-02-19.wav,train
random_stratified,3,03-01-02-02-21.wav,train
random_stratified,3,03-01-02-02-22.wav,train
random_stratified,3,03-02-01-01-01.wav,train
random_stratified,3,03-02-01-01-02.wav,train
random_stratified,3,03-02-01-01-03.wav,train
random_stratified,3,03-02-01-01-04.wav,train
random_stratified,3,03-02-01-01-05.wav,train
random_stratified,3,03-02-01-01-06.wav,train
random_stratified,3,03-02-01-01-07.wav,train
random_stratified,3,03-02-01-01-08.wav,train
random_stratified,3,03-02-01-01-09.wav,train
random_stratified,3,03-02-01-01-10.wav,train
random_stratified,3,03-02-01-01-12.wav,train
random_stratified,3,03-02-01-01-13.wav,train
random_stratified,3,03-02-01-01-14.wav,train
random_stratified,3,03-02-01-01-15.wav,train
random_stratified,3,03-02-01-01-18.wav,train
random_stratified,3,03-02-01-01-19.wav,train
random_stratified,3,03-02-01-01-20.wav,train
random_stratified,3,03-02-01-01-21.wav,train
random_stratified,3,03-02-01-01-22.wav,train
random_stratified,3,03-02-01-01-23.wav,train
random_stratified,3,03-02-01-01-24.wav,train
random_stratified,3,03-02-01-02-01.wav,train
random_stratified,3,03-02-01-02-02.wav,train
random_stratified,3,03-02-01-02-03.wav,train
random_stratified,3,03-02-01-02-04.wav,train
random_stratified,3,03-02-01-02-05.wav,train
random_stratified,3,03-02-01-02-06.wav,train
random_stratified,3,03-02-01-02-07.wav,train
random_stratified,3,03-02-01-02-08.wav,train
random_stratified,3,03-02-01-02-09.wav,train
random_stratified,3,03-02-01-02-10.wav,train
random_stratified,3,03-02-01-02-11.wav,train
random_stratified,3,03-02-01-02-13.wav,train
random_stratified,3,03-02-01-02-14.wav,train
random_stratified,3,03-02-01-02-16.wav,train
random_stratified,3,03-02-01-02-17.wav,train
random_stratified,3,03-02-01-02-18.wav,train
random_stratified,3,03-02-01-02-19.wav,train
random_stratified,3,03-02-01-02-20.wav,train
random_stratified,3,03-02-01-02-21.wav,train
random_stratified,3,03-02-01-02-22.wav,train
random_stratified,3,03-02-01-02-23.wav,train
random_stratified,3,03-02-01-02-24.wav,train
random_stratified,3,03-02-02-01-01.wav,train
random_stratified,3,03-02-02-01-02.wav,train
random_stratified,3,03-02-02-01-03.wav,train
random_stratified,3,03-02-02-01-04.wav,train
random_stratified,3,03-02-02-01-05.wav,train
random_stratified,3,03-02-02-01-06.wav,train
random_stratified,3,03-02-02-01-07.wav,train
random_stratified,3,03-02-02-01-08.wav,train
random_stratified,3,03-02-02-01-09.wav,train
random_stratified,3,03-02-02-01-10.wav,train
random_stratified,3,03-02-02-01-11.wav,train
random_stratified,3,03-02-02-01-13.wav,train
random_stratified,3,03-02-02-01-14.wav,train
random_stratified,3,03-02-02-01-15.wav,train
random_stratified,3,03-02-02-01-16.wav,train
random_stratified,3,03-02-02-01-17.wav,train
random_stratified,3,03-02-02-01-18.wav,train
random_stratified,3,03-02-02-01-19.wav,train
random_stratified,3,03-02-02-01-20.wav,train
random_stratified,3,03-02-02-01-21.wav,train
random_stratified,3,03-02-02-01-22.wav,train
random_stratified,3,03-02-02-01-23.wav,train
random_stratified,3,03-02-02-02-02.wav,train
random_stratified,3,03-02-02-02-03.wav,train
random_stratified,3,03-02-02-02-04.wav,train
random_stratified,3,03-02-02-02-05.wav,train
random_stratified,3,03-02-02-02-06.wav,train
random_stratified,3,03-02-02-02-07.wav,train
random_stratified,3,03-02-02-02-09.wav,train
random_stratified,3,03-02-02-02-10.wav,train
random_stratified,3,03-02-02-02-11.wav,train
random_stratified,3,03-02-02-02-12.wav,train
random_stratified,3,03-02-02-02-13.wav,train
random_stratified,3,03-02-02-02-14.wav,train
random_stratified,3,03-02-02-02-15.wav,train
random_stratified,3,03-02-02-02-17.wav,train
random_stratified,3,03-02-02-02-18.wav,train
random_stratified,3,03-02-02-02-19.wav,train
random_stratified,3,03-02-02-02-20.wav,train
random_stratified,3,03-02-02-02-21.wav,train
random_stratified,3,03-02-02-02-22.wav,train
random_stratified,3,03-02-02-02-24.wav,train
random_stratified,3,04-01-01-01-01.wav,train
random_stratified,3,04-01-01-01-02.wav,train
random_stratified,3,04-01-01-01-03.wav,train
random_stratified,3,04-01-01-01-04.wav,train
random_stratified,3,04-01-01-01-05.wav,train
random_stratified,3,04-01-01-01-06.wav,train
random_stratified,3,04-01-01-01-07.wav,train
random_stratified,3,04-01-01-01-08.wav,train
random_stratified,3,04-01-01-01-09.wav,train
random_stratified,3,04-01-01-01-10.wav,train
random_stratified,3,04-01-01-01-12.wav,train
random_stratified,3,04-01-01-01-13.wav,train
random_stratified,3,04-01-01-01-15.wav,train
random_stratified,3,04-01-01-01-16.wav,train
random_stratified,3,04-01-01-01-17.wav,train
random_stratified,3,04-01-01-01-18.wav,train
random_stratified,3,04-01-01-01-20.wav,train
random_stratified,3,04-01-01-01-22.wav,train
random_stratified,3,04-01-01-01-23.wav,train
random_stratified,3,04-01-01-01-24.wav,train
random_stratified,3,04-01-01-02-01.wav,train
random_stratified,3,04-01-01-02-02.wav,train
random_stratified,3,04-01-01-02-04.wav,train
random_stratified,3,04-01-01-02-05.wav,train
random_stratified,3,04-01-01-02-06.wav,train
random_stratified,3,04-01-01-02-07.wav,train
random_stratified,3,04-01-01-02-08.wav,train
random_stratified,3,04-01-01-02-09.wav,train
random_stratified,3,04-01-01-02-10.wav,train
random_stratified,3,04-01-01-02-11.wav,train
random_stratified,3,04-01-01-02-12.wav,train
random_stratified,3,04-01-01-02-13.wav,train
random_stratified,3,04-01-01-02-15.wav,train
random_stratified,3,04-01-01-02-16.wav,train
random_stratified,3,04-01-01-02-17.wav,train
random_stratified,3,04-01-01-02-18.wav,train
random_stratified,3,04-01-01-02-19.wav,train
random_stratified,3,04-01-01-02-20.wav,train
random_stratified,3,04-01-01-02-21.wav,train
random_stratified,3,04-01-01-02-22.wav,train
random_stratified,3,04-01-01-02-23.wav,train
random_stratified,3,04-01-02-01-01.wav,train
random_stratified,3,04-01-02-01-02.wav,train
random_stratified,3,04-01-02-01-05.wav,train
random_stratified,3,04-01-02-01-06.wav,train
random_stratified,3,04-01-02-01-07.wav,train
random_stratified,3,04-01-02-01-09.wav,train
random_stratified,3,04-01-02-01-11.wav,train
random_stratified,3,04-01-02-01-12.wav,train
random_stratified,3,04-01-02-01-14.wav,train
random_stratified,3,04-01-02-01-15.wav,train
random_stratified,3,04-01-02-01-16.wav,train
random_stratified,3,04-01-02-01-18.wav,train
random_stratified,3,04-01-02-01-21.wav,train
random_stratified,3,04-01-02-01-22.wav,train
random_stratified,3,04-01-02-01-24.wav,train
random_stratified,3,04-01-02-02-01.wav,train
random_stratified,3,04-01-02-02-03.wav,train
random_stratified,3,04-01-02-02-04.wav,train
random_stratified,3,04-01-02-02-05.wav,train
random_stratified,3,04-01-02-02-07.wav,train
random_stratified,3,04-01-02-02-08.wav,train
random_stratified,3,04-01-02-02-09.wav,train
random_stratified,3,04-01-02-02-10.wav,train
random_stratified,3,04-01-02-02-12.wav,train
random_stratified,3,04-01-02-02-13.wav,train
random_stratified,3,04-01-02-02-14.wav,train
random_stratified,3,04-01-02-02-15.wav,train
random_stratified,3,04-01-02-02-16.wav,train
random_stratified,3,04-01-02-02-17.wav,train
random_stratified,3,04-01-02-02-18.wav,train
random_stratified,3,04-01-02-02-19.wav,train
random_stratified,3,04-01-02-02-20.wav,train
random_stratified,3,04-01-02-02-21.wav,train
random_stratified,3,04-01-02-02-22.wav,train
random_stratified,3,04-01-02-02-23.wav,train
random_stratified,3,04-01-02-02-24.wav,train
random_stratified,3,04-02-01-01-01.wav,train
random_stratified,3,04-02-01-01-02.wav,train
random_stratified,3,04-02-01-01-03.wav,train
random_stratified,3,04-02-01-01-05.wav,train
random_stratified,3,04-02-01-01-06.wav,train
random_stratified,3,04-02-01-01-07.wav,train
random_stratified,3,04-02-01-01-08.wav,train
random_stratified,3,04-02-01-01-09.wav,train
random_stratified,3,04-02-01-01-10.wav,train
random_stratified,3,04-02-01-01-11.wav,train
random_stratified,3,04-02-01-01-14.wav,train
random_stratified,3,04-02-01-01-17.wav,train
random_stratified,3,04-02-01-01-18.wav,train
random_stratified,3,04-02-01-01-19.wav,train
random_stratified,3,04-02-01-01-20.wav,train
random_stratified,3,04-02-01-01-22.wav,train
random_stratified,3,04-02-01-01-23.wav,train
random_stratified,3,04-02-01-01-24.wav,train
random_stratified,3,04-02-01-02-01.wav,train
random_stratified,3,04-02-01-02-02.wav,train
random_stratified,3,04-02-01-02-04.wav,train
random_stratified,3,04-02-01-02-05.wav,train
random_stratified,3,04-02-01-02-07.wav,train
random_stratified,3,04-02-01-02-08.wav,train
random_stratified,3,04-02-01-02-09.wav,train
random_stratified,3,04-02-01-02-11.wav,train
random_stratified,3,04-02-01-02-12.wav,train
random_stratified,3,04-02-01-02-13.wav,train
random_stratified,3,04-02-01-02-14.wav,train
random_stratified,3,04-02-01-02-16.wav,train
random_stratified,3,04-02-01-02-17.wav,train
random_stratified,3,04-02-01-02-18.wav,train
random_stratified,3,04-02-01-02-19.wav,train
random_stratified,3,04-02-01-02-20.wav,train
random_stratified,3,04-02-01-02-21.wav,train
random_stratified,3,04-02-01-02-22.wav,train
random_stratified,3,04-02-01-02-24.wav,train
random_stratified,3,04-02-02-01-01.wav,train
random_stratified,3,04-02-02-01-02.wav,train
random_stratified,3,04-02-02-01-03.wav,train
random_stratified,3,04-02-02-01-05.wav,train
random_stratified,3,04-02-02-01-06.wav,train
random_stratified,3,04-02-02-01-07.wav,train
random_stratified,3,04-02-02-01-08.wav,train
random_stratified,3,04-02-02-01-09.wav,train
random_stratified,3,04-02-02-01-10.wav,train
random_stratified,3,04-02-02-01-13.wav,train
random_stratified,3,04-02-02-01-14.wav,train
random_stratified,3,04-02-02-01-15.wav,train
random_stratified,3,04-02-02-01-16.wav,train
random_stratified,3,04-02-02-01-18.wav,train
random_stratified,3,04-02-02-01-20.wav,train
random_stratified,3,04-02-02-01-21.wav,train
random_stratified,3,04-02-02-01-22.wav,train
random_stratified,3,04-02-02-01-24.wav,train
random_stratified,3,04-02-02-02-01.wav,train
random_stratified,3,04-02-02-02-02.wav,train
random_stratified,3,04-02-02-02-03.wav,train
random_stratified,3,04-02-02-02-04.wav,train
random_stratified,3,04-02-02-02-05.wav,train
random_stratified,3,04-02-02-02-06.wav,train
random_stratified,3,04-02-02-02-08.wav,train
random_stratified,3,04-02-02-02-09.wav,train
random_stratified,3,04-02-02-02-10.wav,train
random_stratified,3,04-02-02-02-11.wav,train
random_stratified,3,04-02-02-02-12.wav,train
random_stratified,3,04-02-02-02-13.wav,train
random_stratified,3,04-02-02-02-14.wav,train
random_stratified,3,04-02-02-02-16.wav,train
random_stratified,3,04-02-02-02-17.wav,train
random_stratified,3,04-02-02-02-18.wav,train
random_stratified,3,04-02-02-02-19.wav,train
random_stratified,3,04-02-02-02-20.wav,train
random_stratified,3,04-02-02-02-21.wav,train
random_stratified,3,04-02-02-02-22.wav,train
random_stratified,3,04-02-02-02-23.wav,train
random_stratified,3,04-02-02-02-24.wav,train
random_stratified,3,05-01-01-01-01.wav,train
random_stratified,3,05-01-01-01-02.wav,train
random_stratified,3,05-01-01-01-03.wav,train
random_stratified,3,05-01-01-01-04.wav,train
random_stratified,3,05-01-01-01-05.wav,train
random_stratified,3,05-01-01-01-08.wav,train
random_stratified,3,05-01-01-01-10.wav,train
random_stratified,3,05-01-01-01-11.wav,train
random_stratified,3,05-01-01-01-13.wav,train
random_stratified,3,05-01-01-01-14.wav,train
random_stratified,3,05-01-01-01-15.wav,train
random_stratified,3,05-01-01-01-16.wav,train
random_stratified,3,05-01-01-01-17.wav,train
random_stratified,3,05-01-01-01-18.wav,train
random_stratified,3,05-01-01-01-19.wav,train
random_stratified,3,05-01-01-01-20.wav,train
random_stratified,3,05-01-01-01-21.wav,train
random_stratified,3,05-01-01-01-23.wav,train
random_stratified,3,05-01-01-01-24.wav,train
random_stratified,3,05-01-01-02-01.wav,train
random_stratified,3,05-01-01-02-02.wav,train
random_stratified,3,05-01-01-02-04.wav,train
random_stratified,3,05-01-01-02-05.wav,train
random_stratified,3,05-01-01-02-06.wav,train
random_stratified,3,05-01-01-02-07.wav,train
random_stratified,3,05-01-01-02-09.wav,train
random_stratified,3,05-01-01-02-10.wav,train
random_stratified,3,05-01-01-02-11.wav,train
random_stratified,3,05-01-01-02-12.wav,train
random_stratified,3,05-01-01-02-13.wav,train
random_stratified,3,05-01-01-02-14.wav,train
random_stratified,3,05-01-01-02-15.wav,train
random_stratified,3,05-01-01-02-16.wav,train
random_stratified,3,05-01-01-02-17.wav,train
random_stratified,3,05-01-01-02-18.wav,train
random_stratified,3,05-01-01-02-19.wav,train
random_stratified,3,05-01-01-02-20.wav,train
random_stratified,3,05-01-01-02-21.wav,train
random_stratified,3,05-01-01-02-22.wav,train
random_stratified,3,05-01-01-02-23.wav,train
random_stratified,3,05-01-02-01-01.wav,train
random_stratified,3,05-01-02-01-02.wav,train
random_stratified,3,05-01-02-01-03.wav,train
random_stratified,3,05-01-02-01-04.wav,train
random_stratified,3,05-01-02-01-05.wav,train
random_stratified,3,05-01-02-01-06.wav,train
random_stratified,3,05-01-02-01-08.wav,train
random_stratified,3,05-01-02-01-09.wav,train
random_stratified,3,05-01-02-01-10.wav,train
random_stratified,3,05-01-02-01-11.wav,train
random_stratified,3,05-01-02-01-12.wav,train
random_stratified,3,05-01-02-01-13.wav,train
random_stratified,3,05-01-02-01-16.wav,train
random_stratified,3,05-01-02-01-17.wav,train
random_stratified,3,05-01-02-01-18.wav,train
random_stratified,3,05-01-02-01-19.wav,train
random_stratified,3,05-01-02-01-21.wav,train
random_stratified,3,05-01-02-01-22.wav,train
random_stratified,3,05-01-02-01-23.wav,train
random_stratified,3,05-01-02-01-24.wav,train
random_stratified,3,05-01-02-02-01.wav,train
random_stratified,3,05-01-02-02-02.wav,train
random_stratified,3,05-01-02-02-03.wav,train
random_stratified,3,05-01-02-02-04.wav,train
random_stratified,3,05-01-02-02-05.wav,train
random_stratified,3,05-01-02-02-06.wav,train
random_stratified,3,05-01-02-02-07.wav,train
random_stratified,3,05-01-02-02-08.wav,train
random_stratified,3,05-01-02-02-10.wav,train
random_stratified,3,05-01-02-02-11.wav,train
random_stratified,3,05-01-02-02-12.wav,train
random_stratified,3,05-01-02-02-13.wav,train
random_stratified,3,05-01-02-02-14.wav,train
random_stratified,3,05-01-02-02-15.wav,train
random_stratified,3,05-01-02-02-16.wav,train
random_stratified,3,05-01-02-02-17.wav,train
random_stratified,3,05-01-02-02-19.wav,train
random_stratified,3,05-01-02-02-20.wav,train
random_stratified,3,05-01-02-02-21.wav,train
random_stratified,3,05-01-02-02-23.wav,train
random_stratified,3,05-02-01-01-01.wav,train
random_stratified,3,05-02-01-01-02.wav,train
random_stratified,3,05-02-01-01-03.wav,train
random_stratified,3,05-02-01-01-04.wav,train
random_stratified,3,05-02-01-01-06.wav,train
random_stratified,3,05-02-01-01-08.wav,train
random_stratified,3,05-02-01-01-09.wav,train
random_stratified,3,05-02-01-01-10.wav,train
random_stratified,3,05-02-01-01-11.wav,train
random_stratified,3,05-02-01-01-13.wav,train
random_stratified,3,05-02-01-01-14.wav,train
random_stratified,3,05-02-01-01-16.wav,train
random_stratified,3,05-02-01-01-17.wav,train
random_stratified,3,05-02-01-01-18.wav,train
random_stratified,3,05-02-01-01-19.wav,train
random_stratified,3,05-02-01-01-22.wav,train
random_stratified,3,05-02-01-01-23.wav,train
random_stratified,3,05-02-01-01-24.wav,train
random_stratified,3,05-02-01-02-02.wav,train
random_stratified,3,05-02-01-02-03.wav,train
random_stratified,3,05-02-01-02-04.wav,train
random_stratified,3,05-02-01-02-05.wav,train
random_stratified,3,05-02-01-02-06.wav,train
random_stratified,3,05-02-01-02-07.wav,train
random_stratified,3,05-02-01-02-11.wav,train
random_stratified,3,05-02-01-02-12.wav,train
random_stratified,3,05-02-01-02-13.wav,train
random_stratified,3,05-02-01-02-14.wav,train
random_stratified,3,05-02-01-02-15.wav,train
random_stratified,3,05-02-01-02-16.wav,train
random_stratified,3,05-02-01-02-17.wav,train
random_stratified,3,05-02-01-02-18.wav,train
random_stratified,3,05-02-01-02-19.wav,train
random_stratified,3,05-02-01-02-20.wav,train
random_stratified,3,05-02-01-02-21.wav,train
random_stratified,3,05-02-01-02-22.wav,train
random_stratified,3,05-02-02-01-01.wav,train
random_stratified,3,05-02-02-01-02.wav,train
random_stratified,3,05-02-02-01-04.wav,train
random_stratified,3,05-02-02-01-06.wav,train
random_stratified,3,05-02-02-01-07.wav,train
random_stratified,3,05-02-02-01-08.wav,train
random_stratified,3,05-02-02-01-09.wav,train
random_stratified,3,05-02-02-01-10.wav,train
random_stratified,3,05-02-02-01-12.wav,train
random_stratified,3,05-02-02-01-15.wav,train
random_stratified,3,05-02-02-01-16.wav,train
random_stratified,3,05-02-02-01-17.wav,train
random_stratified,3,05-02-02-01-18.wav,train
random_stratified,3,05-02-02-01-19.wav,train
random_stratified,3,05-02-02-01-21.wav,train
random_stratified,3,05-02-02-01-23.wav,train
random_stratified,3,05-02-02-01-24.wav,train
random_stratified,3,05-02-02-02-01.wav,train
random_stratified,3,05-02-02-02-03.wav,train
random_stratified,3,05-02-02-02-04.wav,train
random_stratified,3,05-02-02-02-05.wav,train
random_stratified,3,05-02-02-02-06.wav,train
random_stratified,3,05-02-02-02-07.wav,train
random_stratified,3,05-02-02-02-08.wav,train
random_stratified,3,05-02-02-02-09.wav,train
random_stratified,3,05-02-02-02-10.wav,train
random_stratified,3,05-02-02-02-11.wav,train
random_stratified,3,05-02-02-02-13.wav,train
random_stratified,3,05-02-02-02-15.wav,train
random_stratified,3,05-02-02-02-16.wav,train
random_stratified,3,05-02-02-02-17.wav,train
random_stratified,3,05-02-02-02-19.wav,train
random_stratified,3,05-02-02-02-20.wav,train
random_stratified,3,05-02-02-02-21.wav,train
random_stratified,3,05-02-02-02-22.wav,train
random_stratified,3,05-02-02-02-23.wav,train
random_stratified,3,05-02-02-02-24.wav,train
random_stratified,3,06-01-01-01-01.wav,train
random_stratified,3,06-01-01-01-02.wav,train
random_stratified,3,06-01-01-01-03.wav,train
random_stratified,3,06-01-01-01-04.wav,train
random_stratified,3,06-01-01-01-07.wav,train
random_stratified,3,06-01-01-01-08.wav,train
random_stratified,3,06-01-01-01-09.wav,train
random_stratified,3,06-01-01-01-10.wav,train
random_stratified,3,06-01-01-01-11.wav,train
random_stratified,3,06-01-01-01-13.wav,train
random_stratified,3,06-01-01-01-14.wav,train
random_stratified,3,06-01-01-01-15.wav,train
random_stratified,3,06-01-01-01-18.wav,train
random_stratified,3,06-01-01-01-19.wav,train
random_stratified,3,06-01-01-01-20.wav,train
random_stratified,3,06-01-01-01-21.wav,train
random_stratified,3,06-01-01-01-23.wav,train
random_stratified,3,06-01-01-01-24.wav,train
random_stratified,3,06-01-01-02-01.wav,train
random_stratified,3,06-01-01-02-02.wav,train
random_stratified,3,06-01-01-02-03.wav,train
random_stratified,3,06-01-01-02-04.wav,train
random_stratified,3,06-01-01-02-05.wav,train
random_stratified,3,06-01-01-02-06.wav,train
random_stratified,3,06-01-01-02-07.wav,train
random_stratified,3,06-01-01-02-08.wav,train
random_stratified,3,06-01-01-02-09.wav,train
random_stratified,3,06-01-01-02-10.wav,train
random_stratified,3,06-01-01-02-11.wav,train
random_stratified,3,06-01-01-02-12.wav,train
random_stratified,3,06-01-01-02-13.wav,train
random_stratified,3,06-01-01-02-14.wav,train
random_stratified,3,06-01-01-02-17.wav,train
random_stratified,3,06-01-01-02-18.wav,train
random_stratified,3,06-01-01-02-19.wav,train
random_stratified,3,06-01-01-02-21.wav,train
random_stratified,3,06-01-01-02-22.wav,train
random_stratified,3,06-01-01-02-23.wav,train
random_stratified,3,06-01-01-02-24.wav,train
random_stratified,3,06-01-02-01-04.wav,train
random_stratified,3,06-01-02-01-05.wav,train
random_stratified,3,06-01-02-01-06.wav,train
random_stratified,3,06-01-02-01-07.wav,train
random_stratified,3,06-01-02-01-08.wav,train
random_stratified,3,06-01-02-01-09.wav,train
random_stratified,3,06-01-02-01-10.wav,train
random_stratified,3,06-01-02-01-11.wav,train
random_stratified,3,06-01-02-01-12.wav,train
random_stratified,3,06-01-02-01-13.wav,train
random_stratified,3,06-01-02-01-14.wav,train
random_stratified,3,06-01-02-01-15.wav,train
random_stratified,3,06-01-02-01-18.wav,train
random_stratified,3,06-01-02-01-19.wav,train
random_stratified,3,06-01-02-01-20.wav,train
random_stratified,3,06-01-02-01-21.wav,train
random_stratified,3,06-01-02-01-22.wav,train
random_stratified,3,06-01-02-01-24.wav,train
random_stratified,3,06-01-02-02-01.wav,train
random_stratified,3,06-01-02-02-02.wav,train
random_stratified,3,06-01-02-02-03.wav,train
random_stratified,3,06-01-02-02-04.wav,train
random_stratified,3,06-01-02-02-05.wav,train
random_stratified,3,06-01-02-02-06.wav,train
random_stratified,3,06-01-02-02-10.wav,train
random_stratified,3,06-01-02-02-11.wav,train
random_stratified,3,06-01-02-02-12.wav,train
random_stratified,3,06-01-02-02-13.wav,train
random_stratified,3,06-01-02-02-14.wav,train
random_stratified,3,06-01-02-02-15.wav,train
random_stratified,3,06-01-02-02-16.wav,train
random_stratified,3,06-01-02-02-17.wav,train
random_stratified,3,06-01-02-02-19.wav,train
random_stratified,3,06-01-02-02-20.wav,train
random_stratified,3,06-01-02-02-21.wav,train
random_stratified,3,06-01-02-02-23.wav,train
random_stratified,3,06-01-02-02-24.wav,train
random_stratified,3,06-02-01-01-01.wav,train
random_stratified,3,06-02-01-01-02.wav,train
random_stratified,3,06-02-01-01-03.wav,train
random_stratified,3,06-02-01-01-04.wav,train
random_stratified,3,06-02-01-01-05.wav,train
random_stratified,3,06-02-01-01-07.wav,train
random_stratified,3,06-02-01-01-08.wav,train
random_stratified,3,06-02-01-01-10.wav,train
random_stratified,3,06-02-01-01-11.wav,train
random_stratified,3,06-02-01-01-12.wav,train
random_stratified,3,06-02-01-01-13.wav,train
random_stratified,3,06-02-01-01-14.wav,train
random_stratified,3,06-02-01-01-15.wav,train
random_stratified,3,06-02-01-01-16.wav,train
random_stratified,3,06-02-01-01-19.wav,train
random_stratified,3,06-02-01-01-20.wav,train
random_stratified,3,06-02-01-01-21.wav,train
random_stratified,3,06-02-01-01-22.wav,train
random_stratified,3,06-02-01-01-23.wav,train
random_stratified,3,06-02-01-01-24.wav,train
random_stratified,3,06-02-01-02-02.wav,train
random_stratified,3,06-02-01-02-03.wav,train
random_stratified,3,06-02-01-02-04.wav,train
random_stratified,3,06-02-01-02-05.wav,train
random_stratified,3,06-02-01-02-06.wav,train
random_stratified,3,06-02-01-02-08.wav,train
random_stratified,3,06-02-01-02-09.wav,train
random_stratified,3,06-02-01-02-10.wav,train
random_stratified,3,06-02-01-02-11.wav,train
random_stratified,3,06-02-01-02-12.wav,train
random_stratified,3,06-02-01-02-13.wav,train
random_stratified,3,06-02-01-02-14.wav,train
random_stratified,3,06-02-01-02-15.wav,train
random_stratified,3,06-02-01-02-16.wav,train
random_stratified,3,06-02-01-02-17.wav,train
random_stratified,3,06-02-01-02-18.wav,train
random_stratified,3,06-02-01-02-19.wav,train
random_stratified,3,06-02-01-02-20.wav,train
random_stratified,3,06-02-01-02-21.wav,train
random_stratified,3,06-02-01-02-22.wav,train
random_stratified,3,06-02-01-02-23.wav,train
random_stratified,3,06-02-02-01-01.wav,train
random_stratified,3,06-02-02-01-03.wav,train
random_stratified,3,06-02-02-01-04.wav,train
random_stratified,3,06-02-02-01-05.wav,train
random_stratified,3,06-02-02-01-07.wav,train
random_stratified,3,06-02-02-01-08.wav,train
random_stratified,3,06-02-02-01-10.wav,train
random_stratified,3,06-02-02-01-11.wav,train
random_stratified,3,06-02-02-01-13.wav,train
random_stratified,3,06-02-02-01-14.wav,train
random_stratified,3,06-02-02-01-15.wav,train
random_stratified,3,06-02-02-01-16.wav,train
random_stratified,3,06-02-02-01-17.wav,train
random_stratified,3,06-02-02-01-18.wav,train
random_stratified,3,06-02-02-01-19.wav,train
random_stratified,3,06-02-02-01-20.wav,train
random_stratified,3,06-02-02-01-21.wav,train
random_stratified,3,06-02-02-01-22.wav,train
random_stratified,3,06-02-02-01-23.wav,train
random_stratified,3,06-02-02-01-24.wav,train
random_stratified,3,06-02-02-02-01.wav,train
random_stratified,3,06-02-02-02-02.wav,train
random_stratified,3,06-02-02-02-03.wav,train
random_stratified,3,06-02-02-02-04.wav,train
random_stratified,3,06-02-02-02-05.wav,train
random_stratified,3,06-02-02-02-07.wav,train
random_stratified,3,06-02-02-02-08.wav,train
random_stratified,3,06-02-02-02-09.wav,train
random_stratified,3,06-02-02-02-10.wav,train
random_stratified,3,06-02-02-02-11.wav,train
random_stratified,3,06-02-02-02-13.wav,train
random_stratified,3,06-02-02-02-14.wav,train
random_stratified,3,06-02-02-02-15.wav,train
random_stratified,3,06-02-02-02-17.wav,train
random_stratified,3,06-02-02-02-20.wav,train
random_stratified,3,06-02-02-02-21.wav,train
random_stratified,3,06-02-02-02-24.wav,train
random_stratified,3,07-01-01-01-01.wav,train
random_stratified,3,07-01-01-01-03.wav,train
random_stratified,3,07-01-01-01-04.wav,train
random_stratified,3,07-01-01-01-05.wav,train
random_stratified,3,07-01-01-01-06.wav,train
random_stratified,3,07-01-01-01-08.wav,train
random_stratified,3,07-01-01-01-09.wav,train
random_stratified,3,07-01-01-01-10.wav,train
random_stratified,3,07-01-01-01-11.wav,train
random_stratified,3,07-01-01-01-12.wav,train
random_stratified,3,07-01-01-01-15.wav,train
random_stratified,3,07-01-01-01-17.wav,train
random_stratified,3,07-01-01-01-18.wav,train
random_stratified,3,07-01-01-01-19.wav,train
random_stratified,3,07-01-01-01-21.wav,train
random_stratified,3,07-01-01-01-22.wav,train
random_stratified,3,07-01-01-01-23.wav,train
random_stratified,3,07-01-01-02-01.wav,train
random_stratified,3,07-01-01-02-02.wav,train
random_stratified,3,07-01-01-02-04.wav,train
random_stratified,3,07-01-01-02-05.wav,train
random_stratified,3,07-01-01-02-06.wav,train
random_stratified,3,07-01-01-02-07.wav,train
random_stratified,3,07-01-01-02-08.wav,train
random_stratified,3,07-01-01-02-12.wav,train
random_stratified,3,07-01-01-02-13.wav,train
random_stratified,3,07-01-01-02-15.wav,train
random_stratified,3,07-01-01-02-16.wav,train
random_stratified,3,07-01-01-02-17.wav,train
random_stratified,3,07-01-01-02-19.wav,train
random_stratified,3,07-01-01-02-20.wav,train
random_stratified,3,07-01-01-02-21.wav,train
random_stratified,3,07-01-01-02-22.wav,train
random_stratified,3,07-01-01-02-23.wav,train
random_stratified,3,07-01-01-02-24.wav,train
random_stratified,3,07-01-02-01-01.wav,train
random_stratified,3,07-01-02-01-02.wav,train
random_stratified,3,07-01-02-01-03.wav,train
random_stratified,3,07-01-02-01-04.wav,train
random_stratified,3,07-01-02-01-05.wav,train
random_stratified,3,07-01-02-01-06.wav,train
random_stratified,3,07-01-02-01-07.wav,train
random_stratified,3,07-01-02-01-08.wav,train
random_stratified,3,07-01-02-01-09.wav,train
random_stratified,3,07-01-02-01-10.wav,train
random_stratified,3,07-01-02-01-11.wav,train
random_stratified,3,07-01-02-01-13.wav,train
random_stratified,3,07-01-02-01-14.wav,train
random_stratified,3,07-01-02-01-15.wav,train
random_stratified,3,07-01-02-01-20.wav,train
random_stratified,3,07-01-02-01-21.wav,train
random_stratified,3,07-01-02-01-22.wav,train
random_stratified,3,07-01-02-01-23.wav,train
random_stratified,3,07-01-02-01-24.wav,train
random_stratified,3,07-01-02-02-02.wav,train
random_stratified,3,07-01-02-02-03.wav,train
random_stratified,3,07-01-02-02-04.wav,train
random_stratified,3,07-01-02-02-05.wav,train
random_stratified,3,07-01-02-02-06.wav,train
random_stratified,3,07-01-02-02-08.wav,train
random_stratified,3,07-01-02-02-09.wav,train
random_stratified,3,07-01-02-02-10.wav,train
random_stratified,3,07-01-02-02-11.wav,train
random_stratified,3,07-01-02-02-12.wav,train
random_stratified,3,07-01-02-02-13.wav,train
random_stratified,3,07-01-02-02-15.wav,train
random_stratified,3,07-01-02-02-16.wav,train
random_stratified,3,07-01-02-02-17.wav,train
random_stratified,3,07-01-02-02-18.wav,train
random_stratified,3,07-01-02-02-19.wav,train
random_stratified,3,07-01-02-02-20.wav,train
random_stratified,3,07-01-02-02-21.wav,train
random_stratified,3,07-01-02-02-22.wav,train
random_stratified,3,07-01-02-02-24.wav,train
random_stratified,3,07-02-01-01-01.wav,train
random_stratified,3,07-02-01-01-02.wav,train
random_stratified,3,07-02-01-01-03.wav,train
random_stratified,3,07-02-01-01-04.wav,train
random_stratified,3,07-02-01-01-05.wav,train
random_stratified,3,07-02-01-01-06.wav,train
random_stratified,3,07-02-01-01-07.wav,train
random_stratified,3,07-02-01-01-08.wav,train
random_stratified,3,07-02-01-01-10.wav,train
random_stratified,3,07-02-01-01-11.wav,train
random_stratified,3,07-02-01-01-12.wav,train
random_stratified,3,07-02-01-01-13.wav,train
random_stratified,3,07-02-01-01-14.wav,train
random_stratified,3,07-02-01-01-15.wav,train
random_stratified,3,07-02-01-01-16.wav,train
random_stratified,3,07-02-01-01-17.wav,train
random_stratified,3,07-02-01-01-18.wav,train
random_stratified,3,07-02-01-01-19.wav,train
random_stratified,3,07-02-01-01-20.wav,train
random_stratified,3,07-02-01-01-21.wav,train
random_stratified,3,07-02-01-01-22.wav,train
random_stratified,3,07-02-01-01-23.wav,train
random_stratified,3,07-02-01-01-24.wav,train
random_stratified,3,07-02-01-02-01.wav,train
random_stratified,3,07-02-01-02-03.wav,train
random_stratified,3,07-02-01-02-05.wav,train
random_stratified,3,07-02-01-02-06.wav,train
random_stratified,3,07-02-01-02-08.wav,train
random_stratified,3,07-02-01-02-09.wav,train
random_stratified,3,07-02-01-02-11.wav,train
random_stratified,3,07-02-01-02-12.wav,train
random_stratified,3,07-02-01-02-13.wav,train
random_stratified,3,07-02-01-02-14.wav,train
random_stratified,3,07-02-01-02-16.wav,train
random_stratified,3,07-02-01-02-17.wav,train
random_stratified,3,07-02-01-02-18.wav,train
random_stratified,3,07-02-01-02-19.wav,train
random_stratified,3,07-02-01-02-21.wav,train
random_stratified,3,07-02-01-02-24.wav,train
random_stratified,3,07-02-02-01-01.wav,train
random_stratified,3,07-02-02-01-02.wav,train
random_stratified,3,07-02-02-01-03.wav,train
random_stratified,3,07-02-02-01-04.wav,train
random_stratified,3,07-02-02-01-05.wav,train
random_stratified,3,07-02-02-01-06.wav,train
random_stratified,3,07-02-02-01-07.wav,train
random_stratified,3,07-02-02-01-09.wav,train
random_stratified,3,07-02-02-01-10.wav,train
random_stratified,3,07-02-02-01-11.wav,train
random_stratified,3,07-02-02-01-13.wav,train
random_stratified,3,07-02-02-01-14.wav,train
random_stratified,3,07-02-02-01-15.wav,train
random_stratified,3,07-02-02-01-16.wav,train
random_stratified,3,07-02-02-01-19.wav,train
random_stratified,3,07-02-02-01-20.wav,train
random_stratified,3,07-02-02-01-21.wav,train
random_stratified,3,07-02-02-01-22.wav,train
random_stratified,3,07-02-02-01-23.wav,train
random_stratified,3,07-02-02-01-24.wav,train
random_stratified,3,07-02-02-02-02.wav,train
random_stratified,3,07-02-02-02-03.wav,train
random_stratified,3,07-02-02-02-04.wav,train
random_stratified,3,07-02-02-02-05.wav,train
random_stratified,3,07-02-02-02-06.wav,train
random_stratified,3,07-02-02-02-07.wav,train
random_stratified,3,07-02-02-02-08.wav,train
random_stratified,3,07-02-02-02-09.wav,train
random_stratified,3,07-02-02-02-10.wav,train
random_stratified,3,07-02-02-02-11.wav,train
random_stratified,3,07-02-02-02-12.wav,train
random_stratified,3,07-02-02-02-13.wav,train
random_stratified,3,07-02-02-02-15.wav,train
random_stratified,3,07-02-02-02-16.wav,train
random_stratified,3,07-02-02-02-17.wav,train
random_stratified,3,07-02-02-02-18.wav,train
random_stratified,3,07-02-02-02-19.wav,train
random_stratified,3,07-02-02-02-20.wav,train
random_stratified,3,07-02-02-02-22.wav,train
random_stratified,3,07-02-02-02-23.wav,train
random_stratified,3,07-02-02-02-24.wav,train
random_stratified,3,08-01-01-01-01.wav,train
random_stratified,3,08-01-01-01-03.wav,train
random_stratified,3,08-01-01-01-04.wav,train
random_stratified,3,08-01-01-01-05.wav,train
random_stratified,3,08-01-01-01-06.wav,train
random_stratified,3,08-01-01-01-07.wav,train
random_stratified,3,08-01-01-01-09.wav,train
random_stratified,3,08-01-01-01-10.wav,train
random_stratified,3,08-01-01-01-11.wav,train
random_stratified,3,08-01-01-01-12.wav,train
random_stratified,3,08-01-01-01-13.wav,train
random_stratified,3,08-01-01-01-14.wav,train
random_stratified,3,08-01-01-01-15.wav,train
random_stratified,3,08-01-01-01-16.wav,train
random_stratified,3,08-01-01-01-18.wav,train
random_stratified,3,08-01-01-01-19.wav,train
random_stratified,3,08-01-01-01-21.wav,train
random_stratified,3,08-01-01-01-23.wav,train
random_stratified,3,08-01-01-02-01.wav,train
random_stratified,3,08-01-01-02-02.wav,train
random_stratified,3,08-01-01-02-03.wav,train
random_stratified,3,08-01-01-02-04.wav,train
random_stratified,3,08-01-01-02-05.wav,train
random_stratified,3,08-01-01-02-07.wav,train
random_stratified,3,08-01-01-02-08.wav,train
random_stratified,3,08-01-01-02-09.wav,train
random_stratified,3,08-01-01-02-10.wav,train
random_stratified,3,08-01-01-02-11.wav,train
random_stratified,3,08-01-01-02-12.wav,train
random_stratified,3,08-01-01-02-14.wav,train
random_stratified,3,08-01-01-02-15.wav,train
random_stratified,3,08-01-01-02-16.wav,train
random_stratified,3,08-01-01-02-17.wav,train
random_stratified,3,08-01-01-02-18.wav,train
random_stratified,3,08-01-01-02-19.wav,train
random_stratified,3,08-01-01-02-20.wav,train
random_stratified,3,08-01-01-02-21.wav,train
random_stratified,3,08-01-01-02-23.wav,train
random_stratified,3,08-01-01-02-24.wav,train
random_stratified,3,08-01-02-01-01.wav,train
random_stratified,3,08-01-02-01-04.wav,train
random_stratified,3,08-01-02-01-05.wav,train
random_stratified,3,08-01-02-01-06.wav,train
random_stratified,3,08-01-02-01-08.wav,train
random_stratified,3,08-01-02-01-11.wav,train
random_stratified,3,08-01-02-01-12.wav,train
random_stratified,3,08-01-02-01-13.wav,train
random_stratified,3,08-01-02-01-14.wav,train
random_stratified,3,08-01-02-01-15.wav,train
random_stratified,3,08-01-02-01-16.wav,train
random_stratified,3,08-01-02-01-17.wav,train
random_stratified,3,08-01-02-01-18.wav,train
random_stratified,3,08-01-02-01-19.wav,train
random_stratified,3,08-01-02-01-21.wav,train
random_stratified,3,08-01-02-01-23.wav,train
random_stratified,3,08-01-02-01-24.wav,train
random_stratified,3,08-01-02-02-01.wav,train
random_stratified,3,08-01-02-02-02.wav,train
random_stratified,3,08-01-02-02-03.wav,train
random_stratified,3,08-01-02-02-04.wav,train
random_stratified,3,08-01-02-02-06.wav,train
random_stratified,3,08-01-02-02-07.wav,train
random_stratified,3,08-01-02-02-08.wav,train
random_stratified,3,08-01-02-02-10.wav,train
random_stratified,3,08-01-02-02-11.wav,train
random_stratified,3,08-01-02-02-12.wav,train
random_stratified,3,08-01-02-02-13.wav,train
random_stratified,3,08-01-02-02-14.wav,train
random_stratified,3,08-01-02-02-15.wav,train
random_stratified,3,08-01-02-02-16.wav,train
random_stratified,3,08-01-02-02-18.wav,train
random_stratified,3,08-01-02-02-19.wav,train
random_stratified,3,08-01-02-02-20.wav,train
random_stratified,3,08-01-02-02-21.wav,train
random_stratified,3,08-01-02-02-22.wav,train
random_stratified,3,08-01-02-02-23.wav,train
random_stratified,3,08-01-02-02-24.wav,train
random_stratified,3,08-02-01-01-01.wav,train
random_stratified,3,08-02-01-01-02.wav,train
random_stratified,3,08-02-01-01-03.wav,train
random_stratified,3,08-02-01-01-04.wav,train
random_stratified,3,08-02-01-01-05.wav,train
random_stratified,3,08-02-01-01-06.wav,train
random_stratified,3,08-02-01-01-08.wav,train
random_stratified,3,08-02-01-01-09.wav,train
random_stratified,3,08-02-01-01-10.wav,train
random_stratified,3,08-02-01-01-11.wav,train
random_stratified,3,08-02-01-01-14.wav,train
random_stratified,3,08-02-01-01-16.wav,train
random_stratified,3,08-02-01-01-17.wav,train
random_stratified,3,08-02-01-01-18.wav,train
random_stratified,3,08-02-01-01-19.wav,train
random_stratified,3,08-02-01-01-24.wav,train
random_stratified,3,08-02-01-02-01.wav,train
random_stratified,3,08-02-01-02-02.wav,train
random_stratified,3,08-02-01-02-03.wav,train
random_stratified,3,08-02-01-02-04.wav,train
random_stratified,3,08-02-01-02-05.wav,train
random_stratified,3,08-02-01-02-06.wav,train
random_stratified,3,08-02-01-02-07.wav,train
random_stratified,3,08-02-01-02-08.wav,train
random_stratified,3,08-02-01-02-09.wav,train
random_stratified,3,08-02-01-02-10.wav,train
random_stratified,3,08-02-01-02-11.wav,train
random_stratified,3,08-02-01-02-12.wav,train
random_stratified,3,08-02-01-02-13.wav,train
random_stratified,3,08-02-01-02-15.wav,train
random_stratified,3,08-02-01-02-17.wav,train
random_stratified,3,08-02-01-02-18.wav,train
random_stratified,3,08-02-01-02-19.wav,train
random_stratified,3,08-02-01-02-20.wav,train
random_stratified,3,08-02-01-02-21.wav,train
random_stratified,3,08-02-01-02-22.wav,train
random_stratified,3,08-02-01-02-23.wav,train
random_stratified,3,08-02-01-02-24.wav,train
random_stratified,3,08-02-02-01-01.wav,train
random_stratified,3,08-02-02-01-02.wav,train
random_stratified,3,08-02-02-01-03.wav,train
random_stratified,3,08-02-02-01-04.wav,train
random_stratified,3,08-02-02-01-05.wav,train
random_stratified,3,08-02-02-01-06.wav,train
random_stratified,3,08-02-02-01-07.wav,train
random_stratified,3,08-02-02-01-08.wav,train
random_stratified,3,08-02-02-01-09.wav,train
random_stratified,3,08-02-02-01-10.wav,train
random_stratified,3,08-02-02-01-11.wav,train
random_stratified,3,08-02-02-01-12.wav,train
random_stratified,3,08-02-02-01-13.wav,train
random_stratified,3,08-02-02-01-14.wav,train
random_stratified,3,08-02-02-01-16.wav,train
random_stratified,3,08-02-02-01-17.wav,train
random_stratified,3,08-02-02-01-18.wav,train
random_stratified,3,08-02-02-01-19.wav,train
random_stratified,3,08-02-02-01-20.wav,train
random_stratified,3,08-02-02-01-21.wav,train
random_stratified,3,08-02-02-01-24.wav,train
random_stratified,3,08-02-02-02-02.wav,train
random_stratified,3,08-02-02-02-05.wav,train
random_stratified,3,08-02-02-02-06.wav,train
random_stratified,3,08-02-02-02-08.wav,train
random_stratified,3,08-02-02-02-09.wav,train
random_stratified,3,08-02-02-02-10.wav,train
random_stratified,3,08-02-02-02-11.wav,train
random_stratified,3,08-02-02-02-12.wav,train
random_stratified,3,08-02-02-02-13.wav,train
random_stratified,3,08-02-02-02-16.wav,train
random_stratified,3,08-02-02-02-17.wav,train
random_stratified,3,08-02-02-02-18.wav,train
random_stratified,3,08-02-02-02-19.wav,train
random_stratified,3,08-02-02-02-20.wav,train
random_stratified,3,08-02-02-02-21.wav,train
random_stratified,3,08-02-02-02-22.wav,train
random_stratified,3,08-02-02-02-23.wav,train
random_stratified,4,01-01-01-01-01.wav,test
random_stratified,4,01-01-01-01-07.wav,test
random_stratified,4,01-01-01-01-12.wav,test
random_stratified,4,01-01-01-01-19.wav,test
random_stratified,4,01-01-01-01-23.wav,test
random_stratified,4,01-01-01-02-01.wav,test
random_stratified,4,01-01-01-02-02.wav,test
random_stratified,4,01-01-01-02-11.wav,test
random_stratified,4,01-01-01-02-15.wav,test
random_stratified,4,01-01-01-02-23.wav,test
random_stratified,4,01-01-02-01-12.wav,test
random_stratified,4,01-01-02-01-20.wav,test
random_stratified,4,01-01-02-01-22.wav,test
random_stratified,4,01-01-02-01-24.wav,test
random_stratified,4,01-01-02-02-01.wav,test
random_stratified,4,01-01-02-02-05.wav,test
random_stratified,4,01-01-02-02-15.wav,test
random_stratified,4,01-01-02-02-17.wav,test
random_stratified,4,01-01-02-02-19.wav,test
random_stratified,4,02-01-01-01-08.wav,test
random_stratified,4,02-01-01-01-13.wav,test
random_stratified,4,02-01-01-01-17.wav,test
random_stratified,4,02-01-01-01-20.wav,test
random_stratified,4,02-01-01-02-08.wav,test
random_stratified,4,02-01-01-02-10.wav,test
random_stratified,4,02-01-01-02-12.wav,test
random_stratified,4,02-01-01-02-14.wav,test
random_stratified,4,02-01-01-02-16.wav,test
random_stratified,4,02-01-01-02-17.wav,test
random_stratified,4,02-01-01-02-19.wav,test
random_stratified,4,02-01-02-01-06.wav,test
random_stratified,4,02-01-02-01-07.wav,test
random_stratified,4,02-01-02-01-20.wav,test
random_stratified,4,02-01-02-01-23.wav,test
random_stratified,4,02-01-02-02-01.wav,test
random_stratified,4,02-01-02-02-02.wav,test
random_stratified,4,02-01-02-02-05.wav,test
random_stratified,4,02-01-02-02-06.wav,test
random_stratified,4,02-01-02-02-11.wav,test
random_stratified,4,02-01-02-02-16.wav,test
random_stratified,4,02-01-02-02-23.wav,test
random_stratified,4,02-02-01-01-06.wav,test
random_stratified,4,02-02-01-01-09.wav,test
random_stratified,4,02-02-01-01-14.wav,test
random_stratified,4,02-02-01-01-22.wav,test
random_stratified,4,02-02-01-01-24.wav,test
random_stratified,4,02-02-01-02-04.wav,test
random_stratified,4,02-02-01-02-05.wav,test
random_stratified,4,02-02-01-02-07.wav,test
random_stratified,4,02-02-01-02-13.wav,test
random_stratified,4,02-02-01-02-15.wav,test
random_stratified,4,02-02-01-02-24.wav,test
random_stratified,4,02-02-02-01-18.wav,test
random_stratified,4,02-02-02-01-21.wav,test
random_stratified,4,02-02-02-02-03.wav,test
random_stratified,4,02-02-02-02-07.wav,test
random_stratified,4,02-02-02-02-10.wav,test
random_stratified,4,03-01-01-01-16.wav,test
random_stratified,4,03-01-01-01-23.wav,test
random_stratified,4,03-01-01-02-01.wav,test
random_stratified,4,03-01-01-02-04.wav,test
random_stratified,4,03-01-01-02-22.wav,test
random_stratified,4,03-01-02-01-03.wav,test
random_stratified,4,03-01-02-01-10.wav,test
random_stratified,4,03-01-02-01-12.wav,test
random_stratified,4,03-01-02-01-16.wav,test
random_stratified,4,03-01-02-01-17.wav,test
random_stratified,4,03-01-02-01-18.wav,test
random_stratified,4,03-01-02-01-19.wav,test
random_stratified,4,03-01-02-01-22.wav,test
random_stratified,4,03-01-02-02-03.wav,test
random_stratified,4,03-01-02-02-09.wav,test
random_stratified,4,03-01-02-02-13.wav,test
random_stratified,4,03-01-02-02-21.wav,test
random_stratified,4,03-02-01-01-01.wav,test
random_stratified,4,03-02-01-01-03.wav,test
random_stratified,4,03-02-01-01-07.wav,test
random_stratified,4,03-02-01-01-09.wav,test
random_stratified,4,03-02-01-01-14.wav,test
random_stratified,4,03-02-01-01-19.wav,test
random_stratified,4,03-02-01-01-23.wav,test
random_stratified,4,03-02-01-02-02.wav,test
random_stratified,4,03-02-01-02-20.wav,test
random_stratified,4,03-02-01-02-23.wav,test
random_stratified,4,03-02-02-01-01.wav,test
random_stratified,4,03-02-02-01-03.wav,test
random_stratified,4,03-02-02-01-06.wav,test
random_stratified,4,03-02-02-01-08.wav,test
random_stratified,4,03-02-02-01-11.wav,test
random_stratified,4,03-02-02-01-15.wav,test
random_stratified,4,03-02-02-01-16.wav,test
random_stratified,4,03-02-02-01-23.wav,test
random_stratified,4,03-02-02-02-10.wav,test
random_stratified,4,03-02-02-02-11.wav,test
random_stratified,4,03-02-02-02-12.wav,test
random_stratified,4,03-02-02-02-18.wav,test
random_stratified,4,04-01-01-01-02.wav,test
random_stratified,4,04-01-01-01-03.wav,test
random_stratified,4,04-01-01-01-06.wav,test
random_stratified,4,04-01-01-01-09.wav,test
random_stratified,4,04-01-01-01-12.wav,test
random_stratified,4,04-01-01-01-17.wav,test
random_stratified,4,04-01-01-01-23.wav,test
random_stratified,4,04-01-01-01-24.wav,test
random_stratified,4,04-01-01-02-05.wav,test
random_stratified,4,04-01-01-02-09.wav,test
random_stratified,4,04-01-01-02-11.wav,test
random_stratified,4,04-01-01-02-20.wav,test
random_stratified,4,04-01-01-02-22.wav,test
random_stratified,4,04-01-02-01-01.wav,test
random_stratified,4,04-01-02-01-05.wav,test
random_stratified,4,04-01-02-01-09.wav,test
random_stratified,4,04-01-02-01-11.wav,test
random_stratified,4,04-01-02-01-14.wav,test
random_stratified,4,04-01-02-01-18.wav,test
random_stratified,4,04-01-02-01-22.wav,test
random_stratified,4,04-01-02-02-01.wav,test
random_stratified,4,04-01-02-02-08.wav,test
random_stratified,4,04-01-02-02-12.wav,test
random_stratified,4,04-01-02-02-14.wav,test
random_stratified,4,04-01-02-02-21.wav,test
random_stratified,4,04-01-02-02-23.wav,test
random_stratified,4,04-02-01-01-06.wav,test
random_stratified,4,04-02-01-01-09.wav,test
random_stratified,4,04-02-01-01-23.wav,test
random_stratified,4,04-02-01-02-09.wav,test
random_stratified,4,04-02-01-02-17.wav,test
random_stratified,4,04-02-02-01-07.wav,test
random_stratified,4,04-02-02-01-08.wav,test
random_stratified,4,04-02-02-01-09.wav,test
random_stratified,4,04-02-02-01-10.wav,test
random_stratified,4,04-02-02-01-14.wav,test
random_stratified,4,04-02-02-02-18.wav,test
random_stratified,4,04-02-02-02-22.wav,test
random_stratified,4,05-01-01-01-03.wav,test
random_stratified,4,05-01-01-01-16.wav,test
random_stratified,4,05-01-01-02-05.wav,test
random_stratified,4,05-01-01-02-12.wav,test
random_stratified,4,05-01-01-02-16.wav,test
random_stratified,4,05-01-02-01-03.wav,test
random_stratified,4,05-01-02-01-08.wav,test
random_stratified,4,05-01-02-01-10.wav,test
random_stratified,4,05-01-02-01-11.wav,test
random_stratified,4,05-01-02-01-12.wav,test
random_stratified,4,05-01-02-01-18.wav,test
random_stratified,4,05-01-02-02-01.wav,test
random_stratified,4,05-01-02-02-05.wav,test
random_stratified,4,05-01-02-02-06.wav,test
random_stratified,4,05-01-02-02-10.wav,test
random_stratified,4,05-01-02-02-13.wav,test
random_stratified,4,05-01-02-02-23.wav,test
random_stratified,4,05-02-01-01-01.wav,test
random_stratified,4,05-02-01-01-04.wav,test
random_stratified,4,05-02-01-01-09.wav,test
random_stratified,4,05-02-01-01-10.wav,test
random_stratified,4,05-02-01-01-13.wav,test
random_stratified,4,05-02-01-01-14.wav,test
random_stratified,4,05-02-01-01-22.wav,test
random_stratified,4,05-02-01-01-24.wav,test
random_stratified,4,05-02-01-02-03.wav,test
random_stratified,4,05-02-01-02-05.wav,test
random_stratified,4,05-02-01-02-07.wav,test
random_stratified,4,05-02-01-02-15.wav,test
random_stratified,4,05-02-01-02-17.wav,test
random_stratified,4,05-02-01-02-22.wav,test
random_stratified,4,05-02-02-01-09.wav,test
random_stratified,4,05-02-02-01-16.wav,test
random_stratified,4,05-02-02-02-08.wav,test
random_stratified,4,05-02-02-02-10.wav,test
random_stratified,4,05-02-02-02-13.wav,test
random_stratified,4,05-02-02-02-22.wav,test
random_stratified,4,05-02-02-02-23.wav,test
random_stratified,4,06-01-01-01-03.wav,test
random_stratified,4,06-01-01-01-13.wav,test
random_stratified,4,06-01-01-01-15.wav,test
random_stratified,4,06-01-01-02-02.wav,test
random_stratified,4,06-01-01-02-06.wav,test
random_stratified,4,06-01-01-02-07.wav,test
random_stratified,4,06-01-01-02-17.wav,test
random_stratified,4,06-01-02-01-09.wav,test
random_stratified,4,06-01-02-01-10.wav,test
random_stratified,4,06-01-02-01-20.wav,test
random_stratified,4,06-01-02-02-06.wav,test
random_stratified,4,06-01-02-02-12.wav,test
random_stratified,4,06-01-02-02-15.wav,test
random_stratified,4,06-02-01-01-01.wav,test
random_stratified,4,06-02-01-01-04.wav,test
random_stratified,4,06-02-01-01-07.wav,test
random_stratified,4,06-02-01-01-10.wav,test
random_stratified,4,06-02-01-01-13.wav,test
random_stratified,4,06-02-01-01-16.wav,test
random_stratified,4,06-02-01-01-21.wav,test
random_stratified,4,06-02-01-02-02.wav,test
random_stratified,4,06-02-01-02-04.wav,test
random_stratified,4,06-02-01-02-06.wav,test
random_stratified,4,06-02-01-02-10.wav,test
random_stratified,4,06-02-01-02-11.wav,test
random_stratified,4,06-02-01-02-13.wav,test
random_stratified,4,06-02-01-02-15.wav,test
random_stratified,4,06-02-01-02-17.wav,test
random_stratified,4,06-02-01-02-22.wav,test
random_stratified,4,06-02-02-01-05.wav,test
random_stratified,4,06-02-02-01-11.wav,test
random_stratified,4,06-02-02-01-15.wav,test
random_stratified,4,06-02-02-01-21.wav,test
random_stratified,4,06-02-02-02-08.wav,test
random_stratified,4,06-02-02-02-10.wav,test
random_stratified,4,06-02-02-02-14.wav,test
random_stratified,4,06-02-02-02-15.wav,test
random_stratified,4,06-02-02-02-17.wav,test
random_stratified,4,06-02-02-02-21.wav,test
random_stratified,4,07-01-01-01-03.wav,test
random_stratified,4,07-01-01-01-08.wav,test
random_stratified,4,07-01-01-01-10.wav,test
random_stratified,4,07-01-01-01-19.wav,test
random_stratified,4,07-01-01-02-02.wav,test
random_stratified,4,07-01-01-02-13.wav,test
random_stratified,4,07-01-01-02-19.wav,test
random_stratified,4,07-01-01-02-20.wav,test
random_stratified,4,07-01-02-01-03.wav,test
random_stratified,4,07-01-02-01-04.wav,test
random_stratified,4,07-01-02-01-07.wav,test
random_stratified,4,07-01-02-01-11.wav,test
random_stratified,4,07-01-02-01-14.wav,test
random_stratified,4,07-01-02-01-22.wav,test
random_stratified,4,07-01-02-01-23.wav,test
random_stratified,4,07-01-02-02-09.wav,test
random_stratified,4,07-01-02-02-10.wav,test
random_stratified,4,07-01-02-02-15.wav,test
random_stratified,4,07-01-02-02-16.wav,test
random_stratified,4,07-01-02-02-18.wav,test
random_stratified,4,07-01-02-02-20.wav,test
random_stratified,4,07-01-02-02-21.wav,test
random_stratified,4,07-01-02-02-22.wav,test
random_stratified,4,07-02-01-01-06.wav,test
random_stratified,4,07-02-01-01-11.wav,test
random_stratified,4,07-02-01-01-12.wav,test
random_stratified,4,07-02-01-01-13.wav,test
random_stratified,4,07-02-01-01-16.wav,test
random_stratified,4,07-02-01-01-22.wav,test
random_stratified,4,07-02-01-02-01.wav,test
random_stratified,4,07-02-01-02-14.wav,test
random_stratified,4,07-02-02-01-04.wav,test
random_stratified,4,07-02-02-01-19.wav,test
random_stratified,4,07-02-02-01-21.wav,test
random_stratified,4,07-02-02-01-22.wav,test
random_stratified,4,07-02-02-01-24.wav,test
random_stratified,4,07-02-02-02-02.wav,test
random_stratified,4,07-02-02-02-24.wav,test
random_stratified,4,08-01-01-01-03.wav,test
random_stratified,4,08-01-01-01-04.wav,test
random_stratified,4,08-01-01-01-10.wav,test
random_stratified,4,08-01-01-01-11.wav,test
random_stratified,4,08-01-01-01-12.wav,test
random_stratified,4,08-01-01-01-14.wav,test
random_stratified,4,08-01-01-01-19.wav,test
random_stratified,4,08-01-01-02-07.wav,test
random_stratified,4,08-01-01-02-11.wav,test
random_stratified,4,08-01-01-02-18.wav,test
random_stratified,4,08-01-01-02-24.wav,test
random_stratified,4,08-01-02-01-01.wav,test
random_stratified,4,08-01-02-01-04.wav,test
random_stratified,4,08-01-02-01-05.wav,test
random_stratified,4,08-01-02-01-18.wav,test
random_stratified,4,08-01-02-01-24.wav,test
random_stratified,4,08-01-02-02-03.wav,test
random_stratified,4,08-01-02-02-12.wav,test
random_stratified,4,08-01-02-02-13.wav,test
random_stratified,4,08-01-02-02-15.wav,test
random_stratified,4,08-01-02-02-23.wav,test
random_stratified,4,08-02-01-01-03.wav,test
random_stratified,4,08-02-01-01-04.wav,test
random_stratified,4,08-02-01-01-09.wav,test
random_stratified,4,08-02-01-02-03.wav,test
random_stratified,4,08-02-01-02-10.wav,test
random_stratified,4,08-02-01-02-18.wav,test
random_stratified,4,08-02-01-02-20.wav,test
random_stratified,4,08-02-01-02-24.wav,test
random_stratified,4,08-02-02-01-02.wav,test
random_stratified,4,08-02-02-01-08.wav,test
random_stratified,4,08-02-02-01-11.wav,test
random_stratified,4,08-02-02-01-12.wav,test
random_stratified,4,08-02-02-01-16.wav,test
random_stratified,4,08-02-02-02-02.wav,test
random_stratified,4,08-02-02-02-06.wav,test
random_stratified,4,08-02-02-02-10.wav,test
random_stratified,4,08-02-02-02-11.wav,test
random_stratified,4,08-02-02-02-12.wav,test
random_stratified,4,01-01-01-01-02.wav,train
random_stratified,4,01-01-01-01-03.wav,train
random_stratified,4,01-01-01-01-04.wav,train
random_stratified,4,01-01-01-01-05.wav,train
random_stratified,4,01-01-01-01-06.wav,train
random_stratified,4,01-01-01-01-08.wav,train
random_stratified,4,01-01-01-01-09.wav,train
random_stratified,4,01-01-01-01-10.wav,train
random_stratified,4,01-01-01-01-11.wav,train
random_stratified,4,01-01-01-01-13.wav,train
random_stratified,4,01-01-01-01-14.wav,train
random_stratified,4,01-01-01-01-15.wav,train
random_stratified,4,01-01-01-01-16.wav,train
random_stratified,4,01-01-01-01-17.wav,train
random_stratified,4,01-01-01-01-18.wav,train
random_stratified,4,01-01-01-01-20.wav,train
random_stratified,4,01-01-01-01-21.wav,train
random_stratified,4,01-01-01-01-22.wav,train
random_stratified,4,01-01-01-01-24.wav,train
random_stratified,4,01-01-01-02-03.wav,train
random_stratified,4,01-01-01-02-04.wav,train
random_stratified,4,01-01-01-02-05.wav,train
random_stratified,4,01-01-01-02-06.wav,train
random_stratified,4,01-01-01-02-07.wav,train
random_stratified,4,01-01-01-02-08.wav,train
random_stratified,4,01-01-01-02-09.wav,train
random_stratified,4,01-01-01-02-10.wav,train
random_stratified,4,01-01-01-02-12.wav,train
random_stratified,4,01-01-01-02-13.wav,train
random_stratified,4,01-01-01-02-14.wav,train
random_stratified,4,01-01-01-02-16.wav,train
random_stratified,4,01-01-01-02-17.wav,train
random_stratified,4,01-01-01-02-18.wav,train
random_stratified,4,01-01-01-02-19.wav,train
random_stratified,4,01-01-01-02-20.wav,train
random_stratified,4,01-01-01-02-21.wav,train
random_stratified,4,01-01-01-02-22.wav,train
random_stratified,4,01-01-01-02-24.wav,train
random_stratified,4,01-01-02-01-01.wav,train
random_stratified,4,01-01-02-01-02.wav,train
random_stratified,4,01-01-02-01-03.wav,train
random_stratified,4,01-01-02-01-04.wav,train
random_stratified,4,01-01-02-01-05.wav,train
random_stratified,4,01-01-02-01-06.wav,train
random_stratified,4,01-01-02-01-07.wav,train
random_stratified,4,01-01-02-01-08.wav,train
random_stratified,4,01-01-02-01-09.wav,train
random_stratified,4,01-01-02-01-10.wav,train
random_stratified,4,01-01-02-01-11.wav,train
random_stratified,4,01-01-02-01-13.wav,train
random_stratified,4,01-01-02-01-14.wav,train
random_stratified,4,01-01-02-01-15.wav,train
random_stratified,4,01-01-02-01-16.wav,train
random_stratified,4,01-01-02-01-17.wav,train
random_stratified,4,01-01-02-01-18.wav,train
random_stratified,4,01-01-02-01-19.wav,train
random_stratified,4,01-01-02-01-21.wav,train
random_stratified,4,01-01-02-01-23.wav,train
random_stratified,4,01-01-02-02-02.wav,train
random_stratified,4,01-01-02-02-03.wav,train
random_stratified,4,01-01-02-02-04.wav,train
random_stratified,4,01-01-02-02-06.wav,train
random_stratified,4,01-01-02-02-07.wav,train
random_stratified,4,01-01-02-02-08.wav,train
random_stratified,4,01-01-02-02-09.wav,train
random_stratified,4,01-01-02-02-10.wav,train
random_stratified,4,01-01-02-02-11.wav,train
random_stratified,4,01-01-02-02-12.wav,train
random_stratified,4,01-01-02-02-13.wav,train
random_stratified,4,01-01-02-02-14.wav,train
random_stratified,4,01-01-02-02-16.wav,train
random_stratified,4,01-01-02-02-18.wav,train
random_stratified,4,01-01-02-02-20.wav,train
random_stratified,4,01-01-02-02-21.wav,train
random_stratified,4,01-01-02-02-22.wav,train
random_stratified,4,01-01-02-02-23.wav,train
random_stratified,4,01-01-02-02-24.wav,train
random_stratified,4,02-01-01-01-01.wav,train
random_stratified,4,02-01-01-01-02.wav,train
random_stratified,4,02-01-01-01-03.wav,train
random_stratified,4,02-01-01-01-04.wav,train
random_stratified,4,02-01-01-01-05.wav,train
random_stratified,4,02-01-01-01-06.wav,train
random_stratified,4,02-01-01-01-07.wav,train
random_stratified,4,02-01-01-01-09.wav,train
random_stratified,4,02-01-01-01-10.wav,train
random_stratified,4,02-01-01-01-11.wav,train
random_stratified,4,02-01-01-01-12.wav,train
random_stratified,4,02-01-01-01-14.wav,train
random_stratified,4,02-01-01-01-15.wav,train
random_stratified,4,02-01-01-01-16.wav,train
random_stratified,4,02-01-01-01-18.wav,train
random_stratified,4,02-01-01-01-19.wav,train
random_stratified,4,02-01-01-01-21.wav,train
random_stratified,4,02-01-01-01-22.wav,train
random_stratified,4,02-01-01-01-23.wav,train
random_stratified,4,02-01-01-01-24.wav,train
random_stratified,4,02-01-01-02-01.wav,train
random_stratified,4,02-01-01-02-02.wav,train
random_stratified,4,02-01-01-02-03.wav,train
random_stratified,4,02-01-01-02-04.wav,train
random_stratified,4,02-01-01-02-05.wav,train
random_stratified,4,02-01-01-02-06.wav,train
random_stratified,4,02-01-01-02-07.wav,train
random_stratified,4,02-01-01-02-09.wav,train
random_stratified,4,02-01-01-02-11.wav,train
random_stratified,4,02-01-01-02-13.wav,train
random_stratified,4,02-01-01-02-15.wav,train
random_stratified,4,02-01-01-02-18.wav,train
random_stratified,4,02-01-01-02-20.wav,train
random_stratified,4,02-01-01-02-21.wav,train
random_stratified,4,02-01-01-02-22.wav,train
random_stratified,4,02-01-01-02-23.wav,train
random_stratified,4,02-01-01-02-24.wav,train
random_stratified,4,02-01-02-01-01.wav,train
random_stratified,4,02-01-02-01-02.wav,train
random_stratified,4,02-01-02-01-03.wav,train
random_stratified,4,02-01-02-01-04.wav,train
random_stratified,4,02-01-02-01-05.wav,train
random_stratified,4,02-01-02-01-08.wav,train
random_stratified,4,02-01-02-01-09.wav,train
random_stratified,4,02-01-02-01-10.wav,train
random_stratified,4,02-01-02-01-11.wav,train
random_stratified,4,02-01-02-01-12.wav,train
random_stratified,4,02-01-02-01-13.wav,train
random_stratified,4,02-01-02-01-14.wav,train
random_stratified,4,02-01-02-01-15.wav,train
random_stratified,4,02-01-02-01-16.wav,train
random_stratified,4,02-01-02-01-17.wav,train
random_stratified,4,02-01-02-01-18.wav,train
random_stratified,4,02-01-02-01-19.wav,train
random_stratified,4,02-01-02-01-21.wav,train
random_stratified,4,02-01-02-01-22.wav,train
random_stratified,4,02-01-02-01-24.wav,train
random_stratified,4,02-01-02-02-03.wav,train
random_stratified,4,02-01-02-02-04.wav,train
random_stratified,4,02-01-02-02-07.wav,train
random_stratified,4,02-01-02-02-08.wav,train
random_stratified,4,02-01-02-02-09.wav,train
random_stratified,4,02-01-02-02-10.wav,train
random_stratified,4,02-01-02-02-12.wav,train
random_stratified,4,02-01-02-02-13.wav,train
random_stratified,4,02-01-02-02-14.wav,train
random_stratified,4,02-01-02-02-15.wav,train
random_stratified,4,02-01-02-02-17.wav,train
random_stratified,4,02-01-02-02-18.wav,train
random_stratified,4,02-01-02-02-19.wav,train
random_stratified,4,02-01-02-02-20.wav,train
random_stratified,4,02-01-02-02-21.wav,train
random_stratified,4,02-01-02-02-22.wav,train
random_stratified,4,02-01-02-02-24.wav,train
random_stratified,4,02-02-01-01-01.wav,train
random_stratified,4,02-02-01-01-02.wav,train
random_stratified,4,02-02-01-01-03.wav,train
random_stratified,4,02-02-01-01-04.wav,train
random_stratified,4,02-02-01-01-05.wav,train
random_stratified,4,02-02-01-01-07.wav,train
random_stratified,4,02-02-01-01-08.wav,train
random_stratified,4,02-02-01-01-10.wav,train
random_stratified,4,02-02-01-01-11.wav,train
random_stratified,4,02-02-01-01-12.wav,train
random_stratified,4,02-02-01-01-13.wav,train
random_stratified,4,02-02-01-01-15.wav,train
random_stratified,4,02-02-01-01-16.wav,train
random_stratified,4,02-02-01-01-17.wav,train
random_stratified,4,02-02-01-01-18.wav,train
random_stratified,4,02-02-01-01-19.wav,train
random_stratified,4,02-02-01-01-20.wav,train
random_stratified,4,02-02-01-01-21.wav,train
random_stratified,4,02-02-01-01-23.wav,train
random_stratified,4,02-02-01-02-01.wav,train
random_stratified,4,02-02-01-02-02.wav,train
random_stratified,4,02-02-01-02-03.wav,train
random_stratified,4,02-02-01-02-06.wav,train
random_stratified,4,02-02-01-02-08.wav,train
random_stratified,4,02-02-01-02-09.wav,train
random_stratified,4,02-02-01-02-10.wav,train
random_stratified,4,02-02-01-02-11.wav,train
random_stratified,4,02-02-01-02-12.wav,train
random_stratified,4,02-02-01-02-14.wav,train
random_stratified,4,02-02-01-02-16.wav,train
random_stratified,4,02-02-01-02-17.wav,train
random_stratified,4,02-02-01-02-18.wav,train
random_stratified,4,02-02-01-02-19.wav,train
random_stratified,4,02-02-01-02-20.wav,train
random_stratified,4,02-02-01-02-21.wav,train
random_stratified,4,02-02-01-02-22.wav,train
random_stratified,4,02-02-01-02-23.wav,train
random_stratified,4,02-02-02-01-01.wav,train
random_stratified,4,02-02-02-01-02.wav,train
random_stratified,4,02-02-02-01-03.wav,train
random_stratified,4,02-02-02-01-04.wav,train
random_stratified,4,02-02-02-01-05.wav,train
random_stratified,4,02-02-02-01-06.wav,train
random_stratified,4,02-02-02-01-07.wav,train
random_stratified,4,02-02-02-01-08.wav,train
random_stratified,4,02-02-02-01-09.wav,train
random_stratified,4,02-02-02-01-10.wav,train
random_stratified,4,02-02-02-01-11.wav,train
random_stratified,4,02-02-02-01-12.wav,train
random_stratified,4,02-02-02-01-13.wav,train
random_stratified,4,02-02-02-01-14.wav,train
random_stratified,4,02-02-02-01-15.wav,train
random_stratified,4,02-02-02-01-16.wav,train
random_stratified,4,02-02-02-01-17.wav,train
random_stratified,4,02-02-02-01-19.wav,train
random_stratified,4,02-02-02-01-20.wav,train
random_stratified,4,02-02-02-01-22.wav,train
random_stratified,4,02-02-02-01-23.wav,train
random_stratified,4,02-02-02-01-24.wav,train
random_stratified,4,02-02-02-02-01.wav,train
random_stratified,4,02-02-02-02-02.wav,train
random_stratified,4,02-02-02-02-04.wav,train
random_stratified,4,02-02-02-02-05.wav,train
random_stratified,4,02-02-02-02-06.wav,train
random_stratified,4,02-02-02-02-08.wav,train
random_stratified,4,02-02-02-02-09.wav,train
random_stratified,4,02-02-02-02-11.wav,train
random_stratified,4,02-02-02-02-12.wav,train
random_stratified,4,02-02-02-02-13.wav,train
random_stratified,4,02-02-02-02-14.wav,train
random_stratified,4,02-02-02-02-15.wav,train
random_stratified,4,02-02-02-02-16.wav,train
random_stratified,4,02-02-02-02-17.wav,train
random_stratified,4,02-02-02-02-18.wav,train
random_stratified,4,02-02-02-02-19.wav,train
random_stratified,4,02-02-02-02-20.wav,train
random_stratified,4,02-02-02-02-21.wav,train
random_stratified,4,02-02-02-02-22.wav,train
random_stratified,4,02-02-02-02-23.wav,train
random_stratified,4,02-02-02-02-24.wav,train
random_stratified,4,03-01-01-01-01.wav,train
random_stratified,4,03-01-01-01-02.wav,train
random_stratified,4,03-01-01-01-03.wav,train
random_stratified,4,03-01-01-01-04.wav,train
random_stratified,4,03-01-01-01-05.wav,train
random_stratified,4,03-01-01-01-06.wav,train
random_stratified,4,03-01-01-01-07.wav,train
random_stratified,4,03-01-01-01-08.wav,train
random_stratified,4,03-01-01-01-09.wav,train
random_stratified,4,03-01-01-01-10.wav,train
random_stratified,4,03-01-01-01-11.wav,train
random_stratified,4,03-01-01-01-12.wav,train
random_stratified,4,03-01-01-01-13.wav,train
random_stratified,4,03-01-01-01-14.wav,train
random_stratified,4,03-01-01-01-15.wav,train
random_stratified,4,03-01-01-01-17.wav,train
random_stratified,4,03-01-01-01-18.wav,train
random_stratified,4,03-01-01-01-19.wav,train
random_stratified,4,03-01-01-01-20.wav,train
random_stratified,4,03-01-01-01-21.wav,train
random_stratified,4,03-01-01-01-22.wav,train
random_stratified,4,03-01-01-01-24.wav,train
random_stratified,4,03-01-01-02-02.wav,train
random_stratified,4,03-01-01-02-03.wav,train
random_stratified,4,03-01-01-02-05.wav,train
random_stratified,4,03-01-01-02-06.wav,train
random_stratified,4,03-01-01-02-07.wav,train
random_stratified,4,03-01-01-02-08.wav,train
random_stratified,4,03-01-01-02-09.wav,train
random_stratified,4,03-01-01-02-10.wav,train
random_stratified,4,03-01-01-02-11.wav,train
random_stratified,4,03-01-01-02-12.wav,train
random_stratified,4,03-01-01-02-13.wav,train
random_stratified,4,03-01-01-02-14.wav,train
random_stratified,4,03-01-01-02-15.wav,train
random_stratified,4,03-01-01-02-16.wav,train
random_stratified,4,03-01-01-02-17.wav,train
random_stratified,4,03-01-01-02-18.wav,train
random_stratified,4,03-01-01-02-19.wav,train
random_stratified,4,03-01-01-02-20.wav,train
random_stratified,4,03-01-01-02-21.wav,train
random_stratified,4,03-01-01-02-23.wav,train
random_stratified,4,03-01-01-02-24.wav,train
random_stratified,4,03-01-02-01-01.wav,train
random_stratified,4,03-01-02-01-02.wav,train
random_stratified,4,03-01-02-01-04.wav,train
random_stratified,4,03-01-02-01-05.wav,train
random_stratified,4,03-01-02-01-06.wav,train
random_stratified,4,03-01-02-01-07.wav,train
random_stratified,4,03-01-02-01-08.wav,train
random_stratified,4,03-01-02-01-09.wav,train
random_stratified,4,03-01-02-01-11.wav,train
random_stratified,4,03-01-02-01-13.wav,train
random_stratified,4,03-01-02-01-14.wav,train
random_stratified,4,03-01-02-01-15.wav,train
random_stratified,4,03-01-02-01-20.wav,train
random_stratified,4,03-01-02-01-21.wav,train
random_stratified,4,03-01-02-01-23.wav,train
random_stratified,4,03-01-02-01-24.wav,train
random_stratified,4,03-01-02-02-01.wav,train
random_stratified,4,03-01-02-02-02.wav,train
random_stratified,4,03-01-02-02-04.wav,train
random_stratified,4,03-01-02-02-05.wav,train
random_stratified,4,03-01-02-02-06.wav,train
random_stratified,4,03-01-02-02-07.wav,train
random_stratified,4,03-01-02-02-08.wav,train
random_stratified,4,03-01-02-02-10.wav,train
random_stratified,4,03-01-02-02-11.wav,train
random_stratified,4,03-01-02-02-12.wav,train
random_stratified,4,03-01-02-02-14.wav,train
random_stratified,4,03-01-02-02-15.wav,train
random_stratified,4,03-01-02-02-16.wav,train
random_stratified,4,03-01-02-02-17.wav,train
random_stratified,4,03-01-02-02-18.wav,train
random_stratified,4,03-01-02-02-19.wav,train
random_stratified,4,03-01-02-02-20.wav,train
random_stratified,4,03-01-02-02-22.wav,train
random_stratified,4,03-01-02-02-23.wav,train
random_stratified,4,03-01-02-02-24.wav,train
random_stratified,4,03-02-01-01-02.wav,train
random_stratified,4,03-02-01-01-04.wav,train
random_stratified,4,03-02-01-01-05.wav,train
random_stratified,4,03-02-01-01-06.wav,train
random_stratified,4,03-02-01-01-08.wav,train
random_stratified,4,03-02-01-01-10.wav,train
random_stratified,4,03-02-01-01-11.wav,train
random_stratified,4,03-02-01-01-12.wav,train
random_stratified,4,03-02-01-01-13.wav,train
random_stratified,4,03-02-01-01-15.wav,train
random_stratified,4,03-02-01-01-16.wav,train
random_stratified,4,03-02-01-01-17.wav,train
random_stratified,4,03-02-01-01-18.wav,train
random_stratified,4,03-02-01-01-20.wav,train
random_stratified,4,03-02-01-01-21.wav,train
random_stratified,4,03-02-01-01-22.wav,train
random_stratified,4,03-02-01-01-24.wav,train
random_stratified,4,03-02-01-02-01.wav,train
random_stratified,4,03-02-01-02-03.wav,train
random_stratified,4,03-02-01-02-04.wav,train
random_stratified,4,03-02-01-02-05.wav,train
random_stratified,4,03-02-01-02-06.wav,train
random_stratified,4,03-02-01-02-07.wav,train
random_stratified,4,03-02-01-02-08.wav,train
random_stratified,4,03-02-01-02-09.wav,train
random_stratified,4,03-02-01-02-10.wav,train
random_stratified,4,03-02-01-02-11.wav,train
random_stratified,4,03-02-01-02-12.wav,train
random_stratified,4,03-02-01-02-13.wav,train
random_stratified,4,03-02-01-02-14.wav,train
random_stratified,4,03-02-01-02-15.wav,train
random_stratified,4,03-02-01-02-16.wav,train
random_stratified,4,03-02-01-02-17.wav,train
random_stratified,4,03-02-01-02-18.wav,train
random_stratified,4,03-02-01-02-19.wav,train
random_stratified,4,03-02-01-02-21.wav,train
random_stratified,4,03-02-01-02-22.wav,train
random_stratified,4,03-02-01-02-24.wav,train
random_stratified,4,03-02-02-01-02.wav,train
random_stratified,4,03-02-02-01-04.wav,train
random_stratified,4,03-02-02-01-05.wav,train
random_stratified,4,03-02-02-01-07.wav,train
random_stratified,4,03-02-02-01-09.wav,train
random_stratified,4,03-02-02-01-10.wav,train
random_stratified,4,03-02-02-01-12.wav,train
random_stratified,4,03-02-02-01-13.wav,train
random_stratified,4,03-02-02-01-14.wav,train
random_stratified,4,03-02-02-01-17.wav,train
random_stratified,4,03-02-02-01-18.wav,train
random_stratified,4,03-02-02-01-19.wav,train
random_stratified,4,03-02-02-01-20.wav,train
random_stratified,4,03-02-02-01-21.wav,train
random_stratified,4,03-02-02-01-22.wav,train
random_stratified,4,03-02-02-01-24.wav,train
random_stratified,4,03-02-02-02-01.wav,train
random_stratified,4,03-02-02-02-02.wav,train
random_stratified,4,03-02-02-02-03.wav,train
random_stratified,4,03-02-02-02-04.wav,train
random_stratified,4,03-02-02-02-05.wav,train
random_stratified,4,03-02-02-02-06.wav,train
random_stratified,4,03-02-02-02-07.wav,train
random_stratified,4,03-02-02-02-08.wav,train
random_stratified,4,03-02-02-02-09.wav,train
random_stratified,4,03-02-02-02-13.wav,train
random_stratified,4,03-02-02-02-14.wav,train
random_stratified,4,03-02-02-02-15.wav,train
random_stratified,4,03-02-02-02-16.wav,train
random_stratified,4,03-02-02-02-17.wav,train
random_stratified,4,03-02-02-02-19.wav,train
random_stratified,4,03-02-02-02-20.wav,train
random_stratified,4,03-02-02-02-21.wav,train
random_stratified,4,03-02-02-02-22.wav,train
random_stratified,4,03-02-02-02-23.wav,train
random_stratified,4,03-02-02-02-24.wav,train
random_stratified,4,04-01-01-01-01.wav,train
random_stratified,4,04-01-01-01-04.wav,train
random_stratified,4,04-01-01-01-05.wav,train
random_stratified,4,04-01-01-01-07.wav,train
random_stratified,4,04-01-01-01-08.wav,train
random_stratified,4,04-01-01-01-10.wav,train
random_stratified,4,04-01-01-01-11.wav,train
random_stratified,4,04-01-01-01-13.wav,train
random_stratified,4,04-01-01-01-14.wav,train
random_stratified,4,04-01-01-01-15.wav,train
random_stratified,4,04-01-01-01-16.wav,train
random_stratified,4,04-01-01-01-18.wav,train
random_stratified,4,04-01-01-01-19.wav,train
random_stratified,4,04-01-01-01-20.wav,train
random_stratified,4,04-01-01-01-21.wav,train
random_stratified,4,04-01-01-01-22.wav,train
random_stratified,4,04-01-01-02-01.wav,train
random_stratified,4,04-01-01-02-02.wav,train
random_stratified,4,04-01-01-02-03.wav,train
random_stratified,4,04-01-01-02-04.wav,train
random_stratified,4,04-01-01-02-06.wav,train
random_stratified,4,04-01-01-02-07.wav,train
random_stratified,4,04-01-01-02-08.wav,train
random_stratified,4,04-01-01-02-10.wav,train
random_stratified,4,04-01-01-02-12.wav,train
random_stratified,4,04-01-01-02-13.wav,train
random_stratified,4,04-01-01-02-14.wav,train
random_stratified,4,04-01-01-02-15.wav,train
random_stratified,4,04-01-01-02-16.wav,train
random_stratified,4,04-01-01-02-17.wav,train
random_stratified,4,04-01-01-02-18.wav,train
random_stratified,4,04-01-01-02-19.wav,train
random_stratified,4,04-01-01-02-21.wav,train
random_stratified,4,04-01-01-02-23.wav,train
random_stratified,4,04-01-01-02-24.wav,train
random_stratified,4,04-01-02-01-02.wav,train
random_stratified,4,04-01-02-01-03.wav,train
random_stratified,4,04-01-02-01-04.wav,train
random_stratified,4,04-01-02-01-06.wav,train
random_stratified,4,04-01-02-01-07.wav,train
random_stratified,4,04-01-02-01-08.wav,train
random_stratified,4,04-01-02-01-10.wav,train
random_stratified,4,04-01-02-01-12.wav,train
random_stratified,4,04-01-02-01-13.wav,train
random_stratified,4,04-01-02-01-15.wav,train
random_stratified,4,04-01-02-01-16.wav,train
random_stratified,4,04-01-02-01-17.wav,train
random_stratified,4,04-01-02-01-19.wav,train
random_stratified,4,04-01-02-01-20.wav,train
random_stratified,4,04-01-02-01-21.wav,train
random_stratified,4,04-01-02-01-23.wav,train
random_stratified,4,04-01-02-01-24.wav,train
random_stratified,4,04-01-02-02-02.wav,train
random_stratified,4,04-01-02-02-03.wav,train
random_stratified,4,04-01-02-02-04.wav,train
random_stratified,4,04-01-02-02-05.wav,train
random_stratified,4,04-01-02-02-06.wav,train
random_stratified,4,04-01-02-02-07.wav,train
random_stratified,4,04-01-02-02-09.wav,train
random_stratified,4,04-01-02-02-10.wav,train
random_stratified,4,04-01-02-02-11.wav,train
random_stratified,4,04-01-02-02-13.wav,train
random_stratified,4,04-01-02-02-15.wav,train
random_stratified,4,04-01-02-02-16.wav,train
random_stratified,4,04-01-02-02-17.wav,train
random_stratified,4,04-01-02-02-18.wav,train
random_stratified,4,04-01-02-02-19.wav,train
random_stratified,4,04-01-02-02-20.wav,train
random_stratified,4,04-01-02-02-22.wav,train
random_stratified,4,04-01-02-02-24.wav,train
random_stratified,4,04-02-01-01-01.wav,train
random_stratified,4,04-02-01-01-02.wav,train
random_stratified,4,04-02-01-01-03.wav,train
random_stratified,4,04-02-01-01-04.wav,train
random_stratified,4,04-02-01-01-05.wav,train
random_stratified,4,04-02-01-01-07.wav,train
random_stratified,4,04-02-01-01-08.wav,train
random_stratified,4,04-02-01-01-10.wav,train
random_stratified,4,04-02-01-01-11.wav,train
random_stratified,4,04-02-01-01-12.wav,train
random_stratified,4,04-02-01-01-13.wav,train
random_stratified,4,04-02-01-01-14.wav,train
random_stratified,4,04-02-01-01-15.wav,train
random_stratified,4,04-02-01-01-16.wav,train
random_stratified,4,04-02-01-01-17.wav,train
random_stratified,4,04-02-01-01-18.wav,train
random_stratified,4,04-02-01-01-19.wav,train
random_stratified,4,04-02-01-01-20.wav,train
random_stratified,4,04-02-01-01-21.wav,train
random_stratified,4,04-02-01-01-22.wav,train
random_stratified,4,04-02-01-01-24.wav,train
random_stratified,4,04-02-01-02-01.wav,train
random_stratified,4,04-02-01-02-02.wav,train
random_stratified,4,04-02-01-02-03.wav,train
random_stratified,4,04-02-01-02-04.wav,train
random_stratified,4,04-02-01-02-05.wav,train
random_stratified,4,04-02-01-02-06.wav,train
random_stratified,4,04-02-01-02-07.wav,train
random_stratified,4,04-02-01-02-08.wav,train
random_stratified,4,04-02-01-02-10.wav,train
random_stratified,4,04-02-01-02-11.wav,train
random_stratified,4,04-02-01-02-12.wav,train
random_stratified,4,04-02-01-02-13.wav,train
random_stratified,4,04-02-01-02-14.wav,train
random_stratified,4,04-02-01-02-15.wav,train
random_stratified,4,04-02-01-02-16.wav,train
random_stratified,4,04-02-01-02-18.wav,train
random_stratified,4,04-02-01-02-19.wav,train
random_stratified,4,04-02-01-02-20.wav,train
random_stratified,4,04-02-01-02-21.wav,train
random_stratified,4,04-02-01-02-22.wav,train
random_stratified,4,04-02-01-02-23.wav,train
random_stratified,4,04-02-01-02-24.wav,train
random_stratified,4,04-02-02-01-01.wav,train
random_stratified,4,04-02-02-01-02.wav,train
random_stratified,4,04-02-02-01-03.wav,train
random_stratified,4,04-02-02-01-04.wav,train
random_stratified,4,04-02-02-01-05.wav,train
random_stratified,4,04-02-02-01-06.wav,train
random_stratified,4,04-02-02-01-11.wav,train
random_stratified,4,04-02-02-01-12.wav,train
random_stratified,4,04-02-02-01-13.wav,train
random_stratified,4,04-02-02-01-15.wav,train
random_stratified,4,04-02-02-01-16.wav,train
random_stratified,4,04-02-02-01-17.wav,train
random_stratified,4,04-02-02-01-18.wav,train
random_stratified,4,04-02-02-01-19.wav,train
random_stratified,4,04-02-02-01-20.wav,train
random_stratified,4,04-02-02-01-21.wav,train
random_stratified,4,04-02-02-01-22.wav,train
random_stratified,4,04-02-02-01-23.wav,train
random_stratified,4,04-02-02-01-24.wav,train
random_stratified,4,04-02-02-02-01.wav,train
random_stratified,4,04-02-02-02-02.wav,train
random_stratified,4,04-02-02-02-03.wav,train
random_stratified,4,04-02-02-02-04.wav,train
random_stratified,4,04-02-02-02-05.wav,train
random_stratified,4,04-02-02-02-06.wav,train
random_stratified,4,04-02-02-02-07.wav,train
random_stratified,4,04-02-02-02-08.wav,train
random_stratified,4,04-02-02-02-09.wav,train
random_stratified,4,04-02-02-02-10.wav,train
random_stratified,4,04-02-02-02-11.wav,train
random_stratified,4,04-02-02-02-12.wav,train
random_stratified,4,04-02-02-02-13.wav,train
random_stratified,4,04-02-02-02-14.wav,train
random_stratified,4,04-02-02-02-15.wav,train
random_stratified,4,04-02-02-02-16.wav,train
random_stratified,4,04-02-02-02-17.wav,train
random_stratified,4,04-02-02-02-19.wav,train
random_stratified,4,04-02-02-02-20.wav,train
random_stratified,4,04-02-02-02-21.wav,train
random_stratified,4,04-02-02-02-23.wav,train
random_stratified,4,04-02-02-02-24.wav,train
random_stratified,4,05-01-01-01-01.wav,train
random_stratified,4,05-01-01-01-02.wav,train
random_stratified,4,05-01-01-01-04.wav,train
random_stratified,4,05-01-01-01-05.wav,train
random_stratified,4,05-01-01-01-06.wav,train
random_stratified,4,05-01-01-01-07.wav,train
random_stratified,4,05-01-01-01-08.wav,train
random_stratified,4,05-01-01-01-09.wav,train
random_stratified,4,05-01-01-01-10.wav,train
random_stratified,4,05-01-01-01-11.wav,train
random_stratified,4,05-01-01-01-12.wav,train
random_stratified,4,05-01-01-01-13.wav,train
random_stratified,4,05-01-01-01-14.wav,train
random_stratified,4,05-01-01-01-15.wav,train
random_stratified,4,05-01-01-01-17.wav,train
random_stratified,4,05-01-01-01-18.wav,train
random_stratified,4,05-01-01-01-19.wav,train
random_stratified,4,05-01-01-01-20.wav,train
random_stratified,4,05-01-01-01-21.wav,train
random_stratified,4,05-01-01-01-22.wav,train
random_stratified,4,05-01-01-01-23.wav,train
random_stratified,4,05-01-01-01-24.wav,train
random_stratified,4,05-01-01-02-01.wav,train
random_stratified,4,05-01-01-02-02.wav,train
random_stratified,4,05-01-01-02-03.wav,train
random_stratified,4,05-01-01-02-04.wav,train
random_stratified,4,05-01-01-02-06.wav,train
random_stratified,4,05-01-01-02-07.wav,train
random_stratified,4,05-01-01-02-08.wav,train
random_stratified,4,05-01-01-02-09.wav,train
random_stratified,4,05-01-01-02-10.wav,train
random_stratified,4,05-01-01-02-11.wav,train
random_stratified,4,05-01-01-02-13.wav,train
random_stratified,4,05-01-01-02-14.wav,train
random_stratified,4,05-01-01-02-15.wav,train
random_stratified,4,05-01-01-02-17.wav,train
random_stratified,4,05-01-01-02-18.wav,train
random_stratified,4,05-01-01-02-19.wav,train
random_stratified,4,05-01-01-02-20.wav,train
random_stratified,4,05-01-01-02-21.wav,train
random_stratified,4,05-01-01-02-22.wav,train
random_stratified,4,05-01-01-02-23.wav,train
random_stratified,4,05-01-01-02-24.wav,train
random_stratified,4,05-01-02-01-01.wav,train
random_stratified,4,05-01-02-01-02.wav,train
random_stratified,4,05-01-02-01-04.wav,train
random_stratified,4,05-01-02-01-05.wav,train
random_stratified,4,05-01-02-01-06.wav,train
random_stratified,4,05-01-02-01-07.wav,train
random_stratified,4,05-01-02-01-09.wav,train
random_stratified,4,05-01-02-01-13.wav,train
random_stratified,4,05-01-02-01-14.wav,train
random_stratified,4,05-01-02-01-15.wav,train
random_stratified,4,05-01-02-01-16.wav,train
random_stratified,4,05-01-02-01-17.wav,train
random_stratified,4,05-01-02-01-19.wav,train
random_stratified,4,05-01-02-01-20.wav,train
random_stratified,4,05-01-02-01-21.wav,train
random_stratified,4,05-01-02-01-22.wav,train
random_stratified,4,05-01-02-01-23.wav,train
random_stratified,4,05-01-02-01-24.wav,train
random_stratified,4,05-01-02-02-02.wav,train
random_stratified,4,05-01-02-02-03.wav,train
random_stratified,4,05-01-02-02-04.wav,train
random_stratified,4,05-01-02-02-07.wav,train
random_stratified,4,05-01-02-02-08.wav,train
random_stratified,4,05-01-02-02-09.wav,train
random_stratified,4,05-01-02-02-11.wav,train
random_stratified,4,05-01-02-02-12.wav,train
random_stratified,4,05-01-02-02-14.wav,train
random_stratified,4,05-01-02-02-15.wav,train
random_stratified,4,05-01-02-02-16.wav,train
random_stratified,4,05-01-02-02-17.wav,train
random_stratified,4,05-01-02-02-18.wav,train
random_stratified,4,05-01-02-02-19.wav,train
random_stratified,4,05-01-02-02-20.wav,train
random_stratified,4,05-01-02-02-21.wav,train
random_stratified,4,05-01-02-02-22.wav,train
random_stratified,4,05-01-02-02-24.wav,train
random_stratified,4,05-02-01-01-02.wav,train
random_stratified,4,05-02-01-01-03.wav,train
random_stratified,4,05-02-01-01-05.wav,train
random_stratified,4,05-02-01-01-06.wav,train
random_stratified,4,05-02-01-01-07.wav,train
random_stratified,4,05-02-01-01-08.wav,train
random_stratified,4,05-02-01-01-11.wav,train
random_stratified,4,05-02-01-01-12.wav,train
random_stratified,4,05-02-01-01-15.wav,train
random_stratified,4,05-02-01-01-16.wav,train
random_stratified,4,05-02-01-01-17.wav,train
random_stratified,4,05-02-01-01-18.wav,train
random_stratified,4,05-02-01-01-19.wav,train
random_stratified,4,05-02-01-01-20.wav,train
random_stratified,4,05-02-01-01-21.wav,train
random_stratified,4,05-02-01-01-23.wav,train
random_stratified,4,05-02-01-02-01.wav,train
random_stratified,4,05-02-01-02-02.wav,train
random_stratified,4,05-02-01-02-04.wav,train
random_stratified,4,05-02-01-02-06.wav,train
random_stratified,4,05-02-01-02-08.wav,train
random_stratified,4,05-02-01-02-09.wav,train
random_stratified,4,05-02-01-02-10.wav,train
random_stratified,4,05-02-01-02-11.wav,train
random_stratified,4,05-02-01-02-12.wav,train
random_stratified,4,05-02-01-02-13.wav,train
random_stratified,4,05-02-01-02-14.wav,train
random_stratified,4,05-02-01-02-16.wav,train
random_stratified,4,05-02-01-02-18.wav,train
random_stratified,4,05-02-01-02-19.wav,train
random_stratified,4,05-02-01-02-20.wav,train
random_stratified,4,05-02-01-02-21.wav,train
random_stratified,4,05-02-01-02-23.wav,train
random_stratified,4,05-02-01-02-24.wav,train
random_stratified,4,05-02-02-01-01.wav,train
random_stratified,4,05-02-02-01-02.wav,train
random_stratified,4,05-02-02-01-03.wav,train
random_stratified,4,05-02-02-01-04.wav,train
random_stratified,4,05-02-02-01-05.wav,train
random_stratified,4,05-02-02-01-06.wav,train
random_stratified,4,05-02-02-01-07.wav,train
random_stratified,4,05-02-02-01-08.wav,train
random_stratified,4,05-02-02-01-10.wav,train
random_stratified,4,05-02-02-01-11.wav,train
random_stratified,4,05-02-02-01-12.wav,train
random_stratified,4,05-02-02-01-13.wav,train
random_stratified,4,05-02-02-01-14.wav,train
random_stratified,4,05-02-02-01-15.wav,train
random_stratified,4,05-02-02-01-17.wav,train
random_stratified,4,05-02-02-01-18.wav,train
random_stratified,4,05-02-02-01-19.wav,train
random_stratified,4,05-02-02-01-20.wav,train
random_stratified,4,05-02-02-01-21.wav,train
random_stratified,4,05-02-02-01-22.wav,train
random_stratified,4,05-02-02-01-23.wav,train
random_stratified,4,05-02-02-01-24.wav,train
random_stratified,4,05-02-02-02-01.wav,train
random_stratified,4,05-02-02-02-02.wav,train
random_stratified,4,05-02-02-02-03.wav,train
random_stratified,4,05-02-02-02-04.wav,train
random_stratified,4,05-02-02-02-05.wav,train
random_stratified,4,05-02-02-02-06.wav,train
random_stratified,4,05-02-02-02-07.wav,train
random_stratified,4,05-02-02-02-09.wav,train
random_stratified,4,05-02-02-02-11.wav,train
random_stratified,4,05-02-02-02-12.wav,train
random_stratified,4,05-02-02-02-14.wav,train
random_stratified,4,05-02-02-02-15.wav,train
random_stratified,4,05-02-02-02-16.wav,train
random_stratified,4,05-02-02-02-17.wav,train
random_stratified,4,05-02-02-02-18.wav,train
random_stratified,4,05-02-02-02-19.wav,train
random_stratified,4,05-02-02-02-20.wav,train
random_stratified,4,05-02-02-02-21.wav,train
random_stratified,4,05-02-02-02-24.wav,train
random_stratified,4,06-01-01-01-01.wav,train
random_stratified,4,06-01-01-01-02.wav,train
random_stratified,4,06-01-01-01-04.wav,train
random_stratified,4,06-01-01-01-05.wav,train
random_stratified,4,06-01-01-01-06.wav,train
random_stratified,4,06-01-01-01-07.wav,train
random_stratified,4,06-01-01-01-08.wav,train
random_stratified,4,06-01-01-01-09.wav,train
random_stratified,4,06-01-01-01-10.wav,train
random_stratified,4,06-01-01-01-11.wav,train
random_stratified,4,06-01-01-01-12.wav,train
random_stratified,4,06-01-01-01-14.wav,train
random_stratified,4,06-01-01-01-16.wav,train
random_stratified,4,06-01-01-01-17.wav,train
random_stratified,4,06-01-01-01-18.wav,train
random_stratified,4,06-01-01-01-19.wav,train
random_stratified,4,06-01-01-01-20.wav,train
random_stratified,4,06-01-01-01-21.wav,train
random_stratified,4,06-01-01-01-22.wav,train
random_stratified,4,06-01-01-01-23.wav,train
random_stratified,4,06-01-01-01-24.wav,train
random_stratified,4,06-01-01-02-01.wav,train
random_stratified,4,06-01-01-02-03.wav,train
random_stratified,4,06-01-01-02-04.wav,train
random_stratified,4,06-01-01-02-05.wav,train
random_stratified,4,06-01-01-02-08.wav,train
random_stratified,4,06-01-01-02-09.wav,train
random_stratified,4,06-01-01-02-10.wav,train
random_stratified,4,06-01-01-02-11.wav,train
random_stratified,4,06-01-01-02-12.wav,train
random_stratified,4,06-01-01-02-13.wav,train
random_stratified,4,06-01-01-02-14.wav,train
random_stratified,4,06-01-01-02-15.wav,train
random_stratified,4,06-01-01-02-16.wav,train
random_stratified,4,06-01-01-02-18.wav,train
random_stratified,4,06-01-01-02-19.wav,train
random_stratified,4,06-01-01-02-20.wav,train
random_stratified,4,06-01-01-02-21.wav,train
random_stratified,4,06-01-01-02-22.wav,train
random_stratified,4,06-01-01-02-23.wav,train
random_stratified,4,06-01-01-02-24.wav,train
random_stratified,4,06-01-02-01-01.wav,train
random_stratified,4,06-01-02-01-02.wav,train
random_stratified,4,06-01-02-01-03.wav,train
random_stratified,4,06-01-02-01-04.wav,train
random_stratified,4,06-01-02-01-05.wav,train
random_stratified,4,06-01-02-01-06.wav,train
random_stratified,4,06-01-02-01-07.wav,train
random_stratified,4,06-01-02-01-08.wav,train
random_stratified,4,06-01-02-01-11.wav,train
random_stratified,4,06-01-02-01-12.wav,train
random_stratified,4,06-01-02-01-13.wav,train
random_stratified,4,06-01-02-01-14.wav,train
random_stratified,4,06-01-02-01-15.wav,train
random_stratified,4,06-01-02-01-16.wav,train
random_stratified,4,06-01-02-01-17.wav,train
random_stratified,4,06-01-02-01-18.wav,train
random_stratified,4,06-01-02-01-19.wav,train
random_stratified,4,06-01-02-01-21.wav,train
random_stratified,4,06-01-02-01-22.wav,train
random_stratified,4,06-01-02-01-23.wav,train
random_stratified,4,06-01-02-01-24.wav,train
random_stratified,4,06-01-02-02-01.wav,train
random_stratified,4,06-01-02-02-02.wav,train
random_stratified,4,06-01-02-02-03.wav,train
random_stratified,4,06-01-02-02-04.wav,train
random_stratified,4,06-01-02-02-05.wav,train
random_stratified,4,06-01-02-02-07.wav,train
random_stratified,4,06-01-02-02-08.wav,train
random_stratified,4,06-01-02-02-09.wav,train
random_stratified,4,06-01-02-02-10.wav,train
random_stratified,4,06-01-02-02-11.wav,train
random_stratified,4,06-01-02-02-13.wav,train
random_stratified,4,06-01-02-02-14.wav,train
random_stratified,4,06-01-02-02-16.wav,train
random_stratified,4,06-01-02-02-17.wav,train
random_stratified,4,06-01-02-02-18.wav,train
random_stratified,4,06-01-02-02-19.wav,train
random_stratified,4,06-01-02-02-20.wav,train
random_stratified,4,06-01-02-02-21.wav,train
random_stratified,4,06-01-02-02-22.wav,train
random_stratified,4,06-01-02-02-23.wav,train
random_stratified,4,06-01-02-02-24.wav,train
random_stratified,4,06-02-01-01-02.wav,train
random_stratified,4,06-02-01-01-03.wav,train
random_stratified,4,06-02-01-01-05.wav,train
random_stratified,4,06-02-01-01-06.wav,train
random_stratified,4,06-02-01-01-08.wav,train
random_stratified,4,06-02-01-01-09.wav,train
random_stratified,4,06-02-01-01-11.wav,train
random_stratified,4,06-02-01-01-12.wav,train
random_stratified,4,06-02-01-01-14.wav,train
random_stratified,4,06-02-01-01-15.wav,train
random_stratified,4,06-02-01-01-17.wav,train
random_stratified,4,06-02-01-01-18.wav,train
random_stratified,4,06-02-01-01-19.wav,train
random_stratified,4,06-02-01-01-20.wav,train
random_stratified,4,06-02-01-01-22.wav,train
random_stratified,4,06-02-01-01-23.wav,train
random_stratified,4,06-02-01-01-24.wav,train
random_stratified,4,06-02-01-02-01.wav,train
random_stratified,4,06-02-01-02-03.wav,train
random_stratified,4,06-02-01-02-05.wav,train
random_stratified,4,06-02-01-02-07.wav,train
random_stratified,4,06-02-01-02-08.wav,train
random_stratified,4,06-02-01-02-09.wav,train
random_stratified,4,06-02-01-02-12.wav,train
random_stratified,4,06-02-01-02-14.wav,train
random_stratified,4,06-02-01-02-16.wav,train
random_stratified,4,06-02-01-02-18.wav,train
random_stratified,4,06-02-01-02-19.wav,train
random_stratified,4,06-02-01-02-20.wav,train
random_stratified,4,06-02-01-02-21.wav,train
random_stratified,4,06-02-01-02-23.wav,train
random_stratified,4,06-02-01-02-24.wav,train
random_stratified,4,06-02-02-01-01.wav,train
random_stratified,4,06-02-02-01-02.wav,train
random_stratified,4,06-02-02-01-03.wav,train
random_stratified,4,06-02-02-01-04.wav,train
random_stratified,4,06-02-02-01-06.wav,train
random_stratified,4,06-02-02-01-07.wav,train
random_stratified,4,06-02-02-01-08.wav,train
random_stratified,4,06-02-02-01-09.wav,train
random_stratified,4,06-02-02-01-10.wav,train
random_stratified,4,06-02-02-01-12.wav,train
random_stratified,4,06-02-02-01-13.wav,train
random_stratified,4,06-02-02-01-14.wav,train
random_stratified,4,06-02-02-01-16.wav,train
random_stratified,4,06-02-02-01-17.wav,train
random_stratified,4,06-02-02-01-18.wav,train
random_stratified,4,06-02-02-01-19.wav,train
random_stratified,4,06-02-02-01-20.wav,train
random_stratified,4,06-02-02-01-22.wav,train
random_stratified,4,06-02-02-01-23.wav,train
random_stratified,4,06-02-02-01-24.wav,train
random_stratified,4,06-02-02-02-01.wav,train
random_stratified,4,06-02-02-02-02.wav,train
random_stratified,4,06-02-02-02-03.wav,train
random_stratified,4,06-02-02-02-04.wav,train
random_stratified,4,06-02-02-02-05.wav,train
random_stratified,4,06-02-02-02-06.wav,train
random_stratified,4,06-02-02-02-07.wav,train
random_stratified,4,06-02-02-02-09.wav,train
random_stratified,4,06-02-02-02-11.wav,train
random_stratified,4,06-02-02-02-12.wav,train
random_stratified,4,06-02-02-02-13.wav,train
random_stratified,4,06-02-02-02-16.wav,train
random_stratified,4,06-02-02-02-18.wav,train
random_stratified,4,06-02-02-02-19.wav,train
random_stratified,4,06-02-02-02-20.wav,train
random_stratified,4,06-02-02-02-22.wav,train
random_stratified,4,06-02-02-02-23.wav,train
random_stratified,4,06-02-02-02-24.wav,train
random_stratified,4,07-01-01-01-01.wav,train
random_stratified,4,07-01-01-01-02.wav,train
random_stratified,4,07-01-01-01-04.wav,train
random_stratified,4,07-01-01-01-05.wav,train
random_stratified,4,07-01-01-01-06.wav,train
random_stratified,4,07-01-01-01-07.wav,train
random_stratified,4,07-01-01-01-09.wav,train
random_stratified,4,07-01-01-01-11.wav,train
random_stratified,4,07-01-01-01-12.wav,train
random_stratified,4,07-01-01-01-13.wav,train
random_stratified,4,07-01-01-01-14.wav,train
random_stratified,4,07-01-01-01-15.wav,train
random_stratified,4,07-01-01-01-16.wav,train
random_stratified,4,07-01-01-01-17.wav,train
random_stratified,4,07-01-01-01-18.wav,train
random_stratified,4,07-01-01-01-20.wav,train
random_stratified,4,07-01-01-01-21.wav,train
random_stratified,4,07-01-01-01-22.wav,train
random_stratified,4,07-01-01-01-23.wav,train
random_stratified,4,07-01-01-01-24.wav,train
random_stratified,4,07-01-01-02-01.wav,train
random_stratified,4,07-01-01-02-03.wav,train
random_stratified,4,07-01-01-02-04.wav,train
random_stratified,4,07-01-01-02-05.wav,train
random_stratified,4,07-01-01-02-06.wav,train
random_stratified,4,07-01-01-02-07.wav,train
random_stratified,4,07-01-01-02-08.wav,train
random_stratified,4,07-01-01-02-09.wav,train
random_stratified,4,07-01-01-02-10.wav,train
random_stratified,4,07-01-01-02-11.wav,train
random_stratified,4,07-01-01-02-12.wav,train
random_stratified,4,07-01-01-02-14.wav,train
random_stratified,4,07-01-01-02-15.wav,train
random_stratified,4,07-01-01-02-16.wav,train
random_stratified,4,07-01-01-02-17.wav,train
random_stratified,4,07-01-01-02-18.wav,train
random_stratified,4,07-01-01-02-21.wav,train
random_stratified,4,07-01-01-02-22.wav,train
random_stratified,4,07-01-01-02-23.wav,train
random_stratified,4,07-01-01-02-24.wav,train
random_stratified,4,07-01-02-01-01.wav,train
random_stratified,4,07-01-02-01-02.wav,train
random_stratified,4,07-01-02-01-05.wav,train
random_stratified,4,07-01-02-01-06.wav,train
random_stratified,4,07-01-02-01-08.wav,train
random_stratified,4,07-01-02-01-09.wav,train
random_stratified,4,07-01-02-01-10.wav,train
random_stratified,4,07-01-02-01-12.wav,train
random_stratified,4,07-01-02-01-13.wav,train
random_stratified,4,07-01-02-01-15.wav,train
random_stratified,4,07-01-02-01-16.wav,train
random_stratified,4,07-01-02-01-17.wav,train
random_stratified,4,07-01-02-01-18.wav,train
random_stratified,4,07-01-02-01-19.wav,train
random_stratified,4,07-01-02-01-20.wav,train
random_stratified,4,07-01-02-01-21.wav,train
random_stratified,4,07-01-02-01-24.wav,train
random_stratified,4,07-01-02-02-01.wav,train
random_stratified,4,07-01-02-02-02.wav,train
random_stratified,4,07-01-02-02-03.wav,train
random_stratified,4,07-01-02-02-04.wav,train
random_stratified,4,07-01-02-02-05.wav,train
random_stratified,4,07-01-02-02-06.wav,train
random_stratified,4,07-01-02-02-07.wav,train
random_stratified,4,07-01-02-02-08.wav,train
random_stratified,4,07-01-02-02-11.wav,train
random_stratified,4,07-01-02-02-12.wav,train
random_stratified,4,07-01-02-02-13.wav,train
random_stratified,4,07-01-02-02-14.wav,train
random_stratified,4,07-01-02-02-17.wav,train
random_stratified,4,07-01-02-02-19.wav,train
random_stratified,4,07-01-02-02-23.wav,train
random_stratified,4,07-01-02-02-24.wav,train
random_stratified,4,07-02-01-01-01.wav,train
random_stratified,4,07-02-01-01-02.wav,train
random_stratified,4,07-02-01-01-03.wav,train
random_stratified,4,07-02-01-01-04.wav,train
random_stratified,4,07-02-01-01-05.wav,train
random_stratified,4,07-02-01-01-07.wav,train
random_stratified,4,07-02-01-01-08.wav,train
random_stratified,4,07-02-01-01-09.wav,train
random_stratified,4,07-02-01-01-10.wav,train
random_stratified,4,07-02-01-01-14.wav,train
random_stratified,4,07-02-01-01-15.wav,train
random_stratified,4,07-02-01-01-17.wav,train
random_stratified,4,07-02-01-01-18.wav,train
random_stratified,4,07-02-01-01-19.wav,train
random_stratified,4,07-02-01-01-20.wav,train
random_stratified,4,07-02-01-01-21.wav,train
random_stratified,4,07-02-01-01-23.wav,train
random_stratified,4,07-02-01-01-24.wav,train
random_stratified,4,07-02-01-02-02.wav,train
random_stratified,4,07-02-01-02-03.wav,train
random_stratified,4,07-02-01-02-04.wav,train
random_stratified,4,07-02-01-02-05.wav,train
random_stratified,4,07-02-01-02-06.wav,train
random_stratified,4,07-02-01-02-07.wav,train
random_stratified,4,07-02-01-02-08.wav,train
random_stratified,4,07-02-01-02-09.wav,train
random_stratified,4,07-02-01-02-10.wav,train
random_stratified,4,07-02-01-02-11.wav,train
random_stratified,4,07-02-01-02-12.wav,train
random_stratified,4,07-02-01-02-13.wav,train
random_stratified,4,07-02-01-02-15.wav,train
random_stratified,4,07-02-01-02-16.wav,train
random_stratified,4,07-02-01-02-17.wav,train
random_stratified,4,07-02-01-02-18.wav,train
random_stratified,4,07-02-01-02-19.wav,train
random_stratified,4,07-02-01-02-20.wav,train
random_stratified,4,07-02-01-02-21.wav,train
random_stratified,4,07-02-01-02-22.wav,train
random_stratified,4,07-02-01-02-23.wav,train
random_stratified,4,07-02-01-02-24.wav,train
random_stratified,4,07-02-02-01-01.wav,train
random_stratified,4,07-02-02-01-02.wav,train
random_stratified,4,07-02-02-01-03.wav,train
random_stratified,4,07-02-02-01-05.wav,train
random_stratified,4,07-02-02-01-06.wav,train
random_stratified,4,07-02-02-01-07.wav,train
random_stratified,4,07-02-02-01-08.wav,train
random_stratified,4,07-02-02-01-09.wav,train
random_stratified,4,07-02-02-01-10.wav,train
random_stratified,4,07-02-02-01-11.wav,train
random_stratified,4,07-02-02-01-12.wav,train
random_stratified,4,07-02-02-01-13.wav,train
random_stratified,4,07-02-02-01-14.wav,train
random_stratified,4,07-02-02-01-15.wav,train
random_stratified,4,07-02-02-01-16.wav,train
random_stratified,4,07-02-02-01-17.wav,train
random_stratified,4,07-02-02-01-18.wav,train
random_stratified,4,07-02-02-01-20.wav,train
random_stratified,4,07-02-02-01-23.wav,train
random_stratified,4,07-02-02-02-01.wav,train
random_stratified,4,07-02-02-02-03.wav,train
random_stratified,4,07-02-02-02-04.wav,train
random_stratified,4,07-02-02-02-05.wav,train
random_stratified,4,07-02-02-02-06.wav,train
random_stratified,4,07-02-02-02-07.wav,train
random_stratified,4,07-02-02-02-08.wav,train
random_stratified,4,07-02-02-02-09.wav,train
random_stratified,4,07-02-02-02-10.wav,train
random_stratified,4,07-02-02-02-11.wav,train
random_stratified,4,07-02-02-02-12.wav,train
random_stratified,4,07-02-02-02-13.wav,train
random_stratified,4,07-02-02-02-14.wav,train
random_stratified,4,07-02-02-02-15.wav,train
random_stratified,4,07-02-02-02-16.wav,train
random_stratified,4,07-02-02-02-17.wav,train
random_stratified,4,07-02-02-02-18.wav,train
random_stratified,4,07-02-02-02-19.wav,train
random_stratified,4,07-02-02-02-20.wav,train
random_stratified,4,07-02-02-02-21.wav,train
random_stratified,4,07-02-02-02-22.wav,train
random_stratified,4,07-02-02-02-23.wav,train
random_stratified,4,08-01-01-01-01.wav,train
random_stratified,4,08-01-01-01-02.wav,train
random_stratified,4,08-01-01-01-05.wav,train
random_stratified,4,08-01-01-01-06.wav,train
random_stratified,4,08-01-01-01-07.wav,train
random_stratified,4,08-01-01-01-08.wav,train
random_stratified,4,08-01-01-01-09.wav,train
random_stratified,4,08-01-01-01-13.wav,train
random_stratified,4,08-01-01-01-15.wav,train
random_stratified,4,08-01-01-01-16.wav,train
random_stratified,4,08-01-01-01-17.wav,train
random_stratified,4,08-01-01-01-18.wav,train
random_stratified,4,08-01-01-01-20.wav,train
random_stratified,4,08-01-01-01-21.wav,train
random_stratified,4,08-01-01-01-22.wav,train
random_stratified,4,08-01-01-01-23.wav,train
random_stratified,4,08-01-01-01-24.wav,train
random_stratified,4,08-01-01-02-01.wav,train
random_stratified,4,08-01-01-02-02.wav,train
random_stratified,4,08-01-01-02-03.wav,train
random_stratified,4,08-01-01-02-04.wav,train
random_stratified,4,08-01-01-02-05.wav,train
random_stratified,4,08-01-01-02-06.wav,train
random_stratified,4,08-01-01-02-08.wav,train
random_stratified,4,08-01-01-02-09.wav,train
random_stratified,4,08-01-01-02-10.wav,train
random_stratified,4,08-01-01-02-12.wav,train
random_stratified,4,08-01-01-02-13.wav,train
random_stratified,4,08-01-01-02-14.wav,train
random_stratified,4,08-01-01-02-15.wav,train
random_stratified,4,08-01-01-02-16.wav,train
random_stratified,4,08-01-01-02-17.wav,train
random_stratified,4,08-01-01-02-19.wav,train
random_stratified,4,08-01-01-02-20.wav,train
random_stratified,4,08-01-01-02-21.wav,train
random_stratified,4,08-01-01-02-22.wav,train
random_stratified,4,08-01-01-02-23.wav,train
random_stratified,4,08-01-02-01-02.wav,train
random_stratified,4,08-01-02-01-03.wav,train
random_stratified,4,08-01-02-01-06.wav,train
random_stratified,4,08-01-02-01-07.wav,train
random_stratified,4,08-01-02-01-08.wav,train
random_stratified,4,08-01-02-01-09.wav,train
random_stratified,4,08-01-02-01-10.wav,train
random_stratified,4,08-01-02-01-11.wav,train
random_stratified,4,08-01-02-01-12.wav,train
random_stratified,4,08-01-02-01-13.wav,train
random_stratified,4,08-01-02-01-14.wav,train
random_stratified,4,08-01-02-01-15.wav,train
random_stratified,4,08-01-02-01-16.wav,train
random_stratified,4,08-01-02-01-17.wav,train
random_stratified,4,08-01-02-01-19.wav,train
random_stratified,4,08-01-02-01-20.wav,train
random_stratified,4,08-01-02-01-21.wav,train
random_stratified,4,08-01-02-01-22.wav,train
random_stratified,4,08-01-02-01-23.wav,train
random_stratified,4,08-01-02-02-01.wav,train
random_stratified,4,08-01-02-02-02.wav,train
random_stratified,4,08-01-02-02-04.wav,train
random_stratified,4,08-01-02-02-05.wav,train
random_stratified,4,08-01-02-02-06.wav,train
random_stratified,4,08-01-02-02-07.wav,train
random_stratified,4,08-01-02-02-08.wav,train
random_stratified,4,08-01-02-02-09.wav,train
random_stratified,4,08-01-02-02-10.wav,train
random_stratified,4,08-01-02-02-11.wav,train
random_stratified,4,08-01-02-02-14.wav,train
random_stratified,4,08-01-02-02-16.wav,train
random_stratified,4,08-01-02-02-17.wav,train
random_stratified,4,08-01-02-02-18.wav,train
random_stratified,4,08-01-02-02-19.wav,train
random_stratified,4,08-01-02-02-20.wav,train
random_stratified,4,08-01-02-02-21.wav,train
random_stratified,4,08-01-02-02-22.wav,train
random_stratified,4,08-01-02-02-24.wav,train
random_stratified,4,08-02-01-01-01.wav,train
random_stratified,4,08-02-01-01-02.wav,train
random_stratified,4,08-02-01-01-05.wav,train
random_stratified,4,08-02-01-01-06.wav,train
random_stratified,4,08-02-01-01-07.wav,train
random_stratified,4,08-02-01-01-08.wav,train
random_stratified,4,08-02-01-01-10.wav,train
random_stratified,4,08-02-01-01-11.wav,train
random_stratified,4,08-02-01-01-12.wav,train
random_stratified,4,08-02-01-01-13.wav,train
random_stratified,4,08-02-01-01-14.wav,train
random_stratified,4,08-02-01-01-15.wav,train
random_stratified,4,08-02-01-01-16.wav,train
random_stratified,4,08-02-01-01-17.wav,train
random_stratified,4,08-02-01-01-18.wav,train
random_stratified,4,08-02-01-01-19.wav,train
random_stratified,4,08-02-01-01-20.wav,train
random_stratified,4,08-02-01-01-21.wav,train
random_stratified,4,08-02-01-01-22.wav,train
random_stratified,4,08-02-01-01-23.wav,train
random_stratified,4,08-02-01-01-24.wav,train
random_stratified,4,08-02-01-02-01.wav,train
random_stratified,4,08-02-01-02-02.wav,train
random_stratified,4,08-02-01-02-04.wav,train
random_stratified,4,08-02-01-02-05.wav,train
random_stratified,4,08-02-01-02-06.wav,train
random_stratified,4,08-02-01-02-07.wav,train
random_stratified,4,08-02-01-02-08.wav,train
random_stratified,4,08-02-01-02-09.wav,train
random_stratified,4,08-02-01-02-11.wav,train
random_stratified,4,08-02-01-02-12.wav,train
random_stratified,4,08-02-01-02-13.wav,train
random_stratified,4,08-02-01-02-14.wav,train
random_stratified,4,08-02-01-02-15.wav,train
random_stratified,4,08-02-01-02-16.wav,train
random_stratified,4,08-02-01-02-17.wav,train
random_stratified,4,08-02-01-02-19.wav,train
random_stratified,4,08-02-01-02-21.wav,train
random_stratified,4,08-02-01-02-22.wav,train
random_stratified,4,08-02-01-02-23.wav,train
random_stratified,4,08-02-02-01-01.wav,train
random_stratified,4,08-02-02-01-03.wav,train
random_stratified,4,08-02-02-01-04.wav,train
random_stratified,4,08-02-02-01-05.wav,train
random_stratified,4,08-02-02-01-06.wav,train
random_stratified,4,08-02-02-01-07.wav,train
random_stratified,4,08-02-02-01-09.wav,train
random_stratified,4,08-02-02-01-10.wav,train
random_stratified,4,08-02-02-01-13.wav,train
random_stratified,4,08-02-02-01-14.wav,train
random_stratified,4,08-02-02-01-15.wav,train
random_stratified,4,08-02-02-01-17.wav,train
random_stratified,4,08-02-02-01-18.wav,train
random_stratified,4,08-02-02-01-19.wav,train
random_stratified,4,08-02-02-01-20.wav,train
random_stratified,4,08-02-02-01-21.wav,train
random_stratified,4,08-02-02-01-22.wav,train
random_stratified,4,08-02-02-01-23.wav,train
random_stratified,4,08-02-02-01-24.wav,train
random_stratified,4,08-02-02-02-01.wav,train
random_stratified,4,08-02-02-02-03.wav,train
random_stratified,4,08-02-02-02-04.wav,train
random_stratified,4,08-02-02-02-05.wav,train
random_stratified,4,08-02-02-02-07.wav,train
random_stratified,4,08-02-02-02-08.wav,train
random_stratified,4,08-02-02-02-09.wav,train
random_stratified,4,08-02-02-02-13.wav,train
random_stratified,4,08-02-02-02-14.wav,train
random_stratified,4,08-02-02-02-15.wav,train
random_stratified,4,08-02-02-02-16.wav,train
random_stratified,4,08-02-02-02-17.wav,train
random_stratified,4,08-02-02-02-18.wav,train
random_stratified,4,08-02-02-02-19.wav,train
random_stratified,4,08-02-02-02-20.wav,train
random_stratified,4,08-02-02-02-21.wav,train
random_stratified,4,08-02-02-02-22.wav,train
random_stratified,4,08-02-02-02-23.wav,train
random_stratified,4,08-02-02-02-24.wav,train
statement_holdout,0,01-01-02-01-01.wav,test
statement_holdout,0,01-01-02-01-02.wav,test
statement_holdout,0,01-01-02-01-03.wav,test
statement_holdout,0,01-01-02-01-04.wav,test
statement_holdout,0,01-01-02-01-05.wav,test
statement_holdout,0,01-01-02-01-06.wav,test
statement_holdout,0,01-01-02-01-07.wav,test
statement_holdout,0,01-01-02-01-08.wav,test
statement_holdout,0,01-01-02-01-09.wav,test
statement_holdout,0,01-01-02-01-10.wav,test
statement_holdout,0,01-01-02-01-11.wav,test
statement_holdout,0,01-01-02-01-12.wav,test
statement_holdout,0,01-01-02-01-13.wav,test
statement_holdout,0,01-01-02-01-14.wav,test
statement_holdout,0,01-01-02-01-15.wav,test
statement_holdout,0,01-01-02-01-16.wav,test
statement_holdout,0,01-01-02-01-17.wav,test
statement_holdout,0,01-01-02-01-18.wav,test
statement_holdout,0,01-01-02-01-19.wav,test
statement_holdout,0,01-01-02-01-20.wav,test
statement_holdout,0,01-01-02-01-21.wav,test
statement_holdout,0,01-01-02-01-22.wav,test
statement_holdout,0,01-01-02-01-23.wav,test
statement_holdout,0,01-01-02-01-24.wav,test
statement_holdout,0,01-01-02-02-01.wav,test
statement_holdout,0,01-01-02-02-02.wav,test
statement_holdout,0,01-01-02-02-03.wav,test
statement_holdout,0,01-01-02-02-04.wav,test
statement_holdout,0,01-01-02-02-05.wav,test
statement_holdout,0,01-01-02-02-06.wav,test
statement_holdout,0,01-01-02-02-07.wav,test
statement_holdout,0,01-01-02-02-08.wav,test
statement_holdout,0,01-01-02-02-09.wav,test
statement_holdout,0,01-01-02-02-10.wav,test
statement_holdout,0,01-01-02-02-11.wav,test
statement_holdout,0,01-01-02-02-12.wav,test
statement_holdout,0,01-01-02-02-13.wav,test
statement_holdout,0,01-01-02-02-14.wav,test
statement_holdout,0,01-01-02-02-15.wav,test
statement_holdout,0,01-01-02-02-16.wav,test
statement_holdout,0,01-01-02-02-17.wav,test
statement_holdout,0,01-01-02-02-18.wav,test
statement_holdout,0,01-01-02-02-19.wav,test
statement_holdout,0,01-01-02-02-20.wav,test
statement_holdout,0,01-01-02-02-21.wav,test
statement_holdout,0,01-01-02-02-22.wav,test
statement_holdout,0,01-01-02-02-23.wav,test
statement_holdout,0,01-01-02-02-24.wav,test
statement_holdout,0,02-01-02-01-01.wav,test
statement_holdout,0,02-01-02-01-02.wav,test
statement_holdout,0,02-01-02-01-03.wav,test
statement_holdout,0,02-01-02-01-04.wav,test
statement_holdout,0,02-01-02-01-05.wav,test
statement_holdout,0,02-01-02-01-06.wav,test
statement_holdout,0,02-01-02-01-07.wav,test
statement_holdout,0,02-01-02-01-08.wav,test
statement_holdout,0,02-01-02-01-09.wav,test
statement_holdout,0,02-01-02-01-10.wav,test
statement_holdout,0,02-01-02-01-11.wav,test
statement_holdout,0,02-01-02-01-12.wav,test
statement_holdout,0,02-01-02-01-13.wav,test
statement_holdout,0,02-01-02-01-14.wav,test
statement_holdout,0,02-01-02-01-15.wav,test
statement_holdout,0,02-01-02-01-16.wav,test
statement_holdout,0,02-01-02-01-17.wav,test
statement_holdout,0,02-01-02-01-18.wav,test
statement_holdout,0,02-01-02-01-19.wav,test
statement_holdout,0,02-01-02-01-20.wav,test
statement_holdout,0,02-01-02-01-21.wav,test
statement_holdout,0,02-01-02-01-22.wav,test
statement_holdout,0,02-01-02-01-23.wav,test
statement_holdout,0,02-01-02-01-24.wav,test
statement_holdout,0,02-01-02-02-01.wav,test
statement_holdout,0,02-01-02-02-02.wav,test
statement_holdout,0,02-01-02-02-03.wav,test
statement_holdout,0,02-01-02-02-04.wav,test
statement_holdout,0,02-01-02-02-05.wav,test
statement_holdout,0,02-01-02-02-06.wav,test
statement_holdout,0,02-01-02-02-07.wav,test
statement_holdout,0,02-01-02-02-08.wav,test
statement_holdout,0,02-01-02-02-09.wav,test
statement_holdout,0,02-01-02-02-10.wav,test
statement_holdout,0,02-01-02-02-11.wav,test
statement_holdout,0,02-01-02-02-12.wav,test
statement_holdout,0,02-01-02-02-13.wav,test
statement_holdout,0,02-01-02-02-14.wav,test
statement_holdout,0,02-01-02-02-15.wav,test
statement_holdout,0,02-01-02-02-16.wav,test
statement_holdout,0,02-01-02-02-17.wav,test
statement_holdout,0,02-01-02-02-18.wav,test
statement_holdout,0,02-01-02-02-19.wav,test
statement_holdout,0,02-01-02-02-20.wav,test
statement_holdout,0,02-01-02-02-21.wav,test
statement_holdout,0,02-01-02-02-22.wav,test
statement_holdout,0,02-01-02-02-23.wav,test
statement_holdout,0,02-01-02-02-24.wav,test
statement_holdout,0,02-02-02-01-01.wav,test
statement_holdout,0,02-02-02-01-02.wav,test
statement_holdout,0,02-02-02-01-03.wav,test
statement_holdout,0,02-02-02-01-04.wav,test
statement_holdout,0,02-02-02-01-05.wav,test
statement_holdout,0,02-02-02-01-06.wav,test
statement_holdout,0,02-02-02-01-07.wav,test
statement_holdout,0,02-02-02-01-08.wav,test
statement_holdout,0,02-02-02-01-09.wav,test
statement_holdout,0,02-02-02-01-10.wav,test
statement_holdout,0,02-02-02-01-11.wav,test
statement_holdout,0,02-02-02-01-12.wav,test
statement_holdout,0,02-02-02-01-13.wav,test
statement_holdout,0,02-02-02-01-14.wav,test
statement_holdout,0,02-02-02-01-15.wav,test
statement_holdout,0,02-02-02-01-16.wav,test
statement_holdout,0,02-02-02-01-17.wav,test
statement_holdout,0,02-02-02-01-18.wav,test
statement_holdout,0,02-02-02-01-19.wav,test
statement_holdout,0,02-02-02-01-20.wav,test
statement_holdout,0,02-02-02-01-21.wav,test
statement_holdout,0,02-02-02-01-22.wav,test
statement_holdout,0,02-02-02-01-23.wav,test
statement_holdout,0,02-02-02-01-24.wav,test
statement_holdout,0,02-02-02-02-01.wav,test
statement_holdout,0,02-02-02-02-02.wav,test
statement_holdout,0,02-02-02-02-03.wav,test
statement_holdout,0,02-02-02-02-04.wav,test
statement_holdout,0,02-02-02-02-05.wav,test
statement_holdout,0,02-02-02-02-06.wav,test
statement_holdout,0,02-02-02-02-07.wav,test
statement_holdout,0,02-02-02-02-08.wav,test
statement_holdout,0,02-02-02-02-09.wav,test
statement_holdout,0,02-02-02-02-10.wav,test
statement_holdout,0,02-02-02-02-11.wav,test
statement_holdout,0,02-02-02-02-12.wav,test
statement_holdout,0,02-02-02-02-13.wav,test
statement_holdout,0,02-02-02-02-14.wav,test
statement_holdout,0,02-02-02-02-15.wav,test
statement_holdout,0,02-02-02-02-16.wav,test
statement_holdout,0,02-02-02-02-17.wav,test
statement_holdout,0,02-02-02-02-18.wav,test
statement_holdout,0,02-02-02-02-19.wav,test
statement_holdout,0,02-02-02-02-20.wav,test
statement_holdout,0,02-02-02-02-21.wav,test
statement_holdout,0,02-02-02-02-22.wav,test
statement_holdout,0,02-02-02-02-23.wav,test
statement_holdout,0,02-02-02-02-24.wav,test
statement_holdout,0,03-01-02-01-01.wav,test
statement_holdout,0,03-01-02-01-02.wav,test
statement_holdout,0,03-01-02-01-03.wav,test
statement_holdout,0,03-01-02-01-04.wav,test
statement_holdout,0,03-01-02-01-05.wav,test
statement_holdout,0,03-01-02-01-06.wav,test
statement_holdout,0,03-01-02-01-07.wav,test
statement_holdout,0,03-01-02-01-08.wav,test
statement_holdout,0,03-01-02-01-09.wav,test
statement_holdout,0,03-01-02-01-10.wav,test
statement_holdout,0,03-01-02-01-11.wav,test
statement_holdout,0,03-01-02-01-12.wav,test
statement_holdout,0,03-01-02-01-13.wav,test
statement_holdout,0,03-01-02-01-14.wav,test
statement_holdout,0,03-01-02-01-15.wav,test
statement_holdout,0,03-01-02-01-16.wav,test
statement_holdout,0,03-01-02-01-17.wav,test
statement_holdout,0,03-01-02-01-18.wav,test
statement_holdout,0,03-01-02-01-19.wav,test
statement_holdout,0,03-01-02-01-20.wav,test
statement_holdout,0,03-01-02-01-21.wav,test
statement_holdout,0,03-01-02-01-22.wav,test
statement_holdout,0,03-01-02-01-23.wav,test
statement_holdout,0,03-01-02-01-24.wav,test
statement_holdout,0,03-01-02-02-01.wav,test
statement_holdout,0,03-01-02-02-02.wav,test
statement_holdout,0,03-01-02-02-03.wav,test
statement_holdout,0,03-01-02-02-04.wav,test
statement_holdout,0,03-01-02-02-05.wav,test
statement_holdout,0,03-01-02-02-06.wav,test
statement_holdout,0,03-01-02-02-07.wav,test
statement_holdout,0,03-01-02-02-08.wav,test
statement_holdout,0,03-01-02-02-09.wav,test
statement_holdout,0,03-01-02-02-10.wav,test
statement_holdout,0,03-01-02-02-11.wav,test
statement_holdout,0,03-01-02-02-12.wav,test
statement_holdout,0,03-01-02-02-13.wav,test
statement_holdout,0,03-01-02-02-14.wav,test
statement_holdout,0,03-01-02-02-15.wav,test
statement_holdout,0,03-01-02-02-16.wav,test
statement_holdout,0,03-01-02-02-17.wav,test
statement_holdout,0,03-01-02-02-18.wav,test
statement_holdout,0,03-01-02-02-19.wav,test
statement_holdout,0,03-01-02-02-20.wav,test
statement_holdout,0,03-01-02-02-21.wav,test
statement_holdout,0,03-01-02-02-22.wav,test
statement_holdout,0,03-01-02-02-23.wav,test
statement_holdout,0,03-01-02-02-24.wav,test
statement_holdout,0,03-02-02-01-01.wav,test
statement_holdout,0,03-02-02-01-02.wav,test
statement_holdout,0,03-02-02-01-03.wav,test
statement_holdout,0,03-02-02-01-04.wav,test
statement_holdout,0,03-02-02-01-05.wav,test
statement_holdout,0,03-02-02-01-06.wav,test
statement_holdout,0,03-02-02-01-07.wav,test
statement_holdout,0,03-02-02-01-08.wav,test
statement_holdout,0,03-02-02-01-09.wav,test
statement_holdout,0,03-02-02-01-10.wav,test
statement_holdout,0,03-02-02-01-11.wav,test
statement_holdout,0,03-02-02-01-12.wav,test
statement_holdout,0,03-02-02-01-13.wav,test
statement_holdout,0,03-02-02-01-14.wav,test
statement_holdout,0,03-02-02-01-15.wav,test
statement_holdout,0,03-02-02-01-16.wav,test
statement_holdout,0,03-02-02-01-17.wav,test
statement_holdout,0,03-02-02-01-18.wav,test
statement_holdout,0,03-02-02-01-19.wav,test
statement_holdout,0,03-02-02-01-20.wav,test
statement_holdout,0,03-02-02-01-21.wav,test
statement_holdout,0,03-02-02-01-22.wav,test
statement_holdout,0,03-02-02-01-23.wav,test
statement_holdout,0,03-02-02-01-24.wav,test
statement_holdout,0,03-02-02-02-01.wav,test
statement_holdout,0,03-02-02-02-02.wav,test
statement_holdout,0,03-02-02-02-03.wav,test
statement_holdout,0,03-02-02-02-04.wav,test
statement_holdout,0,03-02-02-02-05.wav,test
statement_holdout,0,03-02-02-02-06.wav,test
statement_holdout,0,03-02-02-02-07.wav,test
statement_holdout,0,03-02-02-02-08.wav,test
statement_holdout,0,03-02-02-02-09.wav,test
statement_holdout,0,03-02-02-02-10.wav,test
statement_holdout,0,03-02-02-02-11.wav,test
statement_holdout,0,03-02-02-02-12.wav,test
statement_holdout,0,03-02-02-02-13.wav,test
statement_holdout,0,03-02-02-02-14.wav,test
statement_holdout,0,03-02-02-02-15.wav,test
statement_holdout,0,03-02-02-02-16.wav,test
statement_holdout,0,03-02-02-02-17.wav,test
statement_holdout,0,03-02-02-02-18.wav,test
statement_holdout,0,03-02-02-02-19.wav,test
statement_holdout,0,03-02-02-02-20.wav,test
statement_holdout,0,03-02-02-02-21.wav,test
statement_holdout,0,03-02-02-02-22.wav,test
statement_holdout,0,03-02-02-02-23.wav,test
statement_holdout,0,03-02-02-02-24.wav,test
statement_holdout,0,04-01-02-01-01.wav,test
statement_holdout,0,04-01-02-01-02.wav,test
statement_holdout,0,04-01-02-01-03.wav,test
statement_holdout,0,04-01-02-01-04.wav,test
statement_holdout,0,04-01-02-01-05.wav,test
statement_holdout,0,04-01-02-01-06.wav,test
statement_holdout,0,04-01-02-01-07.wav,test
statement_holdout,0,04-01-02-01-08.wav,test
statement_holdout,0,04-01-02-01-09.wav,test
statement_holdout,0,04-01-02-01-10.wav,test
statement_holdout,0,04-01-02-01-11.wav,test
statement_holdout,0,04-01-02-01-12.wav,test
statement_holdout,0,04-01-02-01-13.wav,test
statement_holdout,0,04-01-02-01-14.wav,test
statement_holdout,0,04-01-02-01-15.wav,test
statement_holdout,0,04-01-02-01-16.wav,test
statement_holdout,0,04-01-02-01-17.wav,test
statement_holdout,0,04-01-02-01-18.wav,test
statement_holdout,0,04-01-02-01-19.wav,test
statement_holdout,0,04-01-02-01-20.wav,test
statement_holdout,0,04-01-02-01-21.wav,test
statement_holdout,0,04-01-02-01-22.wav,test
statement_holdout,0,04-01-02-01-23.wav,test
statement_holdout,0,04-01-02-01-24.wav,test
statement_holdout,0,04-01-02-02-01.wav,test
statement_holdout,0,04-01-02-02-02.wav,test
statement_holdout,0,04-01-02-02-03.wav,test
statement_holdout,0,04-01-02-02-04.wav,test
statement_holdout,0,04-01-02-02-05.wav,test
statement_holdout,0,04-01-02-02-06.wav,test
statement_holdout,0,04-01-02-02-07.wav,test
statement_holdout,0,04-01-02-02-08.wav,test
statement_holdout,0,04-01-02-02-09.wav,test
statement_holdout,0,04-01-02-02-10.wav,test
statement_holdout,0,04-01-02-02-11.wav,test
statement_holdout,0,04-01-02-02-12.wav,test
statement_holdout,0,04-01-02-02-13.wav,test
statement_holdout,0,04-01-02-02-14.wav,test
statement_holdout,0,04-01-02-02-15.wav,test
statement_holdout,0,04-01-02-02-16.wav,test
statement_holdout,0,04-01-02-02-17.wav,test
statement_holdout,0,04-01-02-02-18.wav,test
statement_holdout,0,04-01-02-02-19.wav,test
statement_holdout,0,04-01-02-02-20.wav,test
statement_holdout,0,04-01-02-02-21.wav,test
statement_holdout,0,04-01-02-02-22.wav,test
statement_holdout,0,04-01-02-02-23.wav,test
statement_holdout,0,04-01-02-02-24.wav,test
statement_holdout,0,04-02-02-01-01.wav,test
statement_holdout,0,04-02-02-01-02.wav,test
statement_holdout,0,04-02-02-01-03.wav,test
statement_holdout,0,04-02-02-01-04.wav,test
statement_holdout,0,04-02-02-01-05.wav,test
statement_holdout,0,04-02-02-01-06.wav,test
statement_holdout,0,04-02-02-01-07.wav,test
statement_holdout,0,04-02-02-01-08.wav,test
statement_holdout,0,04-02-02-01-09.wav,test
statement_holdout,0,04-02-02-01-10.wav,test
statement_holdout,0,04-02-02-01-11.wav,test
statement_holdout,0,04-02-02-01-12.wav,test
statement_holdout,0,04-02-02-01-13.wav,test
statement_holdout,0,04-02-02-01-14.wav,test
statement_holdout,0,04-02-02-01-15.wav,test
statement_holdout,0,04-02-02-01-16.wav,test
statement_holdout,0,04-02-02-01-17.wav,test
statement_holdout,0,04-02-02-01-18.wav,test
statement_holdout,0,04-02-02-01-19.wav,test
statement_holdout,0,04-02-02-01-20.wav,test
statement_holdout,0,04-02-02-01-21.wav,test
statement_holdout,0,04-02-02-01-22.wav,test
statement_holdout,0,04-02-02-01-23.wav,test
statement_holdout,0,04-02-02-01-24.wav,test
statement_holdout,0,04-02-02-02-01.wav,test
statement_holdout,0,04-02-02-02-02.wav,test
statement_holdout,0,04-02-02-02-03.wav,test
statement_holdout,0,04-02-02-02-04.wav,test
statement_holdout,0,04-02-02-02-05.wav,test
statement_holdout,0,04-02-02-02-06.wav,test
statement_holdout,0,04-02-02-02-07.wav,test
statement_holdout,0,04-02-02-02-08.wav,test
statement_holdout,0,04-02-02-02-09.wav,test
statement_holdout,0,04-02-02-02-10.wav,test
statement_holdout,0,04-02-02-02-11.wav,test
statement_holdout,0,04-02-02-02-12.wav,test
statement_holdout,0,04-02-02-02-13.wav,test
statement_holdout,0,04-02-02-02-14.wav,test
statement_holdout,0,04-02-02-02-15.wav,test
statement_holdout,0,04-02-02-02-16.wav,test
statement_holdout,0,04-02-02-02-17.wav,test
statement_holdout,0,04-02-02-02-18.wav,test
statement_holdout,0,04-02-02-02-19.wav,test
statement_holdout,0,04-02-02-02-20.wav,test
statement_holdout,0,04-02-02-02-21.wav,test
statement_holdout,0,04-02-02-02-22.wav,test
statement_holdout,0,04-02-02-02-23.wav,test
statement_holdout,0,04-02-02-02-24.wav,test
statement_holdout,0,05-01-02-01-01.wav,test
statement_holdout,0,05-01-02-01-02.wav,test
statement_holdout,0,05-01-02-01-03.wav,test
statement_holdout,0,05-01-02-01-04.wav,test
statement_holdout,0,05-01-02-01-05.wav,test
statement_holdout,0,05-01-02-01-06.wav,test
statement_holdout,0,05-01-02-01-07.wav,test
statement_holdout,0,05-01-02-01-08.wav,test
statement_holdout,0,05-01-02-01-09.wav,test
statement_holdout,0,05-01-02-01-10.wav,test
statement_holdout,0,05-01-02-01-11.wav,test
statement_holdout,0,05-01-02-01-12.wav,test
statement_holdout,0,05-01-02-01-13.wav,test
statement_holdout,0,05-01-02-01-14.wav,test
statement_holdout,0,05-01-02-01-15.wav,test
statement_holdout,0,05-01-02-01-16.wav,test
statement_holdout,0,05-01-02-01-17.wav,test
statement_holdout,0,05-01-02-01-18.wav,test
statement_holdout,0,05-01-02-01-19.wav,test
statement_holdout,0,05-01-02-01-20.wav,test
statement_holdout,0,05-01-02-01-21.wav,test
statement_holdout,0,05-01-02-01-22.wav,test
statement_holdout,0,05-01-02-01-23.wav,test
statement_holdout,0,05-01-02-01-24.wav,test
statement_holdout,0,05-01-02-02-01.wav,test
statement_holdout,0,05-01-02-02-02.wav,test
statement_holdout,0,05-01-02-02-03.wav,test
statement_holdout,0,05-01-02-02-04.wav,test
statement_holdout,0,05-01-02-02-05.wav,test
statement_holdout,0,05-01-02-02-06.wav,test
statement_holdout,0,05-01-02-02-07.wav,test
statement_holdout,0,05-01-02-02-08.wav,test
statement_holdout,0,05-01-02-02-09.wav,test
statement_holdout,0,05-01-02-02-10.wav,test
statement_holdout,0,05-01-02-02-11.wav,test
statement_holdout,0,05-01-02-02-12.wav,test
statement_holdout,0,05-01-02-02-13.wav,test
statement_holdout,0,05-01-02-02-14.wav,test
statement_holdout,0,05-01-02-02-15.wav,test
statement_holdout,0,05-01-02-02-16.wav,test
statement_holdout,0,05-01-02-02-17.wav,test
statement_holdout,0,05-01-02-02-18.wav,test
statement_holdout,0,05-01-02-02-19.wav,test
statement_holdout,0,05-01-02-02-20.wav,test
statement_holdout,0,05-01-02-02-21.wav,test
statement_holdout,0,05-01-02-02-22.wav,test
statement_holdout,0,05-01-02-02-23.wav,test
statement_holdout,0,05-01-02-02-24.wav,test
statement_holdout,0,05-02-02-01-01.wav,test
statement_holdout,0,05-02-02-01-02.wav,test
statement_holdout,0,05-02-02-01-03.wav,test
statement_holdout,0,05-02-02-01-04.wav,test
statement_holdout,0,05-02-02-01-05.wav,test
statement_holdout,0,05-02-02-01-06.wav,test
statement_holdout,0,05-02-02-01-07.wav,test
statement_holdout,0,05-02-02-01-08.wav,test
statement_holdout,0,05-02-02-01-09.wav,test
statement_holdout,0,05-02-02-01-10.wav,test
statement_holdout,0,05-02-02-01-11.wav,test
statement_holdout,0,05-02-02-01-12.wav,test
statement_holdout,0,05-02-02-01-13.wav,test
statement_holdout,0,05-02-02-01-14.wav,test
statement_holdout,0,05-02-02-01-15.wav,test
statement_holdout,0,05-02-02-01-16.wav,test
statement_holdout,0,05-02-02-01-17.wav,test
statement_holdout,0,05-02-02-01-18.wav,test
statement_holdout,0,05-02-02-01-19.wav,test
statement_holdout,0,05-02-02-01-20.wav,test
statement_holdout,0,05-02-02-01-21.wav,test
statement_holdout,0,05-02-02-01-22.wav,test
statement_holdout,0,05-02-02-01-23.wav,test
statement_holdout,0,05-02-02-01-24.wav,test
statement_holdout,0,05-02-02-02-01.wav,test
statement_holdout,0,05-02-02-02-02.wav,test
statement_holdout,0,05-02-02-02-03.wav,test
statement_holdout,0,05-02-02-02-04.wav,test
statement_holdout,0,05-02-02-02-05.wav,test
statement_holdout,0,05-02-02-02-06.wav,test
statement_holdout,0,05-02-02-02-07.wav,test
statement_holdout,0,05-02-02-02-08.wav,test
statement_holdout,0,05-02-02-02-09.wav,test
statement_holdout,0,05-02-02-02-10.wav,test
statement_holdout,0,05-02-02-02-11.wav,test
statement_holdout,0,05-02-02-02-12.wav,test
statement_holdout,0,05-02-02-02-13.wav,test
statement_holdout,0,05-02-02-02-14.wav,test
statement_holdout,0,05-02-02-02-15.wav,test
statement_holdout,0,05-02-02-02-16.wav,test
statement_holdout,0,05-02-02-02-17.wav,test
statement_holdout,0,05-02-02-02-18.wav,test
statement_holdout,0,05-02-02-02-19.wav,test
statement_holdout,0,05-02-02-02-20.wav,test
statement_holdout,0,05-02-02-02-21.wav,test
statement_holdout,0,05-02-02-02-22.wav,test
statement_holdout,0,05-02-02-02-23.wav,test
statement_holdout,0,05-02-02-02-24.wav,test
statement_holdout,0,06-01-02-01-01.wav,test
statement_holdout,0,06-01-02-01-02.wav,test
statement_holdout,0,06-01-02-01-03.wav,test
statement_holdout,0,06-01-02-01-04.wav,test
statement_holdout,0,06-01-02-01-05.wav,test
statement_holdout,0,06-01-02-01-06.wav,test
statement_holdout,0,06-01-02-01-07.wav,test
statement_holdout,0,06-01-02-01-08.wav,test
statement_holdout,0,06-01-02-01-09.wav,test
statement_holdout,0,06-01-02-01-10.wav,test
statement_holdout,0,06-01-02-01-11.wav,test
statement_holdout,0,06-01-02-01-12.wav,test
statement_holdout,0,06-01-02-01-13.wav,test
statement_holdout,0,06-01-02-01-14.wav,test
statement_holdout,0,06-01-02-01-15.wav,test
statement_holdout,0,06-01-02-01-16.wav,test
statement_holdout,0,06-01-02-01-17.wav,test
statement_holdout,0,06-01-02-01-18.wav,test
statement_holdout,0,06-01-02-01-19.wav,test
statement_holdout,0,06-01-02-01-20.wav,test
statement_holdout,0,06-01-02-01-21.wav,test
statement_holdout,0,06-01-02-01-22.wav,test
statement_holdout,0,06-01-02-01-23.wav,test
statement_holdout,0,06-01-02-01-24.wav,test
statement_holdout,0,06-01-02-02-01.wav,test
statement_holdout,0,06-01-02-02-02.wav,test
statement_holdout,0,06-01-02-02-03.wav,test
statement_holdout,0,06-01-02-02-04.wav,test
statement_holdout,0,06-01-02-02-05.wav,test
statement_holdout,0,06-01-02-02-06.wav,test
statement_holdout,0,06-01-02-02-07.wav,test
statement_holdout,0,06-01-02-02-08.wav,test
statement_holdout,0,06-01-02-02-09.wav,test
statement_holdout,0,06-01-02-02-10.wav,test
statement_holdout,0,06-01-02-02-11.wav,test
statement_holdout,0,06-01-02-02-12.wav,test
statement_holdout,0,06-01-02-02-13.wav,test
statement_holdout,0,06-01-02-02-14.wav,test
statement_holdout,0,06-01-02-02-15.wav,test
statement_holdout,0,06-01-02-02-16.wav,test
statement_holdout,0,06-01-02-02-17.wav,test
statement_holdout,0,06-01-02-02-18.wav,test
statement_holdout,0,06-01-02-02-19.wav,test
statement_holdout,0,06-01-02-02-20.wav,test
statement_holdout,0,06-01-02-02-21.wav,test
statement_holdout,0,06-01-02-02-22.wav,test
statement_holdout,0,06-01-02-02-23.wav,test
statement_holdout,0,06-01-02-02-24.wav,test
statement_holdout,0,06-02-02-01-01.wav,test
statement_holdout,0,06-02-02-01-02.wav,test
statement_holdout,0,06-02-02-01-03.wav,test
statement_holdout,0,06-02-02-01-04.wav,test
statement_holdout,0,06-02-02-01-05.wav,test
statement_holdout,0,06-02-02-01-06.wav,test
statement_holdout,0,06-02-02-01-07.wav,test
statement_holdout,0,06-02-02-01-08.wav,test
statement_holdout,0,06-02-02-01-09.wav,test
statement_holdout,0,06-02-02-01-10.wav,test
statement_holdout,0,06-02-02-01-11.wav,test
statement_holdout,0,06-02-02-01-12.wav,test
statement_holdout,0,06-02-02-01-13.wav,test
statement_holdout,0,06-02-02-01-14.wav,test
statement_holdout,0,06-02-02-01-15.wav,test
statement_holdout,0,06-02-02-01-16.wav,test
statement_holdout,0,06-02-02-01-17.wav,test
statement_holdout,0,06-02-02-01-18.wav,test
statement_holdout,0,06-02-02-01-19.wav,test
statement_holdout,0,06-02-02-01-20.wav,test
statement_holdout,0,06-02-02-01-21.wav,test
statement_holdout,0,06-02-02-01-22.wav,test
statement_holdout,0,06-02-02-01-23.wav,test
statement_holdout,0,06-02-02-01-24.wav,test
statement_holdout,0,06-02-02-02-01.wav,test
statement_holdout,0,06-02-02-02-02.wav,test
statement_holdout,0,06-02-02-02-03.wav,test
statement_holdout,0,06-02-02-02-04.wav,test
statement_holdout,0,06-02-02-02-05.wav,test
statement_holdout,0,06-02-02-02-06.wav,test
statement_holdout,0,06-02-02-02-07.wav,test
statement_holdout,0,06-02-02-02-08.wav,test
statement_holdout,0,06-02-02-02-09.wav,test
statement_holdout,0,06-02-02-02-10.wav,test
statement_holdout,0,06-02-02-02-11.wav,test
statement_holdout,0,06-02-02-02-12.wav,test
statement_holdout,0,06-02-02-02-13.wav,test
statement_holdout,0,06-02-02-02-14.wav,test
statement_holdout,0,06-02-02-02-15.wav,test
statement_holdout,0,06-02-02-02-16.wav,test
statement_holdout,0,06-02-02-02-17.wav,test
statement_holdout,0,06-02-02-02-18.wav,test
statement_holdout,0,06-02-02-02-19.wav,test
statement_holdout,0,06-02-02-02-20.wav,test
statement_holdout,0,06-02-02-02-21.wav,test
statement_holdout,0,06-02-02-02-22.wav,test
statement_holdout,0,06-02-02-02-23.wav,test
statement_holdout,0,06-02-02-02-24.wav,test
statement_holdout,0,07-01-02-01-01.wav,test
statement_holdout,0,07-01-02-01-02.wav,test
statement_holdout,0,07-01-02-01-03.wav,test
statement_holdout,0,07-01-02-01-04.wav,test
statement_holdout,0,07-01-02-01-05.wav,test
statement_holdout,0,07-01-02-01-06.wav,test
statement_holdout,0,07-01-02-01-07.wav,test
statement_holdout,0,07-01-02-01-08.wav,test
statement_holdout,0,07-01-02-01-09.wav,test
statement_holdout,0,07-01-02-01-10.wav,test
statement_holdout,0,07-01-02-01-11.wav,test
statement_holdout,0,07-01-02-01-12.wav,test
statement_holdout,0,07-01-02-01-13.wav,test
statement_holdout,0,07-01-02-01-14.wav,test
statement_holdout,0,07-01-02-01-15.wav,test
statement_holdout,0,07-01-02-01-16.wav,test
statement_holdout,0,07-01-02-01-17.wav,test
statement_holdout,0,07-01-02-01-18.wav,test
statement_holdout,0,07-01-02-01-19.wav,test
statement_holdout,0,07-01-02-01-20.wav,test
statement_holdout,0,07-01-02-01-21.wav,test
statement_holdout,0,07-01-02-01-22.wav,test
statement_holdout,0,07-01-02-01-23.wav,test
statement_holdout,0,07-01-02-01-24.wav,test
statement_holdout,0,07-01-02-02-01.wav,test
statement_holdout,0,07-01-02-02-02.wav,test
statement_holdout,0,07-01-02-02-03.wav,test
statement_holdout,0,07-01-02-02-04.wav,test
statement_holdout,0,07-01-02-02-05.wav,test
statement_holdout,0,07-01-02-02-06.wav,test
statement_holdout,0,07-01-02-02-07.wav,test
statement_holdout,0,07-01-02-02-08.wav,test
statement_holdout,0,07-01-02-02-09.wav,test
statement_holdout,0,07-01-02-02-10.wav,test
statement_holdout,0,07-01-02-02-11.wav,test
statement_holdout,0,07-01-02-02-12.wav,test
statement_holdout,0,07-01-02-02-13.wav,test
statement_holdout,0,07-01-02-02-14.wav,test
statement_holdout,0,07-01-02-02-15.wav,test
statement_holdout,0,07-01-02-02-16.wav,test
statement_holdout,0,07-01-02-02-17.wav,test
statement_holdout,0,07-01-02-02-18.wav,test
statement_holdout,0,07-01-02-02-19.wav,test
statement_holdout,0,07-01-02-02-20.wav,test
statement_holdout,0,07-01-02-02-21.wav,test
statement_holdout,0,07-01-02-02-22.wav,test
statement_holdout,0,07-01-02-02-23.wav,test
statement_holdout,0,07-01-02-02-24.wav,test
statement_holdout,0,07-02-02-01-01.wav,test
statement_holdout,0,07-02-02-01-02.wav,test
statement_holdout,0,07-02-02-01-03.wav,test
statement_holdout,0,07-02-02-01-04.wav,test
statement_holdout,0,07-02-02-01-05.wav,test
statement_holdout,0,07-02-02-01-06.wav,test
statement_holdout,0,07-02-02-01-07.wav,test
statement_holdout,0,07-02-02-01-08.wav,test
statement_holdout,0,07-02-02-01-09.wav,test
statement_holdout,0,07-02-02-01-10.wav,test
statement_holdout,0,07-02-02-01-11.wav,test
statement_holdout,0,07-02-02-01-12.wav,test
statement_holdout,0,07-02-02-01-13.wav,test
statement_holdout,0,07-02-02-01-14.wav,test
statement_holdout,0,07-02-02-01-15.wav,test
statement_holdout,0,07-02-02-01-16.wav,test
statement_holdout,0,07-02-02-01-17.wav,test
statement_holdout,0,07-02-02-01-18.wav,test
statement_holdout,0,07-02-02-01-19.wav,test
statement_holdout,0,07-02-02-01-20.wav,test
statement_holdout,0,07-02-02-01-21.wav,test
statement_holdout,0,07-02-02-01-22.wav,test
statement_holdout,0,07-02-02-01-23.wav,test
statement_holdout,0,07-02-02-01-24.wav,test
statement_holdout,0,07-02-02-02-01.wav,test
statement_holdout,0,07-02-02-02-02.wav,test
statement_holdout,0,07-02-02-02-03.wav,test
statement_holdout,0,07-02-02-02-04.wav,test
statement_holdout,0,07-02-02-02-05.wav,test
statement_holdout,0,07-02-02-02-06.wav,test
statement_holdout,0,07-02-02-02-07.wav,test
statement_holdout,0,07-02-02-02-08.wav,test
statement_holdout,0,07-02-02-02-09.wav,test
statement_holdout,0,07-02-02-02-10.wav,test
statement_holdout,0,07-02-02-02-11.wav,test
statement_holdout,0,07-02-02-02-12.wav,test
statement_holdout,0,07-02-02-02-13.wav,test
statement_holdout,0,07-02-02-02-14.wav,test
statement_holdout,0,07-02-02-02-15.wav,test
statement_holdout,0,07-02-02-02-16.wav,test
statement_holdout,0,07-02-02-02-17.wav,test
statement_holdout,0,07-02-02-02-18.wav,test
statement_holdout,0,07-02-02-02-19.wav,test
statement_holdout,0,07-02-02-02-20.wav,test
statement_holdout,0,07-02-02-02-21.wav,test
statement_holdout,0,07-02-02-02-22.wav,test
statement_holdout,0,07-02-02-02-23.wav,test
statement_holdout,0,07-02-02-02-24.wav,test
statement_holdout,0,08-01-02-01-01.wav,test
statement_holdout,0,08-01-02-01-02.wav,test
statement_holdout,0,08-01-02-01-03.wav,test
statement_holdout,0,08-01-02-01-04.wav,test
statement_holdout,0,08-01-02-01-05.wav,test
statement_holdout,0,08-01-02-01-06.wav,test
statement_holdout,0,08-01-02-01-07.wav,test
statement_holdout,0,08-01-02-01-08.wav,test
statement_holdout,0,08-01-02-01-09.wav,test
statement_holdout,0,08-01-02-01-10.wav,test
statement_holdout,0,08-01-02-01-11.wav,test
statement_holdout,0,08-01-02-01-12.wav,test
statement_holdout,0,08-01-02-01-13.wav,test
statement_holdout,0,08-01-02-01-14.wav,test
statement_holdout,0,08-01-02-01-15.wav,test
statement_holdout,0,08-01-02-01-16.wav,test
statement_holdout,0,08-01-02-01-17.wav,test
statement_holdout,0,08-01-02-01-18.wav,test
statement_holdout,0,08-01-02-01-19.wav,test
statement_holdout,0,08-01-02-01-20.wav,test
statement_holdout,0,08-01-02-01-21.wav,test
statement_holdout,0,08-01-02-01-22.wav,test
statement_holdout,0,08-01-02-01-23.wav,test
statement_holdout,0,08-01-02-01-24.wav,test
statement_holdout,0,08-01-02-02-01.wav,test
statement_holdout,0,08-01-02-02-02.wav,test
statement_holdout,0,08-01-02-02-03.wav,test
statement_holdout,0,08-01-02-02-04.wav,test
statement_holdout,0,08-01-02-02-05.wav,test
statement_holdout,0,08-01-02-02-06.wav,test
statement_holdout,0,08-01-02-02-07.wav,test
statement_holdout,0,08-01-02-02-08.wav,test
statement_holdout,0,08-01-02-02-09.wav,test
statement_holdout,0,08-01-02-02-10.wav,test
statement_holdout,0,08-01-02-02-11.wav,test
statement_holdout,0,08-01-02-02-12.wav,test
statement_holdout,0,08-01-02-02-13.wav,test
statement_holdout,0,08-01-02-02-14.wav,test
statement_holdout,0,08-01-02-02-15.wav,test
statement_holdout,0,08-01-02-02-16.wav,test
statement_holdout,0,08-01-02-02-17.wav,test
statement_holdout,0,08-01-02-02-18.wav,test
statement_holdout,0,08-01-02-02-19.wav,test
statement_holdout,0,08-01-02-02-20.wav,test
statement_holdout,0,08-01-02-02-21.wav,test
statement_holdout,0,08-01-02-02-22.wav,test
statement_holdout,0,08-01-02-02-23.wav,test
statement_holdout,0,08-01-02-02-24.wav,test
statement_holdout,0,08-02-02-01-01.wav,test
statement_holdout,0,08-02-02-01-02.wav,test
statement_holdout,0,08-02-02-01-03.wav,test
statement_holdout,0,08-02-02-01-04.wav,test
statement_holdout,0,08-02-02-01-05.wav,test
statement_holdout,0,08-02-02-01-06.wav,test
statement_holdout,0,08-02-02-01-07.wav,test
statement_holdout,0,08-02-02-01-08.wav,test
statement_holdout,0,08-02-02-01-09.wav,test
statement_holdout,0,08-02-02-01-10.wav,test
statement_holdout,0,08-02-02-01-11.wav,test
statement_holdout,0,08-02-02-01-12.wav,test
statement_holdout,0,08-02-02-01-13.wav,test
statement_holdout,0,08-02-02-01-14.wav,test
statement_holdout,0,08-02-02-01-15.wav,test
statement_holdout,0,08-02-02-01-16.wav,test
statement_holdout,0,08-02-02-01-17.wav,test
statement_holdout,0,08-02-02-01-18.wav,test
statement_holdout,0,08-02-02-01-19.wav,test
statement_holdout,0,08-02-02-01-20.wav,test
statement_holdout,0,08-02-02-01-21.wav,test
statement_holdout,0,08-02-02-01-22.wav,test
statement_holdout,0,08-02-02-01-23.wav,test
statement_holdout,0,08-02-02-01-24.wav,test
statement_holdout,0,08-02-02-02-01.wav,test
statement_holdout,0,08-02-02-02-02.wav,test
statement_holdout,0,08-02-02-02-03.wav,test
statement_holdout,0,08-02-02-02-04.wav,test
statement_holdout,0,08-02-02-02-05.wav,test
statement_holdout,0,08-02-02-02-06.wav,test
statement_holdout,0,08-02-02-02-07.wav,test
statement_holdout,0,08-02-02-02-08.wav,test
statement_holdout,0,08-02-02-02-09.wav,test
statement_holdout,0,08-02-02-02-10.wav,test
statement_holdout,0,08-02-02-02-11.wav,test
statement_holdout,0,08-02-02-02-12.wav,test
statement_holdout,0,08-02-02-02-13.wav,test
statement_holdout,0,08-02-02-02-14.wav,test
statement_holdout,0,08-02-02-02-15.wav,test
statement_holdout,0,08-02-02-02-16.wav,test
statement_holdout,0,08-02-02-02-17.wav,test
statement_holdout,0,08-02-02-02-18.wav,test
statement_holdout,0,08-02-02-02-19.wav,test
statement_holdout,0,08-02-02-02-20.wav,test
statement_holdout,0,08-02-02-02-21.wav,test
statement_holdout,0,08-02-02-02-22.wav,test
statement_holdout,0,08-02-02-02-23.wav,test
statement_holdout,0,08-02-02-02-24.wav,test
statement_holdout,0,01-01-01-01-01.wav,train
statement_holdout,0,01-01-01-01-02.wav,train
statement_holdout,0,01-01-01-01-03.wav,train
statement_holdout,0,01-01-01-01-04.wav,train
statement_holdout,0,01-01-01-01-05.wav,train
statement_holdout,0,01-01-01-01-06.wav,train
statement_holdout,0,01-01-01-01-07.wav,train
statement_holdout,0,01-01-01-01-08.wav,train
statement_holdout,0,01-01-01-01-09.wav,train
statement_holdout,0,01-01-01-01-10.wav,train
statement_holdout,0,01-01-01-01-11.wav,train
statement_holdout,0,01-01-01-01-12.wav,train
statement_holdout,0,01-01-01-01-13.wav,train
statement_holdout,0,01-01-01-01-14.wav,train
statement_holdout,0,01-01-01-01-15.wav,train
statement_holdout,0,01-01-01-01-16.wav,train
statement_holdout,0,01-01-01-01-17.wav,train
statement_holdout,0,01-01-01-01-18.wav,train
statement_holdout,0,01-01-01-01-19.wav,train
statement_holdout,0,01-01-01-01-20.wav,train
statement_holdout,0,01-01-01-01-21.wav,train
statement_holdout,0,01-01-01-01-22.wav,train
statement_holdout,0,01-01-01-01-23.wav,train
statement_holdout,0,01-01-01-01-24.wav,train
statement_holdout,0,01-01-01-02-01.wav,train
statement_holdout,0,01-01-01-02-02.wav,train
statement_holdout,0,01-01-01-02-03.wav,train
statement_holdout,0,01-01-01-02-04.wav,train
statement_holdout,0,01-01-01-02-05.wav,train
statement_holdout,0,01-01-01-02-06.wav,train
statement_holdout,0,01-01-01-02-07.wav,train
statement_holdout,0,01-01-01-02-08.wav,train
statement_holdout,0,01-01-01-02-09.wav,train
statement_holdout,0,01-01-01-02-10.wav,train
statement_holdout,0,01-01-01-02-11.wav,train
statement_holdout,0,01-01-01-02-12.wav,train
statement_holdout,0,01-01-01-02-13.wav,train
statement_holdout,0,01-01-01-02-14.wav,train
statement_holdout,0,01-01-01-02-15.wav,train
statement_holdout,0,01-01-01-02-16.wav,train
statement_holdout,0,01-01-01-02-17.wav,train
statement_holdout,0,01-01-01-02-18.wav,train
statement_holdout,0,01-01-01-02-19.wav,train
statement_holdout,0,01-01-01-02-20.wav,train
statement_holdout,0,01-01-01-02-21.wav,train
statement_holdout,0,01-01-01-02-22.wav,train
statement_holdout,0,01-01-01-02-23.wav,train
statement_holdout,0,01-01-01-02-24.wav,train
statement_holdout,0,02-01-01-01-01.wav,train
statement_holdout,0,02-01-01-01-02.wav,train
statement_holdout,0,02-01-01-01-03.wav,train
statement_holdout,0,02-01-01-01-04.wav,train
statement_holdout,0,02-01-01-01-05.wav,train
statement_holdout,0,02-01-01-01-06.wav,train
statement_holdout,0,02-01-01-01-07.wav,train
statement_holdout,0,02-01-01-01-08.wav,train
statement_holdout,0,02-01-01-01-09.wav,train
statement_holdout,0,02-01-01-01-10.wav,train
statement_holdout,0,02-01-01-01-11.wav,train
statement_holdout,0,02-01-01-01-12.wav,train
statement_holdout,0,02-01-01-01-13.wav,train
statement_holdout,0,02-01-01-01-14.wav,train
statement_holdout,0,02-01-01-01-15.wav,train
statement_holdout,0,02-01-01-01-16.wav,train
statement_holdout,0,02-01-01-01-17.wav,train
statement_holdout,0,02-01-01-01-18.wav,train
statement_holdout,0,02-01-01-01-19.wav,train
statement_holdout,0,02-01-01-01-20.wav,train
statement_holdout,0,02-01-01-01-21.wav,train
statement_holdout,0,02-01-01-01-22.wav,train
statement_holdout,0,02-01-01-01-23.wav,train
statement_holdout,0,02-01-01-01-24.wav,train
statement_holdout,0,02-01-01-02-01.wav,train
statement_holdout,0,02-01-01-02-02.wav,train
statement_holdout,0,02-01-01-02-03.wav,train
statement_holdout,0,02-01-01-02-04.wav,train
statement_holdout,0,02-01-01-02-05.wav,train
statement_holdout,0,02-01-01-02-06.wav,train
statement_holdout,0,02-01-01-02-07.wav,train
statement_holdout,0,02-01-01-02-08.wav,train
statement_holdout,0,02-01-01-02-09.wav,train
statement_holdout,0,02-01-01-02-10.wav,train
statement_holdout,0,02-01-01-02-11.wav,train
statement_holdout,0,02-01-01-02-12.wav,train
statement_holdout,0,02-01-01-02-13.wav,train
statement_holdout,0,02-01-01-02-14.wav,train
statement_holdout,0,02-01-01-02-15.wav,train
statement_holdout,0,02-01-01-02-16.wav,train
statement_holdout,0,02-01-01-02-17.wav,train
statement_holdout,0,02-01-01-02-18.wav,train
statement_holdout,0,02-01-01-02-19.wav,train
statement_holdout,0,02-01-01-02-20.wav,train
statement_holdout,0,02-01-01-02-21.wav,train
statement_holdout,0,02-01-01-02-22.wav,train
statement_holdout,0,02-01-01-02-23.wav,train
statement_holdout,0,02-01-01-02-24.wav,train
statement_holdout,0,02-02-01-01-01.wav,train
statement_holdout,0,02-02-01-01-02.wav,train
statement_holdout,0,02-02-01-01-03.wav,train
statement_holdout,0,02-02-01-01-04.wav,train
statement_holdout,0,02-02-01-01-05.wav,train
statement_holdout,0,02-02-01-01-06.wav,train
statement_holdout,0,02-02-01-01-07.wav,train
statement_holdout,0,02-02-01-01-08.wav,train
statement_holdout,0,02-02-01-01-09.wav,train
statement_holdout,0,02-02-01-01-10.wav,train
statement_holdout,0,02-02-01-01-11.wav,train
statement_holdout,0,02-02-01-01-12.wav,train
statement_holdout,0,02-02-01-01-13.wav,train
statement_holdout,0,02-02-01-01-14.wav,train
statement_holdout,0,02-02-01-01-15.wav,train
statement_holdout,0,02-02-01-01-16.wav,train
statement_holdout,0,02-02-01-01-17.wav,train
statement_holdout,0,02-02-01-01-18.wav,train
statement_holdout,0,02-02-01-01-19.wav,train
statement_holdout,0,02-02-01-01-20.wav,train
statement_holdout,0,02-02-01-01-21.wav,train
statement_holdout,0,02-02-01-01-22.wav,train
statement_holdout,0,02-02-01-01-23.wav,train
statement_holdout,0,02-02-01-01-24.wav,train
statement_holdout,0,02-02-01-02-01.wav,train
statement_holdout,0,02-02-01-02-02.wav,train
statement_holdout,0,02-02-01-02-03.wav,train
statement_holdout,0,02-02-01-02-04.wav,train
statement_holdout,0,02-02-01-02-05.wav,train
statement_holdout,0,02-02-01-02-06.wav,train
statement_holdout,0,02-02-01-02-07.wav,train
statement_holdout,0,02-02-01-02-08.wav,train
statement_holdout,0,02-02-01-02-09.wav,train
statement_holdout,0,02-02-01-02-10.wav,train
statement_holdout,0,02-02-01-02-11.wav,train
statement_holdout,0,02-02-01-02-12.wav,train
statement_holdout,0,02-02-01-02-13.wav,train
statement_holdout,0,02-02-01-02-14.wav,train
statement_holdout,0,02-02-01-02-15.wav,train
statement_holdout,0,02-02-01-02-16.wav,train
statement_holdout,0,02-02-01-02-17.wav,train
statement_holdout,0,02-02-01-02-18.wav,train
statement_holdout,0,02-02-01-02-19.wav,train
statement_holdout,0,02-02-01-02-20.wav,train
statement_holdout,0,02-02-01-02-21.wav,train
statement_holdout,0,02-02-01-02-22.wav,train
statement_holdout,0,02-02-01-02-23.wav,train
statement_holdout,0,02-02-01-02-24.wav,train
statement_holdout,0,03-01-01-01-01.wav,train
statement_holdout,0,03-01-01-01-02.wav,train
statement_holdout,0,03-01-01-01-03.wav,train
statement_holdout,0,03-01-01-01-04.wav,train
statement_holdout,0,03-01-01-01-05.wav,train
statement_holdout,0,03-01-01-01-06.wav,train
statement_holdout,0,03-01-01-01-07.wav,train
statement_holdout,0,03-01-01-01-08.wav,train
statement_holdout,0,03-01-01-01-09.wav,train
statement_holdout,0,03-01-01-01-10.wav,train
statement_holdout,0,03-01-01-01-11.wav,train
statement_holdout,0,03-01-01-01-12.wav,train
statement_holdout,0,03-01-01-01-13.wav,train
statement_holdout,0,03-01-01-01-14.wav,train
statement_holdout,0,03-01-01-01-15.wav,train
statement_holdout,0,03-01-01-01-16.wav,train
statement_holdout,0,03-01-01-01-17.wav,train
statement_holdout,0,03-01-01-01-18.wav,train
statement_holdout,0,03-01-01-01-19.wav,train
statement_holdout,0,03-01-01-01-20.wav,train
statement_holdout,0,03-01-01-01-21.wav,train
statement_holdout,0,03-01-01-01-22.wav,train
statement_holdout,0,03-01-01-01-23.wav,train
statement_holdout,0,03-01-01-01-24.wav,train
statement_holdout,0,03-01-01-02-01.wav,train
statement_holdout,0,03-01-01-02-02.wav,train
statement_holdout,0,03-01-01-02-03.wav,train
statement_holdout,0,03-01-01-02-04.wav,train
statement_holdout,0,03-01-01-02-05.wav,train
statement_holdout,0,03-01-01-02-06.wav,train
statement_holdout,0,03-01-01-02-07.wav,train
statement_holdout,0,03-01-01-02-08.wav,train
statement_holdout,0,03-01-01-02-09.wav,train
statement_holdout,0,03-01-01-02-10.wav,train
statement_holdout,0,03-01-01-02-11.wav,train
statement_holdout,0,03-01-01-02-12.wav,train
statement_holdout,0,03-01-01-02-13.wav,train
statement_holdout,0,03-01-01-02-14.wav,train
statement_holdout,0,03-01-01-02-15.wav,train
statement_holdout,0,03-01-01-02-16.wav,train
statement_holdout,0,03-01-01-02-17.wav,train
statement_holdout,0,03-01-01-02-18.wav,train
statement_holdout,0,03-01-01-02-19.wav,train
statement_holdout,0,03-01-01-02-20.wav,train
statement_holdout,0,03-01-01-02-21.wav,train
statement_holdout,0,03-01-01-02-22.wav,train
statement_holdout,0,03-01-01-02-23.wav,train
statement_holdout,0,03-01-01-02-24.wav,train
statement_holdout,0,03-02-01-01-01.wav,train
statement_holdout,0,03-02-01-01-02.wav,train
statement_holdout,0,03-02-01-01-03.wav,train
statement_holdout,0,03-02-01-01-04.wav,train
statement_holdout,0,03-02-01-01-05.wav,train
statement_holdout,0,03-02-01-01-06.wav,train
statement_holdout,0,03-02-01-01-07.wav,train
statement_holdout,0,03-02-01-01-08.wav,train
statement_holdout,0,03-02-01-01-09.wav,train
statement_holdout,0,03-02-01-01-10.wav,train
statement_holdout,0,03-02-01-01-11.wav,train
statement_holdout,0,03-02-01-01-12.wav,train
statement_holdout,0,03-02-01-01-13.wav,train
statement_holdout,0,03-02-01-01-14.wav,train
statement_holdout,0,03-02-01-01-15.wav,train
statement_holdout,0,03-02-01-01-16.wav,train
statement_holdout,0,03-02-01-01-17.wav,train
statement_holdout,0,03-02-01-01-18.wav,train
statement_holdout,0,03-02-01-01-19.wav,train
statement_holdout,0,03-02-01-01-20.wav,train
statement_holdout,0,03-02-01-01-21.wav,train
statement_holdout,0,03-02-01-01-22.wav,train
statement_holdout,0,03-02-01-01-23.wav,train
statement_holdout,0,03-02-01-01-24.wav,train
statement_holdout,0,03-02-01-02-01.wav,train
statement_holdout,0,03-02-01-02-02.wav,train
statement_holdout,0,03-02-01-02-03.wav,train
statement_holdout,0,03-02-01-02-04.wav,train
statement_holdout,0,03-02-01-02-05.wav,train
statement_holdout,0,03-02-01-02-06.wav,train
statement_holdout,0,03-02-01-02-07.wav,train
statement_holdout,0,03-02-01-02-08.wav,train
statement_holdout,0,03-02-01-02-09.wav,train
statement_holdout,0,03-02-01-02-10.wav,train
statement_holdout,0,03-02-01-02-11.wav,train
statement_holdout,0,03-02-01-02-12.wav,train
statement_holdout,0,03-02-01-02-13.wav,train
statement_holdout,0,03-02-01-02-14.wav,train
statement_holdout,0,03-02-01-02-15.wav,train
statement_holdout,0,03-02-01-02-16.wav,train
statement_holdout,0,03-02-01-02-17.wav,train
statement_holdout,0,03-02-01-02-18.wav,train
statement_holdout,0,03-02-01-02-19.wav,train
statement_holdout,0,03-02-01-02-20.wav,train
statement_holdout,0,03-02-01-02-21.wav,train
statement_holdout,0,03-02-01-02-22.wav,train
statement_holdout,0,03-02-01-02-23.wav,train
statement_holdout,0,03-02-01-02-24.wav,train
statement_holdout,0,04-01-01-01-01.wav,train
statement_holdout,0,04-01-01-01-02.wav,train
statement_holdout,0,04-01-01-01-03.wav,train
statement_holdout,0,04-01-01-01-04.wav,train
statement_holdout,0,04-01-01-01-05.wav,train
statement_holdout,0,04-01-01-01-06.wav,train
statement_holdout,0,04-01-01-01-07.wav,train
statement_holdout,0,04-01-01-01-08.wav,train
statement_holdout,0,04-01-01-01-09.wav,train
statement_holdout,0,04-01-01-01-10.wav,train
statement_holdout,0,04-01-01-01-11.wav,train
statement_holdout,0,04-01-01-01-12.wav,train
statement_holdout,0,04-01-01-01-13.wav,train
statement_holdout,0,04-01-01-01-14.wav,train
statement_holdout,0,04-01-01-01-15.wav,train
statement_holdout,0,04-01-01-01-16.wav,train
statement_holdout,0,04-01-01-01-17.wav,train
statement_holdout,0,04-01-01-01-18.wav,train
statement_holdout,0,04-01-01-01-19.wav,train
statement_holdout,0,04-01-01-01-20.wav,train
statement_holdout,0,04-01-01-01-21.wav,train
statement_holdout,0,04-01-01-01-22.wav,train
statement_holdout,0,04-01-01-01-23.wav,train
statement_holdout,0,04-01-01-01-24.wav,train
statement_holdout,0,04-01-01-02-01.wav,train
statement_holdout,0,04-01-01-02-02.wav,train
statement_holdout,0,04-01-01-02-03.wav,train
statement_holdout,0,04-01-01-02-04.wav,train
statement_holdout,0,04-01-01-02-05.wav,train
statement_holdout,0,04-01-01-02-06.wav,train
statement_holdout,0,04-01-01-02-07.wav,train
statement_holdout,0,04-01-01-02-08.wav,train
statement_holdout,0,04-01-01-02-09.wav,train
statement_holdout,0,04-01-01-02-10.wav,train
statement_holdout,0,04-01-01-02-11.wav,train
statement_holdout,0,04-01-01-02-12.wav,train
statement_holdout,0,04-01-01-02-13.wav,train
statement_holdout,0,04-01-01-02-14.wav,train
statement_holdout,0,04-01-01-02-15.wav,train
statement_holdout,0,04-01-01-02-16.wav,train
statement_holdout,0,04-01-01-02-17.wav,train
statement_holdout,0,04-01-01-02-18.wav,train
statement_holdout,0,04-01-01-02-19.wav,train
statement_holdout,0,04-01-01-02-20.wav,train
statement_holdout,0,04-01-01-02-21.wav,train
statement_holdout,0,04-01-01-02-22.wav,train
statement_holdout,0,04-01-01-02-23.wav,train
statement_holdout,0,04-01-01-02-24.wav,train
statement_holdout,0,04-02-01-01-01.wav,train
statement_holdout,0,04-02-01-01-02.wav,train
statement_holdout,0,04-02-01-01-03.wav,train
statement_holdout,0,04-02-01-01-04.wav,train
statement_holdout,0,04-02-01-01-05.wav,train
statement_holdout,0,04-02-01-01-06.wav,train
statement_holdout,0,04-02-01-01-07.wav,train
statement_holdout,0,04-02-01-01-08.wav,train
statement_holdout,0,04-02-01-01-09.wav,train
statement_holdout,0,04-02-01-01-10.wav,train
statement_holdout,0,04-02-01-01-11.wav,train
statement_holdout,0,04-02-01-01-12.wav,train
statement_holdout,0,04-02-01-01-13.wav,train
statement_holdout,0,04-02-01-01-14.wav,train
statement_holdout,0,04-02-01-01-15.wav,train
statement_holdout,0,04-02-01-01-16.wav,train
statement_holdout,0,04-02-01-01-17.wav,train
statement_holdout,0,04-02-01-01-18.wav,train
statement_holdout,0,04-02-01-01-19.wav,train
statement_holdout,0,04-02-01-01-20.wav,train
statement_holdout,0,04-02-01-01-21.wav,train
statement_holdout,0,04-02-01-01-22.wav,train
statement_holdout,0,04-02-01-01-23.wav,train
statement_holdout,0,04-02-01-01-24.wav,train
statement_holdout,0,04-02-01-02-01.wav,train
statement_holdout,0,04-02-01-02-02.wav,train
statement_holdout,0,04-02-01-02-03.wav,train
statement_holdout,0,04-02-01-02-04.wav,train
statement_holdout,0,04-02-01-02-05.wav,train
statement_holdout,0,04-02-01-02-06.wav,train
statement_holdout,0,04-02-01-02-07.wav,train
statement_holdout,0,04-02-01-02-08.wav,train
statement_holdout,0,04-02-01-02-09.wav,train
statement_holdout,0,04-02-01-02-10.wav,train
statement_holdout,0,04-02-01-02-11.wav,train
statement_holdout,0,04-02-01-02-12.wav,train
statement_holdout,0,04-02-01-02-13.wav,train
statement_holdout,0,04-02-01-02-14.wav,train
statement_holdout,0,04-02-01-02-15.wav,train
statement_holdout,0,04-02-01-02-16.wav,train
statement_holdout,0,04-02-01-02-17.wav,train
statement_holdout,0,04-02-01-02-18.wav,train
statement_holdout,0,04-02-01-02-19.wav,train
statement_holdout,0,04-02-01-02-20.wav,train
statement_holdout,0,04-02-01-02-21.wav,train
statement_holdout,0,04-02-01-02-22.wav,train
statement_holdout,0,04-02-01-02-23.wav,train
statement_holdout,0,04-02-01-02-24.wav,train
statement_holdout,0,05-01-01-01-01.wav,train
statement_holdout,0,05-01-01-01-02.wav,train
statement_holdout,0,05-01-01-01-03.wav,train
statement_holdout,0,05-01-01-01-04.wav,train
statement_holdout,0,05-01-01-01-05.wav,train
statement_holdout,0,05-01-01-01-06.wav,train
statement_holdout,0,05-01-01-01-07.wav,train
statement_holdout,0,05-01-01-01-08.wav,train
statement_holdout,0,05-01-01-01-09.wav,train
statement_holdout,0,05-01-01-01-10.wav,train
statement_holdout,0,05-01-01-01-11.wav,train
statement_holdout,0,05-01-01-01-12.wav,train
statement_holdout,0,05-01-01-01-13.wav,train
statement_holdout,0,05-01-01-01-14.wav,train
statement_holdout,0,05-01-01-01-15.wav,train
statement_holdout,0,05-01-01-01-16.wav,train
statement_holdout,0,05-01-01-01-17.wav,train
statement_holdout,0,05-01-01-01-18.wav,train
statement_holdout,0,05-01-01-01-19.wav,train
statement_holdout,0,05-01-01-01-20.wav,train
statement_holdout,0,05-01-01-01-21.wav,train
statement_holdout,0,05-01-01-01-22.wav,train
statement_holdout,0,05-01-01-01-23.wav,train
statement_holdout,0,05-01-01-01-24.wav,train
statement_holdout,0,05-01-01-02-01.wav,train
statement_holdout,0,05-01-01-02-02.wav,train
statement_holdout,0,05-01-01-02-03.wav,train
statement_holdout,0,05-01-01-02-04.wav,train
statement_holdout,0,05-01-01-02-05.wav,train
statement_holdout,0,05-01-01-02-06.wav,train
statement_holdout,0,05-01-01-02-07.wav,train
statement_holdout,0,05-01-01-02-08.wav,train
statement_holdout,0,05-01-01-02-09.wav,train
statement_holdout,0,05-01-01-02-10.wav,train
statement_holdout,0,05-01-01-02-11.wav,train
statement_holdout,0,05-01-01-02-12.wav,train
statement_holdout,0,05-01-01-02-13.wav,train
statement_holdout,0,05-01-01-02-14.wav,train
statement_holdout,0,05-01-01-02-15.wav,train
statement_holdout,0,05-01-01-02-16.wav,train
statement_holdout,0,05-01-01-02-17.wav,train
statement_holdout,0,05-01-01-02-18.wav,train
statement_holdout,0,05-01-01-02-19.wav,train
statement_holdout,0,05-01-01-02-20.wav,train
statement_holdout,0,05-01-01-02-21.wav,train
statement_holdout,0,05-01-01-02-22.wav,train
statement_holdout,0,05-01-01-02-23.wav,train
statement_holdout,0,05-01-01-02-24.wav,train
statement_holdout,0,05-02-01-01-01.wav,train
statement_holdout,0,05-02-01-01-02.wav,train
statement_holdout,0,05-02-01-01-03.wav,train
statement_holdout,0,05-02-01-01-04.wav,train
statement_holdout,0,05-02-01-01-05.wav,train
statement_holdout,0,05-02-01-01-06.wav,train
statement_holdout,0,05-02-01-01-07.wav,train
statement_holdout,0,05-02-01-01-08.wav,train
statement_holdout,0,05-02-01-01-09.wav,train
statement_holdout,0,05-02-01-01-10.wav,train
statement_holdout,0,05-02-01-01-11.wav,train
statement_holdout,0,05-02-01-01-12.wav,train
statement_holdout,0,05-02-01-01-13.wav,train
statement_holdout,0,05-02-01-01-14.wav,train
statement_holdout,0,05-02-01-01-15.wav,train
statement_holdout,0,05-02-01-01-16.wav,train
statement_holdout,0,05-02-01-01-17.wav,train
statement_holdout,0,05-02-01-01-18.wav,train
statement_holdout,0,05-02-01-01-19.wav,train
statement_holdout,0,05-02-01-01-20.wav,train
statement_holdout,0,05-02-01-01-21.wav,train
statement_holdout,0,05-02-01-01-22.wav,train
statement_holdout,0,05-02-01-01-23.wav,train
statement_holdout,0,05-02-01-01-24.wav,train
statement_holdout,0,05-02-01-02-01.wav,train
statement_holdout,0,05-02-01-02-02.wav,train
statement_holdout,0,05-02-01-02-03.wav,train
statement_holdout,0,05-02-01-02-04.wav,train
statement_holdout,0,05-02-01-02-05.wav,train
statement_holdout,0,05-02-01-02-06.wav,train
statement_holdout,0,05-02-01-02-07.wav,train
statement_holdout,0,05-02-01-02-08.wav,train
statement_holdout,0,05-02-01-02-09.wav,train
statement_holdout,0,05-02-01-02-10.wav,train
statement_holdout,0,05-02-01-02-11.wav,train
statement_holdout,0,05-02-01-02-12.wav,train
statement_holdout,0,05-02-01-02-13.wav,train
statement_holdout,0,05-02-01-02-14.wav,train
statement_holdout,0,05-02-01-02-15.wav,train
statement_holdout,0,05-02-01-02-16.wav,train
statement_holdout,0,05-02-01-02-17.wav,train
statement_holdout,0,05-02-01-02-18.wav,train
statement_holdout,0,05-02-01-02-19.wav,train
statement_holdout,0,05-02-01-02-20.wav,train
statement_holdout,0,05-02-01-02-21.wav,train
statement_holdout,0,05-02-01-02-22.wav,train
statement_holdout,0,05-02-01-02-23.wav,train
statement_holdout,0,05-02-01-02-24.wav,train
statement_holdout,0,06-01-01-01-01.wav,train
statement_holdout,0,06-01-01-01-02.wav,train
statement_holdout,0,06-01-01-01-03.wav,train
statement_holdout,0,06-01-01-01-04.wav,train
statement_holdout,0,06-01-01-01-05.wav,train
statement_holdout,0,06-01-01-01-06.wav,train
statement_holdout,0,06-01-01-01-07.wav,train
statement_holdout,0,06-01-01-01-08.wav,train
statement_holdout,0,06-01-01-01-09.wav,train
statement_holdout,0,06-01-01-01-10.wav,train
statement_holdout,0,06-01-01-01-11.wav,train
statement_holdout,0,06-01-01-01-12.wav,train
statement_holdout,0,06-01-01-01-13.wav,train
statement_holdout,0,06-01-01-01-14.wav,train
statement_holdout,0,06-01-01-01-15.wav,train
statement_holdout,0,06-01-01-01-16.wav,train
statement_holdout,0,06-01-01-01-17.wav,train
statement_holdout,0,06-01-01-01-18.wav,train
statement_holdout,0,06-01-01-01-19.wav,train
statement_holdout,0,06-01-01-01-20.wav,train
statement_holdout,0,06-01-01-01-21.wav,train
statement_holdout,0,06-01-01-01-22.wav,train
statement_holdout,0,06-01-01-01-23.wav,train
statement_holdout,0,06-01-01-01-24.wav,train
statement_holdout,0,06-01-01-02-01.wav,train
statement_holdout,0,06-01-01-02-02.wav,train
statement_holdout,0,06-01-01-02-03.wav,train
statement_holdout,0,06-01-01-02-04.wav,train
statement_holdout,0,06-01-01-02-05.wav,train
statement_holdout,0,06-01-01-02-06.wav,train
statement_holdout,0,06-01-01-02-07.wav,train
statement_holdout,0,06-01-01-02-08.wav,train
statement_holdout,0,06-01-01-02-09.wav,train
statement_holdout,0,06-01-01-02-10.wav,train
statement_holdout,0,06-01-01-02-11.wav,train
statement_holdout,0,06-01-01-02-12.wav,train
statement_holdout,0,06-01-01-02-13.wav,train
statement_holdout,0,06-01-01-02-14.wav,train
statement_holdout,0,06-01-01-02-15.wav,train
statement_holdout,0,06-01-01-02-16.wav,train
statement_holdout,0,06-01-01-02-17.wav,train
statement_holdout,0,06-01-01-02-18.wav,train
statement_holdout,0,06-01-01-02-19.wav,train
statement_holdout,0,06-01-01-02-20.wav,train
statement_holdout,0,06-01-01-02-21.wav,train
statement_holdout,0,06-01-01-02-22.wav,train
statement_holdout,0,06-01-01-02-23.wav,train
statement_holdout,0,06-01-01-02-24.wav,train
statement_holdout,0,06-02-01-01-01.wav,train
statement_holdout,0,06-02-01-01-02.wav,train
statement_holdout,0,06-02-01-01-03.wav,train
statement_holdout,0,06-02-01-01-04.wav,train
statement_holdout,0,06-02-01-01-05.wav,train
statement_holdout,0,06-02-01-01-06.wav,train
statement_holdout,0,06-02-01-01-07.wav,train
statement_holdout,0,06-02-01-01-08.wav,train
statement_holdout,0,06-02-01-01-09.wav,train
statement_holdout,0,06-02-01-01-10.wav,train
statement_holdout,0,06-02-01-01-11.wav,train
statement_holdout,0,06-02-01-01-12.wav,train
statement_holdout,0,06-02-01-01-13.wav,train
statement_holdout,0,06-02-01-01-14.wav,train
statement_holdout,0,06-02-01-01-15.wav,train
statement_holdout,0,06-02-01-01-16.wav,train
statement_holdout,0,06-02-01-01-17.wav,train
statement_holdout,0,06-02-01-01-18.wav,train
statement_holdout,0,06-02-01-01-19.wav,train
statement_holdout,0,06-02-01-01-20.wav,train
statement_holdout,0,06-02-01-01-21.wav,train
statement_holdout,0,06-02-01-01-22.wav,train
statement_holdout,0,06-02-01-01-23.wav,train
statement_holdout,0,06-02-01-01-24.wav,train
statement_holdout,0,06-02-01-02-01.wav,train
statement_holdout,0,06-02-01-02-02.wav,train
statement_holdout,0,06-02-01-02-03.wav,train
statement_holdout,0,06-02-01-02-04.wav,train
statement_holdout,0,06-02-01-02-05.wav,train
statement_holdout,0,06-02-01-02-06.wav,train
statement_holdout,0,06-02-01-02-07.wav,train
statement_holdout,0,06-02-01-02-08.wav,train
statement_holdout,0,06-02-01-02-09.wav,train
statement_holdout,0,06-02-01-02-10.wav,train
statement_holdout,0,06-02-01-02-11.wav,train
statement_holdout,0,06-02-01-02-12.wav,train
statement_holdout,0,06-02-01-02-13.wav,train
statement_holdout,0,06-02-01-02-14.wav,train
statement_holdout,0,06-02-01-02-15.wav,train
statement_holdout,0,06-02-01-02-16.wav,train
statement_holdout,0,06-02-01-02-17.wav,train
statement_holdout,0,06-02-01-02-18.wav,train
statement_holdout,0,06-02-01-02-19.wav,train
statement_holdout,0,06-02-01-02-20.wav,train
statement_holdout,0,06-02-01-02-21.wav,train
statement_holdout,0,06-02-01-02-22.wav,train
statement_holdout,0,06-02-01-02-23.wav,train
statement_holdout,0,06-02-01-02-24.wav,train
statement_holdout,0,07-01-01-01-01.wav,train
statement_holdout,0,07-01-01-01-02.wav,train
statement_holdout,0,07-01-01-01-03.wav,train
statement_holdout,0,07-01-01-01-04.wav,train
statement_holdout,0,07-01-01-01-05.wav,train
statement_holdout,0,07-01-01-01-06.wav,train
statement_holdout,0,07-01-01-01-07.wav,train
statement_holdout,0,07-01-01-01-08.wav,train
statement_holdout,0,07-01-01-01-09.wav,train
statement_holdout,0,07-01-01-01-10.wav,train
statement_holdout,0,07-01-01-01-11.wav,train
statement_holdout,0,07-01-01-01-12.wav,train
statement_holdout,0,07-01-01-01-13.wav,train
statement_holdout,0,07-01-01-01-14.wav,train
statement_holdout,0,07-01-01-01-15.wav,train
statement_holdout,0,07-01-01-01-16.wav,train
statement_holdout,0,07-01-01-01-17.wav,train
statement_holdout,0,07-01-01-01-18.wav,train
statement_holdout,0,07-01-01-01-19.wav,train
statement_holdout,0,07-01-01-01-20.wav,train
statement_holdout,0,07-01-01-01-21.wav,train
statement_holdout,0,07-01-01-01-22.wav,train
statement_holdout,0,07-01-01-01-23.wav,train
statement_holdout,0,07-01-01-01-24.wav,train
statement_holdout,0,07-01-01-02-01.wav,train
statement_holdout,0,07-01-01-02-02.wav,train
statement_holdout,0,07-01-01-02-03.wav,train
statement_holdout,0,07-01-01-02-04.wav,train
statement_holdout,0,07-01-01-02-05.wav,train
statement_holdout,0,07-01-01-02-06.wav,train
statement_holdout,0,07-01-01-02-07.wav,train
statement_holdout,0,07-01-01-02-08.wav,train
statement_holdout,0,07-01-01-02-09.wav,train
statement_holdout,0,07-01-01-02-10.wav,train
statement_holdout,0,07-01-01-02-11.wav,train
statement_holdout,0,07-01-01-02-12.wav,train
statement_holdout,0,07-01-01-02-13.wav,train
statement_holdout,0,07-01-01-02-14.wav,train
statement_holdout,0,07-01-01-02-15.wav,train
statement_holdout,0,07-01-01-02-16.wav,train
statement_holdout,0,07-01-01-02-17.wav,train
statement_holdout,0,07-01-01-02-18.wav,train
statement_holdout,0,07-01-01-02-19.wav,train
statement_holdout,0,07-01-01-02-20.wav,train
statement_holdout,0,07-01-01-02-21.wav,train
statement_holdout,0,07-01-01-02-22.wav,train
statement_holdout,0,07-01-01-02-23.wav,train
statement_holdout,0,07-01-01-02-24.wav,train
statement_holdout,0,07-02-01-01-01.wav,train
statement_holdout,0,07-02-01-01-02.wav,train
statement_holdout,0,07-02-01-01-03.wav,train
statement_holdout,0,07-02-01-01-04.wav,train
statement_holdout,0,07-02-01-01-05.wav,train
statement_holdout,0,07-02-01-01-06.wav,train
statement_holdout,0,07-02-01-01-07.wav,train
statement_holdout,0,07-02-01-01-08.wav,train
statement_holdout,0,07-02-01-01-09.wav,train
statement_holdout,0,07-02-01-01-10.wav,train
statement_holdout,0,07-02-01-01-11.wav,train
statement_holdout,0,07-02-01-01-12.wav,train
statement_holdout,0,07-02-01-01-13.wav,train
statement_holdout,0,07-02-01-01-14.wav,train
statement_holdout,0,07-02-01-01-15.wav,train
statement_holdout,0,07-02-01-01-16.wav,train
statement_holdout,0,07-02-01-01-17.wav,train
statement_holdout,0,07-02-01-01-18.wav,train
statement_holdout,0,07-02-01-01-19.wav,train
statement_holdout,0,07-02-01-01-20.wav,train
statement_holdout,0,07-02-01-01-21.wav,train
statement_holdout,0,07-02-01-01-22.wav,train
statement_holdout,0,07-02-01-01-23.wav,train
statement_holdout,0,07-02-01-01-24.wav,train
statement_holdout,0,07-02-01-02-01.wav,train
statement_holdout,0,07-02-01-02-02.wav,train
statement_holdout,0,07-02-01-02-03.wav,train
statement_holdout,0,07-02-01-02-04.wav,train
statement_holdout,0,07-02-01-02-05.wav,train
statement_holdout,0,07-02-01-02-06.wav,train
statement_holdout,0,07-02-01-02-07.wav,train
statement_holdout,0,07-02-01-02-08.wav,train
statement_holdout,0,07-02-01-02-09.wav,train
statement_holdout,0,07-02-01-02-10.wav,train
statement_holdout,0,07-02-01-02-11.wav,train
statement_holdout,0,07-02-01-02-12.wav,train
statement_holdout,0,07-02-01-02-13.wav,train
statement_holdout,0,07-02-01-02-14.wav,train
statement_holdout,0,07-02-01-02-15.wav,train
statement_holdout,0,07-02-01-02-16.wav,train
statement_holdout,0,07-02-01-02-17.wav,train
statement_holdout,0,07-02-01-02-18.wav,train
statement_holdout,0,07-02-01-02-19.wav,train
statement_holdout,0,07-02-01-02-20.wav,train
statement_holdout,0,07-02-01-02-21.wav,train
statement_holdout,0,07-02-01-02-22.wav,train
statement_holdout,0,07-02-01-02-23.wav,train
statement_holdout,0,07-02-01-02-24.wav,train
statement_holdout,0,08-01-01-01-01.wav,train
statement_holdout,0,08-01-01-01-02.wav,train
statement_holdout,0,08-01-01-01-03.wav,train
statement_holdout,0,08-01-01-01-04.wav,train
statement_holdout,0,08-01-01-01-05.wav,train
statement_holdout,0,08-01-01-01-06.wav,train
statement_holdout,0,08-01-01-01-07.wav,train
statement_holdout,0,08-01-01-01-08.wav,train
statement_holdout,0,08-01-01-01-09.wav,train
statement_holdout,0,08-01-01-01-10.wav,train
statement_holdout,0,08-01-01-01-11.wav,train
statement_holdout,0,08-01-01-01-12.wav,train
statement_holdout,0,08-01-01-01-13.wav,train
statement_holdout,0,08-01-01-01-14.wav,train
statement_holdout,0,08-01-01-01-15.wav,train
statement_holdout,0,08-01-01-01-16.wav,train
statement_holdout,0,08-01-01-01-17.wav,train
statement_holdout,0,08-01-01-01-18.wav,train
statement_holdout,0,08-01-01-01-19.wav,train
statement_holdout,0,08-01-01-01-20.wav,train
statement_holdout,0,08-01-01-01-21.wav,train
statement_holdout,0,08-01-01-01-22.wav,train
statement_holdout,0,08-01-01-01-23.wav,train
statement_holdout,0,08-01-01-01-24.wav,train
statement_holdout,0,08-01-01-02-01.wav,train
statement_holdout,0,08-01-01-02-02.wav,train
statement_holdout,0,08-01-01-02-03.wav,train
statement_holdout,0,08-01-01-02-04.wav,train
statement_holdout,0,08-01-01-02-05.wav,train
statement_holdout,0,08-01-01-02-06.wav,train
statement_holdout,0,08-01-01-02-07.wav,train
statement_holdout,0,08-01-01-02-08.wav,train
statement_holdout,0,08-01-01-02-09.wav,train
statement_holdout,0,08-01-01-02-10.wav,train
statement_holdout,0,08-01-01-02-11.wav,train
statement_holdout,0,08-01-01-02-12.wav,train
statement_holdout,0,08-01-01-02-13.wav,train
statement_holdout,0,08-01-01-02-14.wav,train
statement_holdout,0,08-01-01-02-15.wav,train
statement_holdout,0,08-01-01-02-16.wav,train
statement_holdout,0,08-01-01-02-17.wav,train
statement_holdout,0,08-01-01-02-18.wav,train
statement_holdout,0,08-01-01-02-19.wav,train
statement_holdout,0,08-01-01-02-20.wav,train
statement_holdout,0,08-01-01-02-21.wav,train
statement_holdout,0,08-01-01-02-22.wav,train
statement_holdout,0,08-01-01-02-23.wav,train
statement_holdout,0,08-01-01-02-24.wav,train
statement_holdout,0,08-02-01-01-01.wav,train
statement_holdout,0,08-02-01-01-02.wav,train
statement_holdout,0,08-02-01-01-03.wav,train
statement_holdout,0,08-02-01-01-04.wav,train
statement_holdout,0,08-02-01-01-05.wav,train
statement_holdout,0,08-02-01-01-06.wav,train
statement_holdout,0,08-02-01-01-07.wav,train
statement_holdout,0,08-02-01-01-08.wav,train
statement_holdout,0,08-02-01-01-09.wav,train
statement_holdout,0,08-02-01-01-10.wav,train
statement_holdout,0,08-02-01-01-11.wav,train
statement_holdout,0,08-02-01-01-12.wav,train
statement_holdout,0,08-02-01-01-13.wav,train
statement_holdout,0,08-02-01-01-14.wav,train
statement_holdout,0,08-02-01-01-15.wav,train
statement_holdout,0,08-02-01-01-16.wav,train
statement_holdout,0,08-02-01-01-17.wav,train
statement_holdout,0,08-02-01-01-18.wav,train
statement_holdout,0,08-02-01-01-19.wav,train
statement_holdout,0,08-02-01-01-20.wav,train
statement_holdout,0,08-02-01-01-21.wav,train
statement_holdout,0,08-02-01-01-22.wav,train
statement_holdout,0,08-02-01-01-23.wav,train
statement_holdout,0,08-02-01-01-24.wav,train
statement_holdout,0,08-02-01-02-01.wav,train
statement_holdout,0,08-02-01-02-02.wav,train
statement_holdout,0,08-02-01-02-03.wav,train
statement_holdout,0,08-02-01-02-04.wav,train
statement_holdout,0,08-02-01-02-05.wav,train
statement_holdout,0,08-02-01-02-06.wav,train
statement_holdout,0,08-02-01-02-07.wav,train
statement_holdout,0,08-02-01-02-08.wav,train
statement_holdout,0,08-02-01-02-09.wav,train
statement_holdout,0,08-02-01-02-10.wav,train
statement_holdout,0,08-02-01-02-11.wav,train
statement_holdout,0,08-02-01-02-12.wav,train
statement_holdout,0,08-02-01-02-13.wav,train
statement_holdout,0,08-02-01-02-14.wav,train
statement_holdout,0,08-02-01-02-15.wav,train
statement_holdout,0,08-02-01-02-16.wav,train
statement_holdout,0,08-02-01-02-17.wav,train
statement_holdout,0,08-02-01-02-18.wav,train
statement_holdout,0,08-02-01-02-19.wav,train
statement_holdout,0,08-02-01-02-20.wav,train
statement_holdout,0,08-02-01-02-21.wav,train
statement_holdout,0,08-02-01-02-22.wav,train
statement_holdout,0,08-02-01-02-23.wav,train
statement_holdout,0,08-02-01-02-24.wav,train
statement_holdout_si,0,01-01-02-01-04.wav,test
statement_holdout_si,0,01-01-02-01-09.wav,test
statement_holdout_si,0,01-01-02-01-14.wav,test
statement_holdout_si,0,01-01-02-01-19.wav,test
statement_holdout_si,0,01-01-02-01-24.wav,test
statement_holdout_si,0,01-01-02-02-04.wav,test
statement_holdout_si,0,01-01-02-02-09.wav,test
statement_holdout_si,0,01-01-02-02-14.wav,test
statement_holdout_si,0,01-01-02-02-19.wav,test
statement_holdout_si,0,01-01-02-02-24.wav,test
statement_holdout_si,0,02-01-02-01-04.wav,test
statement_holdout_si,0,02-01-02-01-09.wav,test
statement_holdout_si,0,02-01-02-01-14.wav,test
statement_holdout_si,0,02-01-02-01-19.wav,test
statement_holdout_si,0,02-01-02-01-24.wav,test
statement_holdout_si,0,02-01-02-02-04.wav,test
statement_holdout_si,0,02-01-02-02-09.wav,test
statement_holdout_si,0,02-01-02-02-14.wav,test
statement_holdout_si,0,02-01-02-02-19.wav,test
statement_holdout_si,0,02-01-02-02-24.wav,test
statement_holdout_si,0,02-02-02-01-04.wav,test
statement_holdout_si,0,02-02-02-01-09.wav,test
statement_holdout_si,0,02-02-02-01-14.wav,test
statement_holdout_si,0,02-02-02-01-19.wav,test
statement_holdout_si,0,02-02-02-01-24.wav,test
statement_holdout_si,0,02-02-02-02-04.wav,test
statement_holdout_si,0,02-02-02-02-09.wav,test
statement_holdout_si,0,02-02-02-02-14.wav,test
statement_holdout_si,0,02-02-02-02-19.wav,test
statement_holdout_si,0,02-02-02-02-24.wav,test
statement_holdout_si,0,03-01-02-01-04.wav,test
statement_holdout_si,0,03-01-02-01-09.wav,test
statement_holdout_si,0,03-01-02-01-14.wav,test
statement_holdout_si,0,03-01-02-01-19.wav,test
statement_holdout_si,0,03-01-02-01-24.wav,test
statement_holdout_si,0,03-01-02-02-04.wav,test
statement_holdout_si,0,03-01-02-02-09.wav,test
statement_holdout_si,0,03-01-02-02-14.wav,test
statement_holdout_si,0,03-01-02-02-19.wav,test
statement_holdout_si,0,03-01-02-02-24.wav,test
statement_holdout_si,0,03-02-02-01-04.wav,test
statement_holdout_si,0,03-02-02-01-09.wav,test
statement_holdout_si,0,03-02-02-01-14.wav,test
statement_holdout_si,0,03-02-02-01-19.wav,test
statement_holdout_si,0,03-02-02-01-24.wav,test
statement_holdout_si,0,03-02-02-02-04.wav,test
statement_holdout_si,0,03-02-02-02-09.wav,test
statement_holdout_si,0,03-02-02-02-14.wav,test
statement_holdout_si,0,03-02-02-02-19.wav,test
statement_holdout_si,0,03-02-02-02-24.wav,test
statement_holdout_si,0,04-01-02-01-04.wav,test
statement_holdout_si,0,04-01-02-01-09.wav,test
statement_holdout_si,0,04-01-02-01-14.wav,test
statement_holdout_si,0,04-01-02-01-19.wav,test
statement_holdout_si,0,04-01-02-01-24.wav,test
statement_holdout_si,0,04-01-02-02-04.wav,test
statement_holdout_si,0,04-01-02-02-09.wav,test
statement_holdout_si,0,04-01-02-02-14.wav,test
statement_holdout_si,0,04-01-02-02-19.wav,test
statement_holdout_si,0,04-01-02-02-24.wav,test
statement_holdout_si,0,04-02-02-01-04.wav,test
statement_holdout_si,0,04-02-02-01-09.wav,test
statement_holdout_si,0,04-02-02-01-14.wav,test
statement_holdout_si,0,04-02-02-01-19.wav,test
statement_holdout_si,0,04-02-02-01-24.wav,test
statement_holdout_si,0,04-02-02-02-04.wav,test
statement_holdout_si,0,04-02-02-02-09.wav,test
statement_holdout_si,0,04-02-02-02-14.wav,test
statement_holdout_si,0,04-02-02-02-19.wav,test
statement_holdout_si,0,04-02-02-02-24.wav,test
statement_holdout_si,0,05-01-02-01-04.wav,test
statement_holdout_si,0,05-01-02-01-09.wav,test
statement_holdout_si,0,05-01-02-01-14.wav,test
statement_holdout_si,0,05-01-02-01-19.wav,test
statement_holdout_si,0,05-01-02-01-24.wav,test
statement_holdout_si,0,05-01-02-02-04.wav,test
statement_holdout_si,0,05-01-02-02-09.wav,test
statement_holdout_si,0,05-01-02-02-14.wav,test
statement_holdout_si,0,05-01-02-02-19.wav,test
statement_holdout_si,0,05-01-02-02-24.wav,test
statement_holdout_si,0,05-02-02-01-04.wav,test
statement_holdout_si,0,05-02-02-01-09.wav,test
statement_holdout_si,0,05-02-02-01-14.wav,test
statement_holdout_si,0,05-02-02-01-19.wav,test
statement_holdout_si,0,05-02-02-01-24.wav,test
statement_holdout_si,0,05-02-02-02-04.wav,test
statement_holdout_si,0,05-02-02-02-09.wav,test
statement_holdout_si,0,05-02-02-02-14.wav,test
statement_holdout_si,0,05-02-02-02-19.wav,test
statement_holdout_si,0,05-02-02-02-24.wav,test
statement_holdout_si,0,06-01-02-01-04.wav,test
statement_holdout_si,0,06-01-02-01-09.wav,test
statement_holdout_si,0,06-01-02-01-14.wav,test
statement_holdout_si,0,06-01-02-01-19.wav,test
statement_holdout_si,0,06-01-02-01-24.wav,test
statement_holdout_si,0,06-01-02-02-04.wav,test
statement_holdout_si,0,06-01-02-02-09.wav,test
statement_holdout_si,0,06-01-02-02-14.wav,test
statement_holdout_si,0,06-01-02-02-19.wav,test
statement_holdout_si,0,06-01-02-02-24.wav,test
statement_holdout_si,0,06-02-02-01-04.wav,test
statement_holdout_si,0,06-02-02-01-09.wav,test
statement_holdout_si,0,06-02-02-01-14.wav,test
statement_holdout_si,0,06-02-02-01-19.wav,test
statement_holdout_si,0,06-02-02-01-24.wav,test
statement_holdout_si,0,06-02-02-02-04.wav,test
statement_holdout_si,0,06-02-02-02-09.wav,test
statement_holdout_si,0,06-02-02-02-14.wav,test
statement_holdout_si,0,06-02-02-02-19.wav,test
statement_holdout_si,0,06-02-02-02-24.wav,test
statement_holdout_si,0,07-01-02-01-04.wav,test
statement_holdout_si,0,07-01-02-01-09.wav,test
statement_holdout_si,0,07-01-02-01-14.wav,test
statement_holdout_si,0,07-01-02-01-19.wav,test
statement_holdout_si,0,07-01-02-01-24.wav,test
statement_holdout_si,0,07-01-02-02-04.wav,test
statement_holdout_si,0,07-01-02-02-09.wav,test
statement_holdout_si,0,07-01-02-02-14.wav,test
statement_holdout_si,0,07-01-02-02-19.wav,test
statement_holdout_si,0,07-01-02-02-24.wav,test
statement_holdout_si,0,07-02-02-01-04.wav,test
statement_holdout_si,0,07-02-02-01-09.wav,test
statement_holdout_si,0,07-02-02-01-14.wav,test
statement_holdout_si,0,07-02-02-01-19.wav,test
statement_holdout_si,0,07-02-02-01-24.wav,test
statement_holdout_si,0,07-02-02-02-04.wav,test
statement_holdout_si,0,07-02-02-02-09.wav,test
statement_holdout_si,0,07-02-02-02-14.wav,test
statement_holdout_si,0,07-02-02-02-19.wav,test
statement_holdout_si,0,07-02-02-02-24.wav,test
statement_holdout_si,0,08-01-02-01-04.wav,test
statement_holdout_si,0,08-01-02-01-09.wav,test
statement_holdout_si,0,08-01-02-01-14.wav,test
statement_holdout_si,0,08-01-02-01-19.wav,test
statement_holdout_si,0,08-01-02-01-24.wav,test
statement_holdout_si,0,08-01-02-02-04.wav,test
statement_holdout_si,0,08-01-02-02-09.wav,test
statement_holdout_si,0,08-01-02-02-14.wav,test
statement_holdout_si,0,08-01-02-02-19.wav,test
statement_holdout_si,0,08-01-02-02-24.wav,test
statement_holdout_si,0,08-02-02-01-04.wav,test
statement_holdout_si,0,08-02-02-01-09.wav,test
statement_holdout_si,0,08-02-02-01-14.wav,test
statement_holdout_si,0,08-02-02-01-19.wav,test
statement_holdout_si,0,08-02-02-01-24.wav,test
statement_holdout_si,0,08-02-02-02-04.wav,test
statement_holdout_si,0,08-02-02-02-09.wav,test
statement_holdout_si,0,08-02-02-02-14.wav,test
statement_holdout_si,0,08-02-02-02-19.wav,test
statement_holdout_si,0,08-02-02-02-24.wav,test
statement_holdout_si,0,01-01-01-01-01.wav,train
statement_holdout_si,0,01-01-01-01-02.wav,train
statement_holdout_si,0,01-01-01-01-03.wav,train
statement_holdout_si,0,01-01-01-01-05.wav,train
statement_holdout_si,0,01-01-01-01-06.wav,train
statement_holdout_si,0,01-01-01-01-07.wav,train
statement_holdout_si,0,01-01-01-01-08.wav,train
statement_holdout_si,0,01-01-01-01-10.wav,train
statement_holdout_si,0,01-01-01-01-11.wav,train
statement_holdout_si,0,01-01-01-01-12.wav,train
statement_holdout_si,0,01-01-01-01-13.wav,train
statement_holdout_si,0,01-01-01-01-15.wav,train
statement_holdout_si,0,01-01-01-01-16.wav,train
statement_holdout_si,0,01-01-01-01-17.wav,train
statement_holdout_si,0,01-01-01-01-18.wav,train
statement_holdout_si,0,01-01-01-01-20.wav,train
statement_holdout_si,0,01-01-01-01-21.wav,train
statement_holdout_si,0,01-01-01-01-22.wav,train
statement_holdout_si,0,01-01-01-01-23.wav,train
statement_holdout_si,0,01-01-01-02-01.wav,train
statement_holdout_si,0,01-01-01-02-02.wav,train
statement_holdout_si,0,01-01-01-02-03.wav,train
statement_holdout_si,0,01-01-01-02-05.wav,train
statement_holdout_si,0,01-01-01-02-06.wav,train
statement_holdout_si,0,01-01-01-02-07.wav,train
statement_holdout_si,0,01-01-01-02-08.wav,train
statement_holdout_si,0,01-01-01-02-10.wav,train
statement_holdout_si,0,01-01-01-02-11.wav,train
statement_holdout_si,0,01-01-01-02-12.wav,train
statement_holdout_si,0,01-01-01-02-13.wav,train
statement_holdout_si,0,01-01-01-02-15.wav,train
statement_holdout_si,0,01-01-01-02-16.wav,train
statement_holdout_si,0,01-01-01-02-17.wav,train
statement_holdout_si,0,01-01-01-02-18.wav,train
statement_holdout_si,0,01-01-01-02-20.wav,train
statement_holdout_si,0,01-01-01-02-21.wav,train
statement_holdout_si,0,01-01-01-02-22.wav,train
statement_holdout_si,0,01-01-01-02-23.wav,train
statement_holdout_si,0,02-01-01-01-01.wav,train
statement_holdout_si,0,02-01-01-01-02.wav,train
statement_holdout_si,0,02-01-01-01-03.wav,train
statement_holdout_si,0,02-01-01-01-05.wav,train
statement_holdout_si,0,02-01-01-01-06.wav,train
statement_holdout_si,0,02-01-01-01-07.wav,train
statement_holdout_si,0,02-01-01-01-08.wav,train
statement_holdout_si,0,02-01-01-01-10.wav,train
statement_holdout_si,0,02-01-01-01-11.wav,train
statement_holdout_si,0,02-01-01-01-12.wav,train
statement_holdout_si,0,02-01-01-01-13.wav,train
statement_holdout_si,0,02-01-01-01-15.wav,train
statement_holdout_si,0,02-01-01-01-16.wav,train
statement_holdout_si,0,02-01-01-01-17.wav,train
statement_holdout_si,0,02-01-01-01-18.wav,train
statement_holdout_si,0,02-01-01-01-20.wav,train
statement_holdout_si,0,02-01-01-01-21.wav,train
statement_holdout_si,0,02-01-01-01-22.wav,train
statement_holdout_si,0,02-01-01-01-23.wav,train
statement_holdout_si,0,02-01-01-02-01.wav,train
statement_holdout_si,0,02-01-01-02-02.wav,train
statement_holdout_si,0,02-01-01-02-03.wav,train
statement_holdout_si,0,02-01-01-02-05.wav,train
statement_holdout_si,0,02-01-01-02-06.wav,train
statement_holdout_si,0,02-01-01-02-07.wav,train
statement_holdout_si,0,02-01-01-02-08.wav,train
statement_holdout_si,0,02-01-01-02-10.wav,train
statement_holdout_si,0,02-01-01-02-11.wav,train
statement_holdout_si,0,02-01-01-02-12.wav,train
statement_holdout_si,0,02-01-01-02-13.wav,train
statement_holdout_si,0,02-01-01-02-15.wav,train
statement_holdout_si,0,02-01-01-02-16.wav,train
statement_holdout_si,0,02-01-01-02-17.wav,train
statement_holdout_si,0,02-01-01-02-18.wav,train
statement_holdout_si,0,02-01-01-02-20.wav,train
statement_holdout_si,0,02-01-01-02-21.wav,train
statement_holdout_si,0,02-01-01-02-22.wav,train
statement_holdout_si,0,02-01-01-02-23.wav,train
statement_holdout_si,0,02-02-01-01-01.wav,train
statement_holdout_si,0,02-02-01-01-02.wav,train
statement_holdout_si,0,02-02-01-01-03.wav,train
statement_holdout_si,0,02-02-01-01-05.wav,train
statement_holdout_si,0,02-02-01-01-06.wav,train
statement_holdout_si,0,02-02-01-01-07.wav,train
statement_holdout_si,0,02-02-01-01-08.wav,train
statement_holdout_si,0,02-02-01-01-10.wav,train
statement_holdout_si,0,02-02-01-01-11.wav,train
statement_holdout_si,0,02-02-01-01-12.wav,train
statement_holdout_si,0,02-02-01-01-13.wav,train
statement_holdout_si,0,02-02-01-01-15.wav,train
statement_holdout_si,0,02-02-01-01-16.wav,train
statement_holdout_si,0,02-02-01-01-17.wav,train
statement_holdout_si,0,02-02-01-01-18.wav,train
statement_holdout_si,0,02-02-01-01-20.wav,train
statement_holdout_si,0,02-02-01-01-21.wav,train
statement_holdout_si,0,02-02-01-01-22.wav,train
statement_holdout_si,0,02-02-01-01-23.wav,train
statement_holdout_si,0,02-02-01-02-01.wav,train
statement_holdout_si,0,02-02-01-02-02.wav,train
statement_holdout_si,0,02-02-01-02-03.wav,train
statement_holdout_si,0,02-02-01-02-05.wav,train
statement_holdout_si,0,02-02-01-02-06.wav,train
statement_holdout_si,0,02-02-01-02-07.wav,train
statement_holdout_si,0,02-02-01-02-08.wav,train
statement_holdout_si,0,02-02-01-02-10.wav,train
statement_holdout_si,0,02-02-01-02-11.wav,train
statement_holdout_si,0,02-02-01-02-12.wav,train
statement_holdout_si,0,02-02-01-02-13.wav,train
statement_holdout_si,0,02-02-01-02-15.wav,train
statement_holdout_si,0,02-02-01-02-16.wav,train
statement_holdout_si,0,02-02-01-02-17.wav,train
statement_holdout_si,0,02-02-01-02-18.wav,train
statement_holdout_si,0,02-02-01-02-20.wav,train
statement_holdout_si,0,02-02-01-02-21.wav,train
statement_holdout_si,0,02-02-01-02-22.wav,train
statement_holdout_si,0,02-02-01-02-23.wav,train
statement_holdout_si,0,03-01-01-01-01.wav,train
statement_holdout_si,0,03-01-01-01-02.wav,train
statement_holdout_si,0,03-01-01-01-03.wav,train
statement_holdout_si,0,03-01-01-01-05.wav,train
statement_holdout_si,0,03-01-01-01-06.wav,train
statement_holdout_si,0,03-01-01-01-07.wav,train
statement_holdout_si,0,03-01-01-01-08.wav,train
statement_holdout_si,0,03-01-01-01-10.wav,train
statement_holdout_si,0,03-01-01-01-11.wav,train
statement_holdout_si,0,03-01-01-01-12.wav,train
statement_holdout_si,0,03-01-01-01-13.wav,train
statement_holdout_si,0,03-01-01-01-15.wav,train
statement_holdout_si,0,03-01-01-01-16.wav,train
statement_holdout_si,0,03-01-01-01-17.wav,train
statement_holdout_si,0,03-01-01-01-18.wav,train
statement_holdout_si,0,03-01-01-01-20.wav,train
statement_holdout_si,0,03-01-01-01-21.wav,train
statement_holdout_si,0,03-01-01-01-22.wav,train
statement_holdout_si,0,03-01-01-01-23.wav,train
statement_holdout_si,0,03-01-01-02-01.wav,train
statement_holdout_si,0,03-01-01-02-02.wav,train
statement_holdout_si,0,03-01-01-02-03.wav,train
statement_holdout_si,0,03-01-01-02-05.wav,train
statement_holdout_si,0,03-01-01-02-06.wav,train
statement_holdout_si,0,03-01-01-02-07.wav,train
statement_holdout_si,0,03-01-01-02-08.wav,train
statement_holdout_si,0,03-01-01-02-10.wav,train
statement_holdout_si,0,03-01-01-02-11.wav,train
statement_holdout_si,0,03-01-01-02-12.wav,train
statement_holdout_si,0,03-01-01-02-13.wav,train
statement_holdout_si,0,03-01-01-02-15.wav,train
statement_holdout_si,0,03-01-01-02-16.wav,train
statement_holdout_si,0,03-01-01-02-17.wav,train
statement_holdout_si,0,03-01-01-02-18.wav,train
statement_holdout_si,0,03-01-01-02-20.wav,train
statement_holdout_si,0,03-01-01-02-21.wav,train
statement_holdout_si,0,03-01-01-02-22.wav,train
statement_holdout_si,0,03-01-01-02-23.wav,train
statement_holdout_si,0,03-02-01-01-01.wav,train
statement_holdout_si,0,03-02-01-01-02.wav,train
statement_holdout_si,0,03-02-01-01-03.wav,train
statement_holdout_si,0,03-02-01-01-05.wav,train
statement_holdout_si,0,03-02-01-01-06.wav,train
statement_holdout_si,0,03-02-01-01-07.wav,train
statement_holdout_si,0,03-02-01-01-08.wav,train
statement_holdout_si,0,03-02-01-01-10.wav,train
statement_holdout_si,0,03-02-01-01-11.wav,train
statement_holdout_si,0,03-02-01-01-12.wav,train
statement_holdout_si,0,03-02-01-01-13.wav,train
statement_holdout_si,0,03-02-01-01-15.wav,train
statement_holdout_si,0,03-02-01-01-16.wav,train
statement_holdout_si,0,03-02-01-01-17.wav,train
statement_holdout_si,0,03-02-01-01-18.wav,train
statement_holdout_si,0,03-02-01-01-20.wav,train
statement_holdout_si,0,03-02-01-01-21.wav,train
statement_holdout_si,0,03-02-01-01-22.wav,train
statement_holdout_si,0,03-02-01-01-23.wav,train
statement_holdout_si,0,03-02-01-02-01.wav,train
statement_holdout_si,0,03-02-01-02-02.wav,train
statement_holdout_si,0,03-02-01-02-03.wav,train
statement_holdout_si,0,03-02-01-02-05.wav,train
statement_holdout_si,0,03-02-01-02-06.wav,train
statement_holdout_si,0,03-02-01-02-07.wav,train
statement_holdout_si,0,03-02-01-02-08.wav,train
statement_holdout_si,0,03-02-01-02-10.wav,train
statement_holdout_si,0,03-02-01-02-11.wav,train
statement_holdout_si,0,03-02-01-02-12.wav,train
statement_holdout_si,0,03-02-01-02-13.wav,train
statement_holdout_si,0,03-02-01-02-15.wav,train
statement_holdout_si,0,03-02-01-02-16.wav,train
statement_holdout_si,0,03-02-01-02-17.wav,train
statement_holdout_si,0,03-02-01-02-18.wav,train
statement_holdout_si,0,03-02-01-02-20.wav,train
statement_holdout_si,0,03-02-01-02-21.wav,train
statement_holdout_si,0,03-02-01-02-22.wav,train
statement_holdout_si,0,03-02-01-02-23.wav,train
statement_holdout_si,0,04-01-01-01-01.wav,train
statement_holdout_si,0,04-01-01-01-02.wav,train
statement_holdout_si,0,04-01-01-01-03.wav,train
statement_holdout_si,0,04-01-01-01-05.wav,train
statement_holdout_si,0,04-01-01-01-06.wav,train
statement_holdout_si,0,04-01-01-01-07.wav,train
statement_holdout_si,0,04-01-01-01-08.wav,train
statement_holdout_si,0,04-01-01-01-10.wav,train
statement_holdout_si,0,04-01-01-01-11.wav,train
statement_holdout_si,0,04-01-01-01-12.wav,train
statement_holdout_si,0,04-01-01-01-13.wav,train
statement_holdout_si,0,04-01-01-01-15.wav,train
statement_holdout_si,0,04-01-01-01-16.wav,train
statement_holdout_si,0,04-01-01-01-17.wav,train
statement_holdout_si,0,04-01-01-01-18.wav,train
statement_holdout_si,0,04-01-01-01-20.wav,train
statement_holdout_si,0,04-01-01-01-21.wav,train
statement_holdout_si,0,04-01-01-01-22.wav,train
statement_holdout_si,0,04-01-01-01-23.wav,train
statement_holdout_si,0,04-01-01-02-01.wav,train
statement_holdout_si,0,04-01-01-02-02.wav,train
statement_holdout_si,0,04-01-01-02-03.wav,train
statement_holdout_si,0,04-01-01-02-05.wav,train
statement_holdout_si,0,04-01-01-02-06.wav,train
statement_holdout_si,0,04-01-01-02-07.wav,train
statement_holdout_si,0,04-01-01-02-08.wav,train
statement_holdout_si,0,04-01-01-02-10.wav,train
statement_holdout_si,0,04-01-01-02-11.wav,train
statement_holdout_si,0,04-01-01-02-12.wav,train
statement_holdout_si,0,04-01-01-02-13.wav,train
statement_holdout_si,0,04-01-01-02-15.wav,train
statement_holdout_si,0,04-01-01-02-16.wav,train
statement_holdout_si,0,04-01-01-02-17.wav,train
statement_holdout_si,0,04-01-01-02-18.wav,train
statement_holdout_si,0,04-01-01-02-20.wav,train
statement_holdout_si,0,04-01-01-02-21.wav,train
statement_holdout_si,0,04-01-01-02-22.wav,train
statement_holdout_si,0,04-01-01-02-23.wav,train
statement_holdout_si,0,04-02-01-01-01.wav,train
statement_holdout_si,0,04-02-01-01-02.wav,train
statement_holdout_si,0,04-02-01-01-03.wav,train
statement_holdout_si,0,04-02-01-01-05.wav,train
statement_holdout_si,0,04-02-01-01-06.wav,train
statement_holdout_si,0,04-02-01-01-07.wav,train
statement_holdout_si,0,04-02-01-01-08.wav,train
statement_holdout_si,0,04-02-01-01-10.wav,train
statement_holdout_si,0,04-02-01-01-11.wav,train
statement_holdout_si,0,04-02-01-01-12.wav,train
statement_holdout_si,0,04-02-01-01-13.wav,train
statement_holdout_si,0,04-02-01-01-15.wav,train
statement_holdout_si,0,04-02-01-01-16.wav,train
statement_holdout_si,0,04-02-01-01-17.wav,train
statement_holdout_si,0,04-02-01-01-18.wav,train
statement_holdout_si,0,04-02-01-01-20.wav,train
statement_holdout_si,0,04-02-01-01-21.wav,train
statement_holdout_si,0,04-02-01-01-22.wav,train
statement_holdout_si,0,04-02-01-01-23.wav,train
statement_holdout_si,0,04-02-01-02-01.wav,train
statement_holdout_si,0,04-02-01-02-02.wav,train
statement_holdout_si,0,04-02-01-02-03.wav,train
statement_holdout_si,0,04-02-01-02-05.wav,train
statement_holdout_si,0,04-02-01-02-06.wav,train
statement_holdout_si,0,04-02-01-02-07.wav,train
statement_holdout_si,0,04-02-01-02-08.wav,train
statement_holdout_si,0,04-02-01-02-10.wav,train
statement_holdout_si,0,04-02-01-02-11.wav,train
statement_holdout_si,0,04-02-01-02-12.wav,train
statement_holdout_si,0,04-02-01-02-13.wav,train
statement_holdout_si,0,04-02-01-02-15.wav,train
statement_holdout_si,0,04-02-01-02-16.wav,train
statement_holdout_si,0,04-02-01-02-17.wav,train
statement_holdout_si,0,04-02-01-02-18.wav,train
statement_holdout_si,0,04-02-01-02-20.wav,train
statement_holdout_si,0,04-02-01-02-21.wav,train
statement_holdout_si,0,04-02-01-02-22.wav,train
statement_holdout_si,0,04-02-01-02-23.wav,train
statement_holdout_si,0,05-01-01-01-01.wav,train
statement_holdout_si,0,05-01-01-01-02.wav,train
statement_holdout_si,0,05-01-01-01-03.wav,train
statement_holdout_si,0,05-01-01-01-05.wav,train
statement_holdout_si,0,05-01-01-01-06.wav,train
statement_holdout_si,0,05-01-01-01-07.wav,train
statement_holdout_si,0,05-01-01-01-08.wav,train
statement_holdout_si,0,05-01-01-01-10.wav,train
statement_holdout_si,0,05-01-01-01-11.wav,train
statement_holdout_si,0,05-01-01-01-12.wav,train
statement_holdout_si,0,05-01-01-01-13.wav,train
statement_holdout_si,0,05-01-01-01-15.wav,train
statement_holdout_si,0,05-01-01-01-16.wav,train
statement_holdout_si,0,05-01-01-01-17.wav,train
statement_holdout_si,0,05-01-01-01-18.wav,train
statement_holdout_si,0,05-01-01-01-20.wav,train
statement_holdout_si,0,05-01-01-01-21.wav,train
statement_holdout_si,0,05-01-01-01-22.wav,train
statement_holdout_si,0,05-01-01-01-23.wav,train
statement_holdout_si,0,05-01-01-02-01.wav,train
statement_holdout_si,0,05-01-01-02-02.wav,train
statement_holdout_si,0,05-01-01-02-03.wav,train
statement_holdout_si,0,05-01-01-02-05.wav,train
statement_holdout_si,0,05-01-01-02-06.wav,train
statement_holdout_si,0,05-01-01-02-07.wav,train
statement_holdout_si,0,05-01-01-02-08.wav,train
statement_holdout_si,0,05-01-01-02-10.wav,train
statement_holdout_si,0,05-01-01-02-11.wav,train
statement_holdout_si,0,05-01-01-02-12.wav,train
statement_holdout_si,0,05-01-01-02-13.wav,train
statement_holdout_si,0,05-01-01-02-15.wav,train
statement_holdout_si,0,05-01-01-02-16.wav,train
statement_holdout_si,0,05-01-01-02-17.wav,train
statement_holdout_si,0,05-01-01-02-18.wav,train
statement_holdout_si,0,05-01-01-02-20.wav,train
statement_holdout_si,0,05-01-01-02-21.wav,train
statement_holdout_si,0,05-01-01-02-22.wav,train
statement_holdout_si,0,05-01-01-02-23.wav,train
statement_holdout_si,0,05-02-01-01-01.wav,train
statement_holdout_si,0,05-02-01-01-02.wav,train
statement_holdout_si,0,05-02-01-01-03.wav,train
statement_holdout_si,0,05-02-01-01-05.wav,train
statement_holdout_si,0,05-02-01-01-06.wav,train
statement_holdout_si,0,05-02-01-01-07.wav,train
statement_holdout_si,0,05-02-01-01-08.wav,train
statement_holdout_si,0,05-02-01-01-10.wav,train
statement_holdout_si,0,05-02-01-01-11.wav,train
statement_holdout_si,0,05-02-01-01-12.wav,train
statement_holdout_si,0,05-02-01-01-13.wav,train
statement_holdout_si,0,05-02-01-01-15.wav,train
statement_holdout_si,0,05-02-01-01-16.wav,train
statement_holdout_si,0,05-02-01-01-17.wav,train
statement_holdout_si,0,05-02-01-01-18.wav,train
statement_holdout_si,0,05-02-01-01-20.wav,train
statement_holdout_si,0,05-02-01-01-21.wav,train
statement_holdout_si,0,05-02-01-01-22.wav,train
statement_holdout_si,0,05-02-01-01-23.wav,train
statement_holdout_si,0,05-02-01-02-01.wav,train
statement_holdout_si,0,05-02-01-02-02.wav,train
statement_holdout_si,0,05-02-01-02-03.wav,train
statement_holdout_si,0,05-02-01-02-05.wav,train
statement_holdout_si,0,05-02-01-02-06.wav,train
statement_holdout_si,0,05-02-01-02-07.wav,train
statement_holdout_si,0,05-02-01-02-08.wav,train
statement_holdout_si,0,05-02-01-02-10.wav,train
statement_holdout_si,0,05-02-01-02-11.wav,train
statement_holdout_si,0,05-02-01-02-12.wav,train
statement_holdout_si,0,05-02-01-02-13.wav,train
statement_holdout_si,0,05-02-01-02-15.wav,train
statement_holdout_si,0,05-02-01-02-16.wav,train
statement_holdout_si,0,05-02-01-02-17.wav,train
statement_holdout_si,0,05-02-01-02-18.wav,train
statement_holdout_si,0,05-02-01-02-20.wav,train
statement_holdout_si,0,05-02-01-02-21.wav,train
statement_holdout_si,0,05-02-01-02-22.wav,train
statement_holdout_si,0,05-02-01-02-23.wav,train
statement_holdout_si,0,06-01-01-01-01.wav,train
statement_holdout_si,0,06-01-01-01-02.wav,train
statement_holdout_si,0,06-01-01-01-03.wav,train
statement_holdout_si,0,06-01-01-01-05.wav,train
statement_holdout_si,0,06-01-01-01-06.wav,train
statement_holdout_si,0,06-01-01-01-07.wav,train
statement_holdout_si,0,06-01-01-01-08.wav,train
statement_holdout_si,0,06-01-01-01-10.wav,train
statement_holdout_si,0,06-01-01-01-11.wav,train
statement_holdout_si,0,06-01-01-01-12.wav,train
statement_holdout_si,0,06-01-01-01-13.wav,train
statement_holdout_si,0,06-01-01-01-15.wav,train
statement_holdout_si,0,06-01-01-01-16.wav,train
statement_holdout_si,0,06-01-01-01-17.wav,train
statement_holdout_si,0,06-01-01-01-18.wav,train
statement_holdout_si,0,06-01-01-01-20.wav,train
statement_holdout_si,0,06-01-01-01-21.wav,train
statement_holdout_si,0,06-01-01-01-22.wav,train
statement_holdout_si,0,06-01-01-01-23.wav,train
statement_holdout_si,0,06-01-01-02-01.wav,train
statement_holdout_si,0,06-01-01-02-02.wav,train
statement_holdout_si,0,06-01-01-02-03.wav,train
statement_holdout_si,0,06-01-01-02-05.wav,train
statement_holdout_si,0,06-01-01-02-06.wav,train
statement_holdout_si,0,06-01-01-02-07.wav,train
statement_holdout_si,0,06-01-01-02-08.wav,train
statement_holdout_si,0,06-01-01-02-10.wav,train
statement_holdout_si,0,06-01-01-02-11.wav,train
statement_holdout_si,0,06-01-01-02-12.wav,train
statement_holdout_si,0,06-01-01-02-13.wav,train
statement_holdout_si,0,06-01-01-02-15.wav,train
statement_holdout_si,0,06-01-01-02-16.wav,train
statement_holdout_si,0,06-01-01-02-17.wav,train
statement_holdout_si,0,06-01-01-02-18.wav,train
statement_holdout_si,0,06-01-01-02-20.wav,train
statement_holdout_si,0,06-01-01-02-21.wav,train
statement_holdout_si,0,06-01-01-02-22.wav,train
statement_holdout_si,0,06-01-01-02-23.wav,train
statement_holdout_si,0,06-02-01-01-01.wav,train
statement_holdout_si,0,06-02-01-01-02.wav,train
statement_holdout_si,0,06-02-01-01-03.wav,train
statement_holdout_si,0,06-02-01-01-05.wav,train
statement_holdout_si,0,06-02-01-01-06.wav,train
statement_holdout_si,0,06-02-01-01-07.wav,train
statement_holdout_si,0,06-02-01-01-08.wav,train
statement_holdout_si,0,06-02-01-01-10.wav,train
statement_holdout_si,0,06-02-01-01-11.wav,train
statement_holdout_si,0,06-02-01-01-12.wav,train
statement_holdout_si,0,06-02-01-01-13.wav,train
statement_holdout_si,0,06-02-01-01-15.wav,train
statement_holdout_si,0,06-02-01-01-16.wav,train
statement_holdout_si,0,06-02-01-01-17.wav,train
statement_holdout_si,0,06-02-01-01-18.wav,train
statement_holdout_si,0,06-02-01-01-20.wav,train
statement_holdout_si,0,06-02-01-01-21.wav,train
statement_holdout_si,0,06-02-01-01-22.wav,train
statement_holdout_si,0,06-02-01-01-23.wav,train
statement_holdout_si,0,06-02-01-02-01.wav,train
statement_holdout_si,0,06-02-01-02-02.wav,train
statement_holdout_si,0,06-02-01-02-03.wav,train
statement_holdout_si,0,06-02-01-02-05.wav,train
statement_holdout_si,0,06-02-01-02-06.wav,train
statement_holdout_si,0,06-02-01-02-07.wav,train
statement_holdout_si,0,06-02-01-02-08.wav,train
statement_holdout_si,0,06-02-01-02-10.wav,train
statement_holdout_si,0,06-02-01-02-11.wav,train
statement_holdout_si,0,06-02-01-02-12.wav,train
statement_holdout_si,0,06-02-01-02-13.wav,train
statement_holdout_si,0,06-02-01-02-15.wav,train
statement_holdout_si,0,06-02-01-02-16.wav,train
statement_holdout_si,0,06-02-01-02-17.wav,train
statement_holdout_si,0,06-02-01-02-18.wav,train
statement_holdout_si,0,06-02-01-02-20.wav,train
statement_holdout_si,0,06-02-01-02-21.wav,train
statement_holdout_si,0,06-02-01-02-22.wav,train
statement_holdout_si,0,06-02-01-02-23.wav,train
statement_holdout_si,0,07-01-01-01-01.wav,train
statement_holdout_si,0,07-01-01-01-02.wav,train
statement_holdout_si,0,07-01-01-01-03.wav,train
statement_holdout_si,0,07-01-01-01-05.wav,train
statement_holdout_si,0,07-01-01-01-06.wav,train
statement_holdout_si,0,07-01-01-01-07.wav,train
statement_holdout_si,0,07-01-01-01-08.wav,train
statement_holdout_si,0,07-01-01-01-10.wav,train
statement_holdout_si,0,07-01-01-01-11.wav,train
statement_holdout_si,0,07-01-01-01-12.wav,train
statement_holdout_si,0,07-01-01-01-13.wav,train
statement_holdout_si,0,07-01-01-01-15.wav,train
statement_holdout_si,0,07-01-01-01-16.wav,train
statement_holdout_si,0,07-01-01-01-17.wav,train
statement_holdout_si,0,07-01-01-01-18.wav,train
statement_holdout_si,0,07-01-01-01-20.wav,train
statement_holdout_si,0,07-01-01-01-21.wav,train
statement_holdout_si,0,07-01-01-01-22.wav,train
statement_holdout_si,0,07-01-01-01-23.wav,train
statement_holdout_si,0,07-01-01-02-01.wav,train
statement_holdout_si,0,07-01-01-02-02.wav,train
statement_holdout_si,0,07-01-01-02-03.wav,train
statement_holdout_si,0,07-01-01-02-05.wav,train
statement_holdout_si,0,07-01-01-02-06.wav,train
statement_holdout_si,0,07-01-01-02-07.wav,train
statement_holdout_si,0,07-01-01-02-08.wav,train
statement_holdout_si,0,07-01-01-02-10.wav,train
statement_holdout_si,0,07-01-01-02-11.wav,train
statement_holdout_si,0,07-01-01-02-12.wav,train
statement_holdout_si,0,07-01-01-02-13.wav,train
statement_holdout_si,0,07-01-01-02-15.wav,train
statement_holdout_si,0,07-01-01-02-16.wav,train
statement_holdout_si,0,07-01-01-02-17.wav,train
statement_holdout_si,0,07-01-01-02-18.wav,train
statement_holdout_si,0,07-01-01-02-20.wav,train
statement_holdout_si,0,07-01-01-02-21.wav,train
statement_holdout_si,0,07-01-01-02-22.wav,train
statement_holdout_si,0,07-01-01-02-23.wav,train
statement_holdout_si,0,07-02-01-01-01.wav,train
statement_holdout_si,0,07-02-01-01-02.wav,train
statement_holdout_si,0,07-02-01-01-03.wav,train
statement_holdout_si,0,07-02-01-01-05.wav,train
statement_holdout_si,0,07-02-01-01-06.wav,train
statement_holdout_si,0,07-02-01-01-07.wav,train
statement_holdout_si,0,07-02-01-01-08.wav,train
statement_holdout_si,0,07-02-01-01-10.wav,train
statement_holdout_si,0,07-02-01-01-11.wav,train
statement_holdout_si,0,07-02-01-01-12.wav,train
statement_holdout_si,0,07-02-01-01-13.wav,train
statement_holdout_si,0,07-02-01-01-15.wav,train
statement_holdout_si,0,07-02-01-01-16.wav,train
statement_holdout_si,0,07-02-01-01-17.wav,train
statement_holdout_si,0,07-02-01-01-18.wav,train
statement_holdout_si,0,07-02-01-01-20.wav,train
statement_holdout_si,0,07-02-01-01-21.wav,train
statement_holdout_si,0,07-02-01-01-22.wav,train
statement_holdout_si,0,07-02-01-01-23.wav,train
statement_holdout_si,0,07-02-01-02-01.wav,train
statement_holdout_si,0,07-02-01-02-02.wav,train
statement_holdout_si,0,07-02-01-02-03.wav,train
statement_holdout_si,0,07-02-01-02-05.wav,train
statement_holdout_si,0,07-02-01-02-06.wav,train
statement_holdout_si,0,07-02-01-02-07.wav,train
statement_holdout_si,0,07-02-01-02-08.wav,train
statement_holdout_si,0,07-02-01-02-10.wav,train
statement_holdout_si,0,07-02-01-02-11.wav,train
statement_holdout_si,0,07-02-01-02-12.wav,train
statement_holdout_si,0,07-02-01-02-13.wav,train
statement_holdout_si,0,07-02-01-02-15.wav,train
statement_holdout_si,0,07-02-01-02-16.wav,train
statement_holdout_si,0,07-02-01-02-17.wav,train
statement_holdout_si,0,07-02-01-02-18.wav,train
statement_holdout_si,0,07-02-01-02-20.wav,train
statement_holdout_si,0,07-02-01-02-21.wav,train
statement_holdout_si,0,07-02-01-02-22.wav,train
statement_holdout_si,0,07-02-01-02-23.wav,train
statement_holdout_si,0,08-01-01-01-01.wav,train
statement_holdout_si,0,08-01-01-01-02.wav,train
statement_holdout_si,0,08-01-01-01-03.wav,train
statement_holdout_si,0,08-01-01-01-05.wav,train
statement_holdout_si,0,08-01-01-01-06.wav,train
statement_holdout_si,0,08-01-01-01-07.wav,train
statement_holdout_si,0,08-01-01-01-08.wav,train
statement_holdout_si,0,08-01-01-01-10.wav,train
statement_holdout_si,0,08-01-01-01-11.wav,train
statement_holdout_si,0,08-01-01-01-12.wav,train
statement_holdout_si,0,08-01-01-01-13.wav,train
statement_holdout_si,0,08-01-01-01-15.wav,train
statement_holdout_si,0,08-01-01-01-16.wav,train
statement_holdout_si,0,08-01-01-01-17.wav,train
statement_holdout_si,0,08-01-01-01-18.wav,train
statement_holdout_si,0,08-01-01-01-20.wav,train
statement_holdout_si,0,08-01-01-01-21.wav,train
statement_holdout_si,0,08-01-01-01-22.wav,train
statement_holdout_si,0,08-01-01-01-23.wav,train
statement_holdout_si,0,08-01-01-02-01.wav,train
statement_holdout_si,0,08-01-01-02-02.wav,train
statement_holdout_si,0,08-01-01-02-03.wav,train
statement_holdout_si,0,08-01-01-02-05.wav,train
statement_holdout_si,0,08-01-01-02-06.wav,train
statement_holdout_si,0,08-01-01-02-07.wav,train
statement_holdout_si,0,08-01-01-02-08.wav,train
statement_holdout_si,0,08-01-01-02-10.wav,train
statement_holdout_si,0,08-01-01-02-11.wav,train
statement_holdout_si,0,08-01-01-02-12.wav,train
statement_holdout_si,0,08-01-01-02-13.wav,train
statement_holdout_si,0,08-01-01-02-15.wav,train
statement_holdout_si,0,08-01-01-02-16.wav,train
statement_holdout_si,0,08-01-01-02-17.wav,train
statement_holdout_si,0,08-01-01-02-18.wav,train
statement_holdout_si,0,08-01-01-02-20.wav,train
statement_holdout_si,0,08-01-01-02-21.wav,train
statement_holdout_si,0,08-01-01-02-22.wav,train
statement_holdout_si,0,08-01-01-02-23.wav,train
statement_holdout_si,0,08-02-01-01-01.wav,train
statement_holdout_si,0,08-02-01-01-02.wav,train
statement_holdout_si,0,08-02-01-01-03.wav,train
statement_holdout_si,0,08-02-01-01-05.wav,train
statement_holdout_si,0,08-02-01-01-06.wav,train
statement_holdout_si,0,08-02-01-01-07.wav,train
statement_holdout_si,0,08-02-01-01-08.wav,train
statement_holdout_si,0,08-02-01-01-10.wav,train
statement_holdout_si,0,08-02-01-01-11.wav,train
statement_holdout_si,0,08-02-01-01-12.wav,train
statement_holdout_si,0,08-02-01-01-13.wav,train
statement_holdout_si,0,08-02-01-01-15.wav,train
statement_holdout_si,0,08-02-01-01-16.wav,train
statement_holdout_si,0,08-02-01-01-17.wav,train
statement_holdout_si,0,08-02-01-01-18.wav,train
statement_holdout_si,0,08-02-01-01-20.wav,train
statement_holdout_si,0,08-02-01-01-21.wav,train
statement_holdout_si,0,08-02-01-01-22.wav,train
statement_holdout_si,0,08-02-01-01-23.wav,train
statement_holdout_si,0,08-02-01-02-01.wav,train
statement_holdout_si,0,08-02-01-02-02.wav,train
statement_holdout_si,0,08-02-01-02-03.wav,train
statement_holdout_si,0,08-02-01-02-05.wav,train
statement_holdout_si,0,08-02-01-02-06.wav,train
statement_holdout_si,0,08-02-01-02-07.wav,train
statement_holdout_si,0,08-02-01-02-08.wav,train
statement_holdout_si,0,08-02-01-02-10.wav,train
statement_holdout_si,0,08-02-01-02-11.wav,train
statement_holdout_si,0,08-02-01-02-12.wav,train
statement_holdout_si,0,08-02-01-02-13.wav,train
statement_holdout_si,0,08-02-01-02-15.wav,train
statement_holdout_si,0,08-02-01-02-16.wav,train
statement_holdout_si,0,08-02-01-02-17.wav,train
statement_holdout_si,0,08-02-01-02-18.wav,train
statement_holdout_si,0,08-02-01-02-20.wav,train
statement_holdout_si,0,08-02-01-02-21.wav,train
statement_holdout_si,0,08-02-01-02-22.wav,train
statement_holdout_si,0,08-02-01-02-23.wav,train
statement_holdout_si,1,01-01-02-01-03.wav,test
statement_holdout_si,1,01-01-02-01-08.wav,test
statement_holdout_si,1,01-01-02-01-13.wav,test
statement_holdout_si,1,01-01-02-01-18.wav,test
statement_holdout_si,1,01-01-02-01-23.wav,test
statement_holdout_si,1,01-01-02-02-03.wav,test
statement_holdout_si,1,01-01-02-02-08.wav,test
statement_holdout_si,1,01-01-02-02-13.wav,test
statement_holdout_si,1,01-01-02-02-18.wav,test
statement_holdout_si,1,01-01-02-02-23.wav,test
statement_holdout_si,1,02-01-02-01-03.wav,test
statement_holdout_si,1,02-01-02-01-08.wav,test
statement_holdout_si,1,02-01-02-01-13.wav,test
statement_holdout_si,1,02-01-02-01-18.wav,test
statement_holdout_si,1,02-01-02-01-23.wav,test
statement_holdout_si,1,02-01-02-02-03.wav,test
statement_holdout_si,1,02-01-02-02-08.wav,test
statement_holdout_si,1,02-01-02-02-13.wav,test
statement_holdout_si,1,02-01-02-02-18.wav,test
statement_holdout_si,1,02-01-02-02-23.wav,test
statement_holdout_si,1,02-02-02-01-03.wav,test
statement_holdout_si,1,02-02-02-01-08.wav,test
statement_holdout_si,1,02-02-02-01-13.wav,test
statement_holdout_si,1,02-02-02-01-18.wav,test
statement_holdout_si,1,02-02-02-01-23.wav,test
statement_holdout_si,1,02-02-02-02-03.wav,test
statement_holdout_si,1,02-02-02-02-08.wav,test
statement_holdout_si,1,02-02-02-02-13.wav,test
statement_holdout_si,1,02-02-02-02-18.wav,test
statement_holdout_si,1,02-02-02-02-23.wav,test
statement_holdout_si,1,03-01-02-01-03.wav,test
statement_holdout_si,1,03-01-02-01-08.wav,test
statement_holdout_si,1,03-01-02-01-13.wav,test
statement_holdout_si,1,03-01-02-01-18.wav,test
statement_holdout_si,1,03-01-02-01-23.wav,test
statement_holdout_si,1,03-01-02-02-03.wav,test
statement_holdout_si,1,03-01-02-02-08.wav,test
statement_holdout_si,1,03-01-02-02-13.wav,test
statement_holdout_si,1,03-01-02-02-18.wav,test
statement_holdout_si,1,03-01-02-02-23.wav,test
statement_holdout_si,1,03-02-02-01-03.wav,test
statement_holdout_si,1,03-02-02-01-08.wav,test
statement_holdout_si,1,03-02-02-01-13.wav,test
statement_holdout_si,1,03-02-02-01-18.wav,test
statement_holdout_si,1,03-02-02-01-23.wav,test
statement_holdout_si,1,03-02-02-02-03.wav,test
statement_holdout_si,1,03-02-02-02-08.wav,test
statement_holdout_si,1,03-02-02-02-13.wav,test
statement_holdout_si,1,03-02-02-02-18.wav,test
statement_holdout_si,1,03-02-02-02-23.wav,test
statement_holdout_si,1,04-01-02-01-03.wav,test
statement_holdout_si,1,04-01-02-01-08.wav,test
statement_holdout_si,1,04-01-02-01-13.wav,test
statement_holdout_si,1,04-01-02-01-18.wav,test
statement_holdout_si,1,04-01-02-01-23.wav,test
statement_holdout_si,1,04-01-02-02-03.wav,test
statement_holdout_si,1,04-01-02-02-08.wav,test
statement_holdout_si,1,04-01-02-02-13.wav,test
statement_holdout_si,1,04-01-02-02-18.wav,test
statement_holdout_si,1,04-01-02-02-23.wav,test
statement_holdout_si,1,04-02-02-01-03.wav,test
statement_holdout_si,1,04-02-02-01-08.wav,test
statement_holdout_si,1,04-02-02-01-13.wav,test
statement_holdout_si,1,04-02-02-01-18.wav,test
statement_holdout_si,1,04-02-02-01-23.wav,test
statement_holdout_si,1,04-02-02-02-03.wav,test
statement_holdout_si,1,04-02-02-02-08.wav,test
statement_holdout_si,1,04-02-02-02-13.wav,test
statement_holdout_si,1,04-02-02-02-18.wav,test
statement_holdout_si,1,04-02-02-02-23.wav,test
statement_holdout_si,1,05-01-02-01-03.wav,test
statement_holdout_si,1,05-01-02-01-08.wav,test
statement_holdout_si,1,05-01-02-01-13.wav,test
statement_holdout_si,1,05-01-02-01-18.wav,test
statement_holdout_si,1,05-01-02-01-23.wav,test
statement_holdout_si,1,05-01-02-02-03.wav,test
statement_holdout_si,1,05-01-02-02-08.wav,test
statement_holdout_si,1,05-01-02-02-13.wav,test
statement_holdout_si,1,05-01-02-02-18.wav,test
statement_holdout_si,1,05-01-02-02-23.wav,test
statement_holdout_si,1,05-02-02-01-03.wav,test
statement_holdout_si,1,05-02-02-01-08.wav,test
statement_holdout_si,1,05-02-02-01-13.wav,test
statement_holdout_si,1,05-02-02-01-18.wav,test
statement_holdout_si,1,05-02-02-01-23.wav,test
statement_holdout_si,1,05-02-02-02-03.wav,test
statement_holdout_si,1,05-02-02-02-08.wav,test
statement_holdout_si,1,05-02-02-02-13.wav,test
statement_holdout_si,1,05-02-02-02-18.wav,test
statement_holdout_si,1,05-02-02-02-23.wav,test
statement_holdout_si,1,06-01-02-01-03.wav,test
statement_holdout_si,1,06-01-02-01-08.wav,test
statement_holdout_si,1,06-01-02-01-13.wav,test
statement_holdout_si,1,06-01-02-01-18.wav,test
statement_holdout_si,1,06-01-02-01-23.wav,test
statement_holdout_si,1,06-01-02-02-03.wav,test
statement_holdout_si,1,06-01-02-02-08.wav,test
statement_holdout_si,1,06-01-02-02-13.wav,test
statement_holdout_si,1,06-01-02-02-18.wav,test
statement_holdout_si,1,06-01-02-02-23.wav,test
statement_holdout_si,1,06-02-02-01-03.wav,test
statement_holdout_si,1,06-02-02-01-08.wav,test
statement_holdout_si,1,06-02-02-01-13.wav,test
statement_holdout_si,1,06-02-02-01-18.wav,test
statement_holdout_si,1,06-02-02-01-23.wav,test
statement_holdout_si,1,06-02-02-02-03.wav,test
statement_holdout_si,1,06-02-02-02-08.wav,test
statement_holdout_si,1,06-02-02-02-13.wav,test
statement_holdout_si,1,06-02-02-02-18.wav,test
statement_holdout_si,1,06-02-02-02-23.wav,test
statement_holdout_si,1,07-01-02-01-03.wav,test
statement_holdout_si,1,07-01-02-01-08.wav,test
statement_holdout_si,1,07-01-02-01-13.wav,test
statement_holdout_si,1,07-01-02-01-18.wav,test
statement_holdout_si,1,07-01-02-01-23.wav,test
statement_holdout_si,1,07-01-02-02-03.wav,test
statement_holdout_si,1,07-01-02-02-08.wav,test
statement_holdout_si,1,07-01-02-02-13.wav,test
statement_holdout_si,1,07-01-02-02-18.wav,test
statement_holdout_si,1,07-01-02-02-23.wav,test
statement_holdout_si,1,07-02-02-01-03.wav,test
statement_holdout_si,1,07-02-02-01-08.wav,test
statement_holdout_si,1,07-02-02-01-13.wav,test
statement_holdout_si,1,07-02-02-01-18.wav,test
statement_holdout_si,1,07-02-02-01-23.wav,test
statement_holdout_si,1,07-02-02-02-03.wav,test
statement_holdout_si,1,07-02-02-02-08.wav,test
statement_holdout_si,1,07-02-02-02-13.wav,test
statement_holdout_si,1,07-02-02-02-18.wav,test
statement_holdout_si,1,07-02-02-02-23.wav,test
statement_holdout_si,1,08-01-02-01-03.wav,test
statement_holdout_si,1,08-01-02-01-08.wav,test
statement_holdout_si,1,08-01-02-01-13.wav,test
statement_holdout_si,1,08-01-02-01-18.wav,test
statement_holdout_si,1,08-01-02-01-23.wav,test
statement_holdout_si,1,08-01-02-02-03.wav,test
statement_holdout_si,1,08-01-02-02-08.wav,test
statement_holdout_si,1,08-01-02-02-13.wav,test
statement_holdout_si,1,08-01-02-02-18.wav,test
statement_holdout_si,1,08-01-02-02-23.wav,test
statement_holdout_si,1,08-02-02-01-03.wav,test
statement_holdout_si,1,08-02-02-01-08.wav,test
statement_holdout_si,1,08-02-02-01-13.wav,test
statement_holdout_si,1,08-02-02-01-18.wav,test
statement_holdout_si,1,08-02-02-01-23.wav,test
statement_holdout_si,1,08-02-02-02-03.wav,test
statement_holdout_si,1,08-02-02-02-08.wav,test
statement_holdout_si,1,08-02-02-02-13.wav,test
statement_holdout_si,1,08-02-02-02-18.wav,test
statement_holdout_si,1,08-02-02-02-23.wav,test
statement_holdout_si,1,01-01-01-01-01.wav,train
statement_holdout_si,1,01-01-01-01-02.wav,train
statement_holdout_si,1,01-01-01-01-04.wav,train
statement_holdout_si,1,01-01-01-01-05.wav,train
statement_holdout_si,1,01-01-01-01-06.wav,train
statement_holdout_si,1,01-01-01-01-07.wav,train
statement_holdout_si,1,01-01-01-01-09.wav,train
statement_holdout_si,1,01-01-01-01-10.wav,train
statement_holdout_si,1,01-01-01-01-11.wav,train
statement_holdout_si,1,01-01-01-01-12.wav,train
statement_holdout_si,1,01-01-01-01-14.wav,train
statement_holdout_si,1,01-01-01-01-15.wav,train
statement_holdout_si,1,01-01-01-01-16.wav,train
statement_holdout_si,1,01-01-01-01-17.wav,train
statement_holdout_si,1,01-01-01-01-19.wav,train
statement_holdout_si,1,01-01-01-01-20.wav,train
statement_holdout_si,1,01-01-01-01-21.wav,train
statement_holdout_si,1,01-01-01-01-22.wav,train
statement_holdout_si,1,01-01-01-01-24.wav,train
statement_holdout_si,1,01-01-01-02-01.wav,train
statement_holdout_si,1,01-01-01-02-02.wav,train
statement_holdout_si,1,01-01-01-02-04.wav,train
statement_holdout_si,1,01-01-01-02-05.wav,train
statement_holdout_si,1,01-01-01-02-06.wav,train
statement_holdout_si,1,01-01-01-02-07.wav,train
statement_holdout_si,1,01-01-01-02-09.wav,train
statement_holdout_si,1,01-01-01-02-10.wav,train
statement_holdout_si,1,01-01-01-02-11.wav,train
statement_holdout_si,1,01-01-01-02-12.wav,train
statement_holdout_si,1,01-01-01-02-14.wav,train
statement_holdout_si,1,01-01-01-02-15.wav,train
statement_holdout_si,1,01-01-01-02-16.wav,train
statement_holdout_si,1,01-01-01-02-17.wav,train
statement_holdout_si,1,01-01-01-02-19.wav,train
statement_holdout_si,1,01-01-01-02-20.wav,train
statement_holdout_si,1,01-01-01-02-21.wav,train
statement_holdout_si,1,01-01-01-02-22.wav,train
statement_holdout_si,1,01-01-01-02-24.wav,train
statement_holdout_si,1,02-01-01-01-01.wav,train
statement_holdout_si,1,02-01-01-01-02.wav,train
statement_holdout_si,1,02-01-01-01-04.wav,train
statement_holdout_si,1,02-01-01-01-05.wav,train
statement_holdout_si,1,02-01-01-01-06.wav,train
statement_holdout_si,1,02-01-01-01-07.wav,train
statement_holdout_si,1,02-01-01-01-09.wav,train
statement_holdout_si,1,02-01-01-01-10.wav,train
statement_holdout_si,1,02-01-01-01-11.wav,train
statement_holdout_si,1,02-01-01-01-12.wav,train
statement_holdout_si,1,02-01-01-01-14.wav,train
statement_holdout_si,1,02-01-01-01-15.wav,train
statement_holdout_si,1,02-01-01-01-16.wav,train
statement_holdout_si,1,02-01-01-01-17.wav,train
statement_holdout_si,1,02-01-01-01-19.wav,train
statement_holdout_si,1,02-01-01-01-20.wav,train
statement_holdout_si,1,02-01-01-01-21.wav,train
statement_holdout_si,1,02-01-01-01-22.wav,train
statement_holdout_si,1,02-01-01-01-24.wav,train
statement_holdout_si,1,02-01-01-02-01.wav,train
statement_holdout_si,1,02-01-01-02-02.wav,train
statement_holdout_si,1,02-01-01-02-04.wav,train
statement_holdout_si,1,02-01-01-02-05.wav,train
statement_holdout_si,1,02-01-01-02-06.wav,train
statement_holdout_si,1,02-01-01-02-07.wav,train
statement_holdout_si,1,02-01-01-02-09.wav,train
statement_holdout_si,1,02-01-01-02-10.wav,train
statement_holdout_si,1,02-01-01-02-11.wav,train
statement_holdout_si,1,02-01-01-02-12.wav,train
statement_holdout_si,1,02-01-01-02-14.wav,train
statement_holdout_si,1,02-01-01-02-15.wav,train
statement_holdout_si,1,02-01-01-02-16.wav,train
statement_holdout_si,1,02-01-01-02-17.wav,train
statement_holdout_si,1,02-01-01-02-19.wav,train
statement_holdout_si,1,02-01-01-02-20.wav,train
statement_holdout_si,1,02-01-01-02-21.wav,train
statement_holdout_si,1,02-01-01-02-22.wav,train
statement_holdout_si,1,02-01-01-02-24.wav,train
statement_holdout_si,1,02-02-01-01-01.wav,train
statement_holdout_si,1,02-02-01-01-02.wav,train
statement_holdout_si,1,02-02-01-01-04.wav,train
statement_holdout_si,1,02-02-01-01-05.wav,train
statement_holdout_si,1,02-02-01-01-06.wav,train
statement_holdout_si,1,02-02-01-01-07.wav,train
statement_holdout_si,1,02-02-01-01-09.wav,train
statement_holdout_si,1,02-02-01-01-10.wav,train
statement_holdout_si,1,02-02-01-01-11.wav,train
statement_holdout_si,1,02-02-01-01-12.wav,train
statement_holdout_si,1,02-02-01-01-14.wav,train
statement_holdout_si,1,02-02-01-01-15.wav,train
statement_holdout_si,1,02-02-01-01-16.wav,train
statement_holdout_si,1,02-02-01-01-17.wav,train
statement_holdout_si,1,02-02-01-01-19.wav,train
statement_holdout_si,1,02-02-01-01-20.wav,train
statement_holdout_si,1,02-02-01-01-21.wav,train
statement_holdout_si,1,02-02-01-01-22.wav,train
statement_holdout_si,1,02-02-01-01-24.wav,train
statement_holdout_si,1,02-02-01-02-01.wav,train
statement_holdout_si,1,02-02-01-02-02.wav,train
statement_holdout_si,1,02-02-01-02-04.wav,train
statement_holdout_si,1,02-02-01-02-05.wav,train
statement_holdout_si,1,02-02-01-02-06.wav,train
statement_holdout_si,1,02-02-01-02-07.wav,train
statement_holdout_si,1,02-02-01-02-09.wav,train
statement_holdout_si,1,02-02-01-02-10.wav,train
statement_holdout_si,1,02-02-01-02-11.wav,train
statement_holdout_si,1,02-02-01-02-12.wav,train
statement_holdout_si,1,02-02-01-02-14.wav,train
statement_holdout_si,1,02-02-01-02-15.wav,train
statement_holdout_si,1,02-02-01-02-16.wav,train
statement_holdout_si,1,02-02-01-02-17.wav,train
statement_holdout_si,1,02-02-01-02-19.wav,train
statement_holdout_si,1,02-02-01-02-20.wav,train
statement_holdout_si,1,02-02-01-02-21.wav,train
statement_holdout_si,1,02-02-01-02-22.wav,train
statement_holdout_si,1,02-02-01-02-24.wav,train
statement_holdout_si,1,03-01-01-01-01.wav,train
statement_holdout_si,1,03-01-01-01-02.wav,train
statement_holdout_si,1,03-01-01-01-04.wav,train
statement_holdout_si,1,03-01-01-01-05.wav,train
statement_holdout_si,1,03-01-01-01-06.wav,train
statement_holdout_si,1,03-01-01-01-07.wav,train
statement_holdout_si,1,03-01-01-01-09.wav,train
statement_holdout_si,1,03-01-01-01-10.wav,train
statement_holdout_si,1,03-01-01-01-11.wav,train
statement_holdout_si,1,03-01-01-01-12.wav,train
statement_holdout_si,1,03-01-01-01-14.wav,train
statement_holdout_si,1,03-01-01-01-15.wav,train
statement_holdout_si,1,03-01-01-01-16.wav,train
statement_holdout_si,1,03-01-01-01-17.wav,train
statement_holdout_si,1,03-01-01-01-19.wav,train
statement_holdout_si,1,03-01-01-01-20.wav,train
statement_holdout_si,1,03-01-01-01-21.wav,train
statement_holdout_si,1,03-01-01-01-22.wav,train
statement_holdout_si,1,03-01-01-01-24.wav,train
statement_holdout_si,1,03-01-01-02-01.wav,train
statement_holdout_si,1,03-01-01-02-02.wav,train
statement_holdout_si,1,03-01-01-02-04.wav,train
statement_holdout_si,1,03-01-01-02-05.wav,train
statement_holdout_si,1,03-01-01-02-06.wav,train
statement_holdout_si,1,03-01-01-02-07.wav,train
statement_holdout_si,1,03-01-01-02-09.wav,train
statement_holdout_si,1,03-01-01-02-10.wav,train
statement_holdout_si,1,03-01-01-02-11.wav,train
statement_holdout_si,1,03-01-01-02-12.wav,train
statement_holdout_si,1,03-01-01-02-14.wav,train
statement_holdout_si,1,03-01-01-02-15.wav,train
statement_holdout_si,1,03-01-01-02-16.wav,train
statement_holdout_si,1,03-01-01-02-17.wav,train
statement_holdout_si,1,03-01-01-02-19.wav,train
statement_holdout_si,1,03-01-01-02-20.wav,train
statement_holdout_si,1,03-01-01-02-21.wav,train
statement_holdout_si,1,03-01-01-02-22.wav,train
statement_holdout_si,1,03-01-01-02-24.wav,train
statement_holdout_si,1,03-02-01-01-01.wav,train
statement_holdout_si,1,03-02-01-01-02.wav,train
statement_holdout_si,1,03-02-01-01-04.wav,train
statement_holdout_si,1,03-02-01-01-05.wav,train
statement_holdout_si,1,03-02-01-01-06.wav,train
statement_holdout_si,1,03-02-01-01-07.wav,train
statement_holdout_si,1,03-02-01-01-09.wav,train
statement_holdout_si,1,03-02-01-01-10.wav,train
statement_holdout_si,1,03-02-01-01-11.wav,train
statement_holdout_si,1,03-02-01-01-12.wav,train
statement_holdout_si,1,03-02-01-01-14.wav,train
statement_holdout_si,1,03-02-01-01-15.wav,train
statement_holdout_si,1,03-02-01-01-16.wav,train
statement_holdout_si,1,03-02-01-01-17.wav,train
statement_holdout_si,1,03-02-01-01-19.wav,train
statement_holdout_si,1,03-02-01-01-20.wav,train
statement_holdout_si,1,03-02-01-01-21.wav,train
statement_holdout_si,1,03-02-01-01-22.wav,train
statement_holdout_si,1,03-02-01-01-24.wav,train
statement_holdout_si,1,03-02-01-02-01.wav,train
statement_holdout_si,1,03-02-01-02-02.wav,train
statement_holdout_si,1,03-02-01-02-04.wav,train
statement_holdout_si,1,03-02-01-02-05.wav,train
statement_holdout_si,1,03-02-01-02-06.wav,train
statement_holdout_si,1,03-02-01-02-07.wav,train
statement_holdout_si,1,03-02-01-02-09.wav,train
statement_holdout_si,1,03-02-01-02-10.wav,train
statement_holdout_si,1,03-02-01-02-11.wav,train
statement_holdout_si,1,03-02-01-02-12.wav,train
statement_holdout_si,1,03-02-01-02-14.wav,train
statement_holdout_si,1,03-02-01-02-15.wav,train
statement_holdout_si,1,03-02-01-02-16.wav,train
statement_holdout_si,1,03-02-01-02-17.wav,train
statement_holdout_si,1,03-02-01-02-19.wav,train
statement_holdout_si,1,03-02-01-02-20.wav,train
statement_holdout_si,1,03-02-01-02-21.wav,train
statement_holdout_si,1,03-02-01-02-22.wav,train
statement_holdout_si,1,03-02-01-02-24.wav,train
statement_holdout_si,1,04-01-01-01-01.wav,train
statement_holdout_si,1,04-01-01-01-02.wav,train
statement_holdout_si,1,04-01-01-01-04.wav,train
statement_holdout_si,1,04-01-01-01-05.wav,train
statement_holdout_si,1,04-01-01-01-06.wav,train
statement_holdout_si,1,04-01-01-01-07.wav,train
statement_holdout_si,1,04-01-01-01-09.wav,train
statement_holdout_si,1,04-01-01-01-10.wav,train
statement_holdout_si,1,04-01-01-01-11.wav,train
statement_holdout_si,1,04-01-01-01-12.wav,train
statement_holdout_si,1,04-01-01-01-14.wav,train
statement_holdout_si,1,04-01-01-01-15.wav,train
statement_holdout_si,1,04-01-01-01-16.wav,train
statement_holdout_si,1,04-01-01-01-17.wav,train
statement_holdout_si,1,04-01-01-01-19.wav,train
statement_holdout_si,1,04-01-01-01-20.wav,train
statement_holdout_si,1,04-01-01-01-21.wav,train
statement_holdout_si,1,04-01-01-01-22.wav,train
statement_holdout_si,1,04-01-01-01-24.wav,train
statement_holdout_si,1,04-01-01-02-01.wav,train
statement_holdout_si,1,04-01-01-02-02.wav,train
statement_holdout_si,1,04-01-01-02-04.wav,train
statement_holdout_si,1,04-01-01-02-05.wav,train
statement_holdout_si,1,04-01-01-02-06.wav,train
statement_holdout_si,1,04-01-01-02-07.wav,train
statement_holdout_si,1,04-01-01-02-09.wav,train
statement_holdout_si,1,04-01-01-02-10.wav,train
statement_holdout_si,1,04-01-01-02-11.wav,train
statement_holdout_si,1,04-01-01-02-12.wav,train
statement_holdout_si,1,04-01-01-02-14.wav,train
statement_holdout_si,1,04-01-01-02-15.wav,train
statement_holdout_si,1,04-01-01-02-16.wav,train
statement_holdout_si,1,04-01-01-02-17.wav,train
statement_holdout_si,1,04-01-01-02-19.wav,train
statement_holdout_si,1,04-01-01-02-20.wav,train
statement_holdout_si,1,04-01-01-02-21.wav,train
statement_holdout_si,1,04-01-01-02-22.wav,train
statement_holdout_si,1,04-01-01-02-24.wav,train
statement_holdout_si,1,04-02-01-01-01.wav,train
statement_holdout_si,1,04-02-01-01-02.wav,train
statement_holdout_si,1,04-02-01-01-04.wav,train
statement_holdout_si,1,04-02-01-01-05.wav,train
statement_holdout_si,1,04-02-01-01-06.wav,train
statement_holdout_si,1,04-02-01-01-07.wav,train
statement_holdout_si,1,04-02-01-01-09.wav,train
statement_holdout_si,1,04-02-01-01-10.wav,train
statement_holdout_si,1,04-02-01-01-11.wav,train
statement_holdout_si,1,04-02-01-01-12.wav,train
statement_holdout_si,1,04-02-01-01-14.wav,train
statement_holdout_si,1,04-02-01-01-15.wav,train
statement_holdout_si,1,04-02-01-01-16.wav,train
statement_holdout_si,1,04-02-01-01-17.wav,train
statement_holdout_si,1,04-02-01-01-19.wav,train
statement_holdout_si,1,04-02-01-01-20.wav,train
statement_holdout_si,1,04-02-01-01-21.wav,train
statement_holdout_si,1,04-02-01-01-22.wav,train
statement_holdout_si,1,04-02-01-01-24.wav,train
statement_holdout_si,1,04-02-01-02-01.wav,train
statement_holdout_si,1,04-02-01-02-02.wav,train
statement_holdout_si,1,04-02-01-02-04.wav,train
statement_holdout_si,1,04-02-01-02-05.wav,train
statement_holdout_si,1,04-02-01-02-06.wav,train
statement_holdout_si,1,04-02-01-02-07.wav,train
statement_holdout_si,1,04-02-01-02-09.wav,train
statement_holdout_si,1,04-02-01-02-10.wav,train
statement_holdout_si,1,04-02-01-02-11.wav,train
statement_holdout_si,1,04-02-01-02-12.wav,train
statement_holdout_si,1,04-02-01-02-14.wav,train
statement_holdout_si,1,04-02-01-02-15.wav,train
statement_holdout_si,1,04-02-01-02-16.wav,train
statement_holdout_si,1,04-02-01-02-17.wav,train
statement_holdout_si,1,04-02-01-02-19.wav,train
statement_holdout_si,1,04-02-01-02-20.wav,train
statement_holdout_si,1,04-02-01-02-21.wav,train
statement_holdout_si,1,04-02-01-02-22.wav,train
statement_holdout_si,1,04-02-01-02-24.wav,train
statement_holdout_si,1,05-01-01-01-01.wav,train
statement_holdout_si,1,05-01-01-01-02.wav,train
statement_holdout_si,1,05-01-01-01-04.wav,train
statement_holdout_si,1,05-01-01-01-05.wav,train
statement_holdout_si,1,05-01-01-01-06.wav,train
statement_holdout_si,1,05-01-01-01-07.wav,train
statement_holdout_si,1,05-01-01-01-09.wav,train
statement_holdout_si,1,05-01-01-01-10.wav,train
statement_holdout_si,1,05-01-01-01-11.wav,train
statement_holdout_si,1,05-01-01-01-12.wav,train
statement_holdout_si,1,05-01-01-01-14.wav,train
statement_holdout_si,1,05-01-01-01-15.wav,train
statement_holdout_si,1,05-01-01-01-16.wav,train
statement_holdout_si,1,05-01-01-01-17.wav,train
statement_holdout_si,1,05-01-01-01-19.wav,train
statement_holdout_si,1,05-01-01-01-20.wav,train
statement_holdout_si,1,05-01-01-01-21.wav,train
statement_holdout_si,1,05-01-01-01-22.wav,train
statement_holdout_si,1,05-01-01-01-24.wav,train
statement_holdout_si,1,05-01-01-02-01.wav,train
statement_holdout_si,1,05-01-01-02-02.wav,train
statement_holdout_si,1,05-01-01-02-04.wav,train
statement_holdout_si,1,05-01-01-02-05.wav,train
statement_holdout_si,1,05-01-01-02-06.wav,train
statement_holdout_si,1,05-01-01-02-07.wav,train
statement_holdout_si,1,05-01-01-02-09.wav,train
statement_holdout_si,1,05-01-01-02-10.wav,train
statement_holdout_si,1,05-01-01-02-11.wav,train
statement_holdout_si,1,05-01-01-02-12.wav,train
statement_holdout_si,1,05-01-01-02-14.wav,train
statement_holdout_si,1,05-01-01-02-15.wav,train
statement_holdout_si,1,05-01-01-02-16.wav,train
statement_holdout_si,1,05-01-01-02-17.wav,train
statement_holdout_si,1,05-01-01-02-19.wav,train
statement_holdout_si,1,05-01-01-02-20.wav,train
statement_holdout_si,1,05-01-01-02-21.wav,train
statement_holdout_si,1,05-01-01-02-22.wav,train
statement_holdout_si,1,05-01-01-02-24.wav,train
statement_holdout_si,1,05-02-01-01-01.wav,train
statement_holdout_si,1,05-02-01-01-02.wav,train
statement_holdout_si,1,05-02-01-01-04.wav,train
statement_holdout_si,1,05-02-01-01-05.wav,train
statement_holdout_si,1,05-02-01-01-06.wav,train
statement_holdout_si,1,05-02-01-01-07.wav,train
statement_holdout_si,1,05-02-01-01-09.wav,train
statement_holdout_si,1,05-02-01-01-10.wav,train
statement_holdout_si,1,05-02-01-01-11.wav,train
statement_holdout_si,1,05-02-01-01-12.wav,train
statement_holdout_si,1,05-02-01-01-14.wav,train
statement_holdout_si,1,05-02-01-01-15.wav,train
statement_holdout_si,1,05-02-01-01-16.wav,train
statement_holdout_si,1,05-02-01-01-17.wav,train
statement_holdout_si,1,05-02-01-01-19.wav,train
statement_holdout_si,1,05-02-01-01-20.wav,train
statement_holdout_si,1,05-02-01-01-21.wav,train
statement_holdout_si,1,05-02-01-01-22.wav,train
statement_holdout_si,1,05-02-01-01-24.wav,train
statement_holdout_si,1,05-02-01-02-01.wav,train
statement_holdout_si,1,05-02-01-02-02.wav,train
statement_holdout_si,1,05-02-01-02-04.wav,train
statement_holdout_si,1,05-02-01-02-05.wav,train
statement_holdout_si,1,05-02-01-02-06.wav,train
statement_holdout_si,1,05-02-01-02-07.wav,train
statement_holdout_si,1,05-02-01-02-09.wav,train
statement_holdout_si,1,05-02-01-02-10.wav,train
statement_holdout_si,1,05-02-01-02-11.wav,train
statement_holdout_si,1,05-02-01-02-12.wav,train
statement_holdout_si,1,05-02-01-02-14.wav,train
statement_holdout_si,1,05-02-01-02-15.wav,train
statement_holdout_si,1,05-02-01-02-16.wav,train
statement_holdout_si,1,05-02-01-02-17.wav,train
statement_holdout_si,1,05-02-01-02-19.wav,train
statement_holdout_si,1,05-02-01-02-20.wav,train
statement_holdout_si,1,05-02-01-02-21.wav,train
statement_holdout_si,1,05-02-01-02-22.wav,train
statement_holdout_si,1,05-02-01-02-24.wav,train
statement_holdout_si,1,06-01-01-01-01.wav,train
statement_holdout_si,1,06-01-01-01-02.wav,train
statement_holdout_si,1,06-01-01-01-04.wav,train
statement_holdout_si,1,06-01-01-01-05.wav,train
statement_holdout_si,1,06-01-01-01-06.wav,train
statement_holdout_si,1,06-01-01-01-07.wav,train
statement_holdout_si,1,06-01-01-01-09.wav,train
statement_holdout_si,1,06-01-01-01-10.wav,train
statement_holdout_si,1,06-01-01-01-11.wav,train
statement_holdout_si,1,06-01-01-01-12.wav,train
statement_holdout_si,1,06-01-01-01-14.wav,train
statement_holdout_si,1,06-01-01-01-15.wav,train
statement_holdout_si,1,06-01-01-01-16.wav,train
statement_holdout_si,1,06-01-01-01-17.wav,train
statement_holdout_si,1,06-01-01-01-19.wav,train
statement_holdout_si,1,06-01-01-01-20.wav,train
statement_holdout_si,1,06-01-01-01-21.wav,train
statement_holdout_si,1,06-01-01-01-22.wav,train
statement_holdout_si,1,06-01-01-01-24.wav,train
statement_holdout_si,1,06-01-01-02-01.wav,train
statement_holdout_si,1,06-01-01-02-02.wav,train
statement_holdout_si,1,06-01-01-02-04.wav,train
statement_holdout_si,1,06-01-01-02-05.wav,train
statement_holdout_si,1,06-01-01-02-06.wav,train
statement_holdout_si,1,06-01-01-02-07.wav,train
statement_holdout_si,1,06-01-01-02-09.wav,train
statement_holdout_si,1,06-01-01-02-10.wav,train
statement_holdout_si,1,06-01-01-02-11.wav,train
statement_holdout_si,1,06-01-01-02-12.wav,train
statement_holdout_si,1,06-01-01-02-14.wav,train
statement_holdout_si,1,06-01-01-02-15.wav,train
statement_holdout_si,1,06-01-01-02-16.wav,train
statement_holdout_si,1,06-01-01-02-17.wav,train
statement_holdout_si,1,06-01-01-02-19.wav,train
statement_holdout_si,1,06-01-01-02-20.wav,train
statement_holdout_si,1,06-01-01-02-21.wav,train
statement_holdout_si,1,06-01-01-02-22.wav,train
statement_holdout_si,1,06-01-01-02-24.wav,train
statement_holdout_si,1,06-02-01-01-01.wav,train
statement_holdout_si,1,06-02-01-01-02.wav,train
statement_holdout_si,1,06-02-01-01-04.wav,train
statement_holdout_si,1,06-02-01-01-05.wav,train
statement_holdout_si,1,06-02-01-01-06.wav,train
statement_holdout_si,1,06-02-01-01-07.wav,train
statement_holdout_si,1,06-02-01-01-09.wav,train
statement_holdout_si,1,06-02-01-01-10.wav,train
statement_holdout_si,1,06-02-01-01-11.wav,train
statement_holdout_si,1,06-02-01-01-12.wav,train
statement_holdout_si,1,06-02-01-01-14.wav,train
statement_holdout_si,1,06-02-01-01-15.wav,train
statement_holdout_si,1,06-02-01-01-16.wav,train
statement_holdout_si,1,06-02-01-01-17.wav,train
statement_holdout_si,1,06-02-01-01-19.wav,train
statement_holdout_si,1,06-02-01-01-20.wav,train
statement_holdout_si,1,06-02-01-01-21.wav,train
statement_holdout_si,1,06-02-01-01-22.wav,train
statement_holdout_si,1,06-02-01-01-24.wav,train
statement_holdout_si,1,06-02-01-02-01.wav,train
statement_holdout_si,1,06-02-01-02-02.wav,train
statement_holdout_si,1,06-02-01-02-04.wav,train
statement_holdout_si,1,06-02-01-02-05.wav,train
statement_holdout_si,1,06-02-01-02-06.wav,train
statement_holdout_si,1,06-02-01-02-07.wav,train
statement_holdout_si,1,06-02-01-02-09.wav,train
statement_holdout_si,1,06-02-01-02-10.wav,train
statement_holdout_si,1,06-02-01-02-11.wav,train
statement_holdout_si,1,06-02-01-02-12.wav,train
statement_holdout_si,1,06-02-01-02-14.wav,train
statement_holdout_si,1,06-02-01-02-15.wav,train
statement_holdout_si,1,06-02-01-02-16.wav,train
statement_holdout_si,1,06-02-01-02-17.wav,train
statement_holdout_si,1,06-02-01-02-19.wav,train
statement_holdout_si,1,06-02-01-02-20.wav,train
statement_holdout_si,1,06-02-01-02-21.wav,train
statement_holdout_si,1,06-02-01-02-22.wav,train
statement_holdout_si,1,06-02-01-02-24.wav,train
statement_holdout_si,1,07-01-01-01-01.wav,train
statement_holdout_si,1,07-01-01-01-02.wav,train
statement_holdout_si,1,07-01-01-01-04.wav,train
statement_holdout_si,1,07-01-01-01-05.wav,train
statement_holdout_si,1,07-01-01-01-06.wav,train
statement_holdout_si,1,07-01-01-01-07.wav,train
statement_holdout_si,1,07-01-01-01-09.wav,train
statement_holdout_si,1,07-01-01-01-10.wav,train
statement_holdout_si,1,07-01-01-01-11.wav,train
statement_holdout_si,1,07-01-01-01-12.wav,train
statement_holdout_si,1,07-01-01-01-14.wav,train
statement_holdout_si,1,07-01-01-01-15.wav,train
statement_holdout_si,1,07-01-01-01-16.wav,train
statement_holdout_si,1,07-01-01-01-17.wav,train
statement_holdout_si,1,07-01-01-01-19.wav,train
statement_holdout_si,1,07-01-01-01-20.wav,train
statement_holdout_si,1,07-01-01-01-21.wav,train
statement_holdout_si,1,07-01-01-01-22.wav,train
statement_holdout_si,1,07-01-01-01-24.wav,train
statement_holdout_si,1,07-01-01-02-01.wav,train
statement_holdout_si,1,07-01-01-02-02.wav,train
statement_holdout_si,1,07-01-01-02-04.wav,train
statement_holdout_si,1,07-01-01-02-05.wav,train
statement_holdout_si,1,07-01-01-02-06.wav,train
statement_holdout_si,1,07-01-01-02-07.wav,train
statement_holdout_si,1,07-01-01-02-09.wav,train
statement_holdout_si,1,07-01-01-02-10.wav,train
statement_holdout_si,1,07-01-01-02-11.wav,train
statement_holdout_si,1,07-01-01-02-12.wav,train
statement_holdout_si,1,07-01-01-02-14.wav,train
statement_holdout_si,1,07-01-01-02-15.wav,train
statement_holdout_si,1,07-01-01-02-16.wav,train
statement_holdout_si,1,07-01-01-02-17.wav,train
statement_holdout_si,1,07-01-01-02-19.wav,train
statement_holdout_si,1,07-01-01-02-20.wav,train
statement_holdout_si,1,07-01-01-02-21.wav,train
statement_holdout_si,1,07-01-01-02-22.wav,train
statement_holdout_si,1,07-01-01-02-24.wav,train
statement_holdout_si,1,07-02-01-01-01.wav,train
statement_holdout_si,1,07-02-01-01-02.wav,train
statement_holdout_si,1,07-02-01-01-04.wav,train
statement_holdout_si,1,07-02-01-01-05.wav,train
statement_holdout_si,1,07-02-01-01-06.wav,train
statement_holdout_si,1,07-02-01-01-07.wav,train
statement_holdout_si,1,07-02-01-01-09.wav,train
statement_holdout_si,1,07-02-01-01-10.wav,train
statement_holdout_si,1,07-02-01-01-11.wav,train
statement_holdout_si,1,07-02-01-01-12.wav,train
statement_holdout_si,1,07-02-01-01-14.wav,train
statement_holdout_si,1,07-02-01-01-15.wav,train
statement_holdout_si,1,07-02-01-01-16.wav,train
statement_holdout_si,1,07-02-01-01-17.wav,train
statement_holdout_si,1,07-02-01-01-19.wav,train
statement_holdout_si,1,07-02-01-01-20.wav,train
statement_holdout_si,1,07-02-01-01-21.wav,train
statement_holdout_si,1,07-02-01-01-22.wav,train
statement_holdout_si,1,07-02-01-01-24.wav,train
statement_holdout_si,1,07-02-01-02-01.wav,train
statement_holdout_si,1,07-02-01-02-02.wav,train
statement_holdout_si,1,07-02-01-02-04.wav,train
statement_holdout_si,1,07-02-01-02-05.wav,train
statement_holdout_si,1,07-02-01-02-06.wav,train
statement_holdout_si,1,07-02-01-02-07.wav,train
statement_holdout_si,1,07-02-01-02-09.wav,train
statement_holdout_si,1,07-02-01-02-10.wav,train
statement_holdout_si,1,07-02-01-02-11.wav,train
statement_holdout_si,1,07-02-01-02-12.wav,train
statement_holdout_si,1,07-02-01-02-14.wav,train
statement_holdout_si,1,07-02-01-02-15.wav,train
statement_holdout_si,1,07-02-01-02-16.wav,train
statement_holdout_si,1,07-02-01-02-17.wav,train
statement_holdout_si,1,07-02-01-02-19.wav,train
statement_holdout_si,1,07-02-01-02-20.wav,train
statement_holdout_si,1,07-02-01-02-21.wav,train
statement_holdout_si,1,07-02-01-02-22.wav,train
statement_holdout_si,1,07-02-01-02-24.wav,train
statement_holdout_si,1,08-01-01-01-01.wav,train
statement_holdout_si,1,08-01-01-01-02.wav,train
statement_holdout_si,1,08-01-01-01-04.wav,train
statement_holdout_si,1,08-01-01-01-05.wav,train
statement_holdout_si,1,08-01-01-01-06.wav,train
statement_holdout_si,1,08-01-01-01-07.wav,train
statement_holdout_si,1,08-01-01-01-09.wav,train
statement_holdout_si,1,08-01-01-01-10.wav,train
statement_holdout_si,1,08-01-01-01-11.wav,train
statement_holdout_si,1,08-01-01-01-12.wav,train
statement_holdout_si,1,08-01-01-01-14.wav,train
statement_holdout_si,1,08-01-01-01-15.wav,train
statement_holdout_si,1,08-01-01-01-16.wav,train
statement_holdout_si,1,08-01-01-01-17.wav,train
statement_holdout_si,1,08-01-01-01-19.wav,train
statement_holdout_si,1,08-01-01-01-20.wav,train
statement_holdout_si,1,08-01-01-01-21.wav,train
statement_holdout_si,1,08-01-01-01-22.wav,train
statement_holdout_si,1,08-01-01-01-24.wav,train
statement_holdout_si,1,08-01-01-02-01.wav,train
statement_holdout_si,1,08-01-01-02-02.wav,train
statement_holdout_si,1,08-01-01-02-04.wav,train
statement_holdout_si,1,08-01-01-02-05.wav,train
statement_holdout_si,1,08-01-01-02-06.wav,train
statement_holdout_si,1,08-01-01-02-07.wav,train
statement_holdout_si,1,08-01-01-02-09.wav,train
statement_holdout_si,1,08-01-01-02-10.wav,train
statement_holdout_si,1,08-01-01-02-11.wav,train
statement_holdout_si,1,08-01-01-02-12.wav,train
statement_holdout_si,1,08-01-01-02-14.wav,train
statement_holdout_si,1,08-01-01-02-15.wav,train
statement_holdout_si,1,08-01-01-02-16.wav,train
statement_holdout_si,1,08-01-01-02-17.wav,train
statement_holdout_si,1,08-01-01-02-19.wav,train
statement_holdout_si,1,08-01-01-02-20.wav,train
statement_holdout_si,1,08-01-01-02-21.wav,train
statement_holdout_si,1,08-01-01-02-22.wav,train
statement_holdout_si,1,08-01-01-02-24.wav,train
statement_holdout_si,1,08-02-01-01-01.wav,train
statement_holdout_si,1,08-02-01-01-02.wav,train
statement_holdout_si,1,08-02-01-01-04.wav,train
statement_holdout_si,1,08-02-01-01-05.wav,train
statement_holdout_si,1,08-02-01-01-06.wav,train
statement_holdout_si,1,08-02-01-01-07.wav,train
statement_holdout_si,1,08-02-01-01-09.wav,train
statement_holdout_si,1,08-02-01-01-10.wav,train
statement_holdout_si,1,08-02-01-01-11.wav,train
statement_holdout_si,1,08-02-01-01-12.wav,train
statement_holdout_si,1,08-02-01-01-14.wav,train
statement_holdout_si,1,08-02-01-01-15.wav,train
statement_holdout_si,1,08-02-01-01-16.wav,train
statement_holdout_si,1,08-02-01-01-17.wav,train
statement_holdout_si,1,08-02-01-01-19.wav,train
statement_holdout_si,1,08-02-01-01-20.wav,train
statement_holdout_si,1,08-02-01-01-21.wav,train
statement_holdout_si,1,08-02-01-01-22.wav,train
statement_holdout_si,1,08-02-01-01-24.wav,train
statement_holdout_si,1,08-02-01-02-01.wav,train
statement_holdout_si,1,08-02-01-02-02.wav,train
statement_holdout_si,1,08-02-01-02-04.wav,train
statement_holdout_si,1,08-02-01-02-05.wav,train
statement_holdout_si,1,08-02-01-02-06.wav,train
statement_holdout_si,1,08-02-01-02-07.wav,train
statement_holdout_si,1,08-02-01-02-09.wav,train
statement_holdout_si,1,08-02-01-02-10.wav,train
statement_holdout_si,1,08-02-01-02-11.wav,train
statement_holdout_si,1,08-02-01-02-12.wav,train
statement_holdout_si,1,08-02-01-02-14.wav,train
statement_holdout_si,1,08-02-01-02-15.wav,train
statement_holdout_si,1,08-02-01-02-16.wav,train
statement_holdout_si,1,08-02-01-02-17.wav,train
statement_holdout_si,1,08-02-01-02-19.wav,train
statement_holdout_si,1,08-02-01-02-20.wav,train
statement_holdout_si,1,08-02-01-02-21.wav,train
statement_holdout_si,1,08-02-01-02-22.wav,train
statement_holdout_si,1,08-02-01-02-24.wav,train
statement_holdout_si,2,01-01-02-01-02.wav,test
statement_holdout_si,2,01-01-02-01-07.wav,test
statement_holdout_si,2,01-01-02-01-12.wav,test
statement_holdout_si,2,01-01-02-01-17.wav,test
statement_holdout_si,2,01-01-02-01-22.wav,test
statement_holdout_si,2,01-01-02-02-02.wav,test
statement_holdout_si,2,01-01-02-02-07.wav,test
statement_holdout_si,2,01-01-02-02-12.wav,test
statement_holdout_si,2,01-01-02-02-17.wav,test
statement_holdout_si,2,01-01-02-02-22.wav,test
statement_holdout_si,2,02-01-02-01-02.wav,test
statement_holdout_si,2,02-01-02-01-07.wav,test
statement_holdout_si,2,02-01-02-01-12.wav,test
statement_holdout_si,2,02-01-02-01-17.wav,test
statement_holdout_si,2,02-01-02-01-22.wav,test
statement_holdout_si,2,02-01-02-02-02.wav,test
statement_holdout_si,2,02-01-02-02-07.wav,test
statement_holdout_si,2,02-01-02-02-12.wav,test
statement_holdout_si,2,02-01-02-02-17.wav,test
statement_holdout_si,2,02-01-02-02-22.wav,test
statement_holdout_si,2,02-02-02-01-02.wav,test
statement_holdout_si,2,02-02-02-01-07.wav,test
statement_holdout_si,2,02-02-02-01-12.wav,test
statement_holdout_si,2,02-02-02-01-17.wav,test
statement_holdout_si,2,02-02-02-01-22.wav,test
statement_holdout_si,2,02-02-02-02-02.wav,test
statement_holdout_si,2,02-02-02-02-07.wav,test
statement_holdout_si,2,02-02-02-02-12.wav,test
statement_holdout_si,2,02-02-02-02-17.wav,test
statement_holdout_si,2,02-02-02-02-22.wav,test
statement_holdout_si,2,03-01-02-01-02.wav,test
statement_holdout_si,2,03-01-02-01-07.wav,test
statement_holdout_si,2,03-01-02-01-12.wav,test
statement_holdout_si,2,03-01-02-01-17.wav,test
statement_holdout_si,2,03-01-02-01-22.wav,test
statement_holdout_si,2,03-01-02-02-02.wav,test
statement_holdout_si,2,03-01-02-02-07.wav,test
statement_holdout_si,2,03-01-02-02-12.wav,test
statement_holdout_si,2,03-01-02-02-17.wav,test
statement_holdout_si,2,03-01-02-02-22.wav,test
statement_holdout_si,2,03-02-02-01-02.wav,test
statement_holdout_si,2,03-02-02-01-07.wav,test
statement_holdout_si,2,03-02-02-01-12.wav,test
statement_holdout_si,2,03-02-02-01-17.wav,test
statement_holdout_si,2,03-02-02-01-22.wav,test
statement_holdout_si,2,03-02-02-02-02.wav,test
statement_holdout_si,2,03-02-02-02-07.wav,test
statement_holdout_si,2,03-02-02-02-12.wav,test
statement_holdout_si,2,03-02-02-02-17.wav,test
statement_holdout_si,2,03-02-02-02-22.wav,test
statement_holdout_si,2,04-01-02-01-02.wav,test
statement_holdout_si,2,04-01-02-01-07.wav,test
statement_holdout_si,2,04-01-02-01-12.wav,test
statement_holdout_si,2,04-01-02-01-17.wav,test
statement_holdout_si,2,04-01-02-01-22.wav,test
statement_holdout_si,2,04-01-02-02-02.wav,test
statement_holdout_si,2,04-01-02-02-07.wav,test
statement_holdout_si,2,04-01-02-02-12.wav,test
statement_holdout_si,2,04-01-02-02-17.wav,test
statement_holdout_si,2,04-01-02-02-22.wav,test
statement_holdout_si,2,04-02-02-01-02.wav,test
statement_holdout_si,2,04-02-02-01-07.wav,test
statement_holdout_si,2,04-02-02-01-12.wav,test
statement_holdout_si,2,04-02-02-01-17.wav,test
statement_holdout_si,2,04-02-02-01-22.wav,test
statement_holdout_si,2,04-02-02-02-02.wav,test
statement_holdout_si,2,04-02-02-02-07.wav,test
statement_holdout_si,2,04-02-02-02-12.wav,test
statement_holdout_si,2,04-02-02-02-17.wav,test
statement_holdout_si,2,04-02-02-02-22.wav,test
statement_holdout_si,2,05-01-02-01-02.wav,test
statement_holdout_si,2,05-01-02-01-07.wav,test
statement_holdout_si,2,05-01-02-01-12.wav,test
statement_holdout_si,2,05-01-02-01-17.wav,test
statement_holdout_si,2,05-01-02-01-22.wav,test
statement_holdout_si,2,05-01-02-02-02.wav,test
statement_holdout_si,2,05-01-02-02-07.wav,test
statement_holdout_si,2,05-01-02-02-12.wav,test
statement_holdout_si,2,05-01-02-02-17.wav,test
statement_holdout_si,2,05-01-02-02-22.wav,test
statement_holdout_si,2,05-02-02-01-02.wav,test
statement_holdout_si,2,05-02-02-01-07.wav,test
statement_holdout_si,2,05-02-02-01-12.wav,test
statement_holdout_si,2,05-02-02-01-17.wav,test
statement_holdout_si,2,05-02-02-01-22.wav,test
statement_holdout_si,2,05-02-02-02-02.wav,test
statement_holdout_si,2,05-02-02-02-07.wav,test
statement_holdout_si,2,05-02-02-02-12.wav,test
statement_holdout_si,2,05-02-02-02-17.wav,test
statement_holdout_si,2,05-02-02-02-22.wav,test
statement_holdout_si,2,06-01-02-01-02.wav,test
statement_holdout_si,2,06-01-02-01-07.wav,test
statement_holdout_si,2,06-01-02-01-12.wav,test
statement_holdout_si,2,06-01-02-01-17.wav,test
statement_holdout_si,2,06-01-02-01-22.wav,test
statement_holdout_si,2,06-01-02-02-02.wav,test
statement_holdout_si,2,06-01-02-02-07.wav,test
statement_holdout_si,2,06-01-02-02-12.wav,test
statement_holdout_si,2,06-01-02-02-17.wav,test
statement_holdout_si,2,06-01-02-02-22.wav,test
statement_holdout_si,2,06-02-02-01-02.wav,test
statement_holdout_si,2,06-02-02-01-07.wav,test
statement_holdout_si,2,06-02-02-01-12.wav,test
statement_holdout_si,2,06-02-02-01-17.wav,test
statement_holdout_si,2,06-02-02-01-22.wav,test
statement_holdout_si,2,06-02-02-02-02.wav,test
statement_holdout_si,2,06-02-02-02-07.wav,test
statement_holdout_si,2,06-02-02-02-12.wav,test
statement_holdout_si,2,06-02-02-02-17.wav,test
statement_holdout_si,2,06-02-02-02-22.wav,test
statement_holdout_si,2,07-01-02-01-02.wav,test
statement_holdout_si,2,07-01-02-01-07.wav,test
statement_holdout_si,2,07-01-02-01-12.wav,test
statement_holdout_si,2,07-01-02-01-17.wav,test
statement_holdout_si,2,07-01-02-01-22.wav,test
statement_holdout_si,2,07-01-02-02-02.wav,test
statement_holdout_si,2,07-01-02-02-07.wav,test
statement_holdout_si,2,07-01-02-02-12.wav,test
statement_holdout_si,2,07-01-02-02-17.wav,test
statement_holdout_si,2,07-01-02-02-22.wav,test
statement_holdout_si,2,07-02-02-01-02.wav,test
statement_holdout_si,2,07-02-02-01-07.wav,test
statement_holdout_si,2,07-02-02-01-12.wav,test
statement_holdout_si,2,07-02-02-01-17.wav,test
statement_holdout_si,2,07-02-02-01-22.wav,test
statement_holdout_si,2,07-02-02-02-02.wav,test
statement_holdout_si,2,07-02-02-02-07.wav,test
statement_holdout_si,2,07-02-02-02-12.wav,test
statement_holdout_si,2,07-02-02-02-17.wav,test
statement_holdout_si,2,07-02-02-02-22.wav,test
statement_holdout_si,2,08-01-02-01-02.wav,test
statement_holdout_si,2,08-01-02-01-07.wav,test
statement_holdout_si,2,08-01-02-01-12.wav,test
statement_holdout_si,2,08-01-02-01-17.wav,test
statement_holdout_si,2,08-01-02-01-22.wav,test
statement_holdout_si,2,08-01-02-02-02.wav,test
statement_holdout_si,2,08-01-02-02-07.wav,test
statement_holdout_si,2,08-01-02-02-12.wav,test
statement_holdout_si,2,08-01-02-02-17.wav,test
statement_holdout_si,2,08-01-02-02-22.wav,test
statement_holdout_si,2,08-02-02-01-02.wav,test
statement_holdout_si,2,08-02-02-01-07.wav,test
statement_holdout_si,2,08-02-02-01-12.wav,test
statement_holdout_si,2,08-02-02-01-17.wav,test
statement_holdout_si,2,08-02-02-01-22.wav,test
statement_holdout_si,2,08-02-02-02-02.wav,test
statement_holdout_si,2,08-02-02-02-07.wav,test
statement_holdout_si,2,08-02-02-02-12.wav,test
statement_holdout_si,2,08-02-02-02-17.wav,test
statement_holdout_si,2,08-02-02-02-22.wav,test
statement_holdout_si,2,01-01-01-01-01.wav,train
statement_holdout_si,2,01-01-01-01-03.wav,train
statement_holdout_si,2,01-01-01-01-04.wav,train
statement_holdout_si,2,01-01-01-01-05.wav,train
statement_holdout_si,2,01-01-01-01-06.wav,train
statement_holdout_si,2,01-01-01-01-08.wav,train
statement_holdout_si,2,01-01-01-01-09.wav,train
statement_holdout_si,2,01-01-01-01-10.wav,train
statement_holdout_si,2,01-01-01-01-11.wav,train
statement_holdout_si,2,01-01-01-01-13.wav,train
statement_holdout_si,2,01-01-01-01-14.wav,train
statement_holdout_si,2,01-01-01-01-15.wav,train
statement_holdout_si,2,01-01-01-01-16.wav,train
statement_holdout_si,2,01-01-01-01-18.wav,train
statement_holdout_si,2,01-01-01-01-19.wav,train
statement_holdout_si,2,01-01-01-01-20.wav,train
statement_holdout_si,2,01-01-01-01-21.wav,train
statement_holdout_si,2,01-01-01-01-23.wav,train
statement_holdout_si,2,01-01-01-01-24.wav,train
statement_holdout_si,2,01-01-01-02-01.wav,train
statement_holdout_si,2,01-01-01-02-03.wav,train
statement_holdout_si,2,01-01-01-02-04.wav,train
statement_holdout_si,2,01-01-01-02-05.wav,train
statement_holdout_si,2,01-01-01-02-06.wav,train
statement_holdout_si,2,01-01-01-02-08.wav,train
statement_holdout_si,2,01-01-01-02-09.wav,train
statement_holdout_si,2,01-01-01-02-10.wav,train
statement_holdout_si,2,01-01-01-02-11.wav,train
statement_holdout_si,2,01-01-01-02-13.wav,train
statement_holdout_si,2,01-01-01-02-14.wav,train
statement_holdout_si,2,01-01-01-02-15.wav,train
statement_holdout_si,2,01-01-01-02-16.wav,train
statement_holdout_si,2,01-01-01-02-18.wav,train
statement_holdout_si,2,01-01-01-02-19.wav,train
statement_holdout_si,2,01-01-01-02-20.wav,train
statement_holdout_si,2,01-01-01-02-21.wav,train
statement_holdout_si,2,01-01-01-02-23.wav,train
statement_holdout_si,2,01-01-01-02-24.wav,train
statement_holdout_si,2,02-01-01-01-01.wav,train
statement_holdout_si,2,02-01-01-01-03.wav,train
statement_holdout_si,2,02-01-01-01-04.wav,train
statement_holdout_si,2,02-01-01-01-05.wav,train
statement_holdout_si,2,02-01-01-01-06.wav,train
statement_holdout_si,2,02-01-01-01-08.wav,train
statement_holdout_si,2,02-01-01-01-09.wav,train
statement_holdout_si,2,02-01-01-01-10.wav,train
statement_holdout_si,2,02-01-01-01-11.wav,train
statement_holdout_si,2,02-01-01-01-13.wav,train
statement_holdout_si,2,02-01-01-01-14.wav,train
statement_holdout_si,2,02-01-01-01-15.wav,train
statement_holdout_si,2,02-01-01-01-16.wav,train
statement_holdout_si,2,02-01-01-01-18.wav,train
statement_holdout_si,2,02-01-01-01-19.wav,train
statement_holdout_si,2,02-01-01-01-20.wav,train
statement_holdout_si,2,02-01-01-01-21.wav,train
statement_holdout_si,2,02-01-01-01-23.wav,train
statement_holdout_si,2,02-01-01-01-24.wav,train
statement_holdout_si,2,02-01-01-02-01.wav,train
statement_holdout_si,2,02-01-01-02-03.wav,train
statement_holdout_si,2,02-01-01-02-04.wav,train
statement_holdout_si,2,02-01-01-02-05.wav,train
statement_holdout_si,2,02-01-01-02-06.wav,train
statement_holdout_si,2,02-01-01-02-08.wav,train
statement_holdout_si,2,02-01-01-02-09.wav,train
statement_holdout_si,2,02-01-01-02-10.wav,train
statement_holdout_si,2,02-01-01-02-11.wav,train
statement_holdout_si,2,02-01-01-02-13.wav,train
statement_holdout_si,2,02-01-01-02-14.wav,train
statement_holdout_si,2,02-01-01-02-15.wav,train
statement_holdout_si,2,02-01-01-02-16.wav,train
statement_holdout_si,2,02-01-01-02-18.wav,train
statement_holdout_si,2,02-01-01-02-19.wav,train
statement_holdout_si,2,02-01-01-02-20.wav,train
statement_holdout_si,2,02-01-01-02-21.wav,train
statement_holdout_si,2,02-01-01-02-23.wav,train
statement_holdout_si,2,02-01-01-02-24.wav,train
statement_holdout_si,2,02-02-01-01-01.wav,train
statement_holdout_si,2,02-02-01-01-03.wav,train
statement_holdout_si,2,02-02-01-01-04.wav,train
statement_holdout_si,2,02-02-01-01-05.wav,train
statement_holdout_si,2,02-02-01-01-06.wav,train
statement_holdout_si,2,02-02-01-01-08.wav,train
statement_holdout_si,2,02-02-01-01-09.wav,train
statement_holdout_si,2,02-02-01-01-10.wav,train
statement_holdout_si,2,02-02-01-01-11.wav,train
statement_holdout_si,2,02-02-01-01-13.wav,train
statement_holdout_si,2,02-02-01-01-14.wav,train
statement_holdout_si,2,02-02-01-01-15.wav,train
statement_holdout_si,2,02-02-01-01-16.wav,train
statement_holdout_si,2,02-02-01-01-18.wav,train
statement_holdout_si,2,02-02-01-01-19.wav,train
statement_holdout_si,2,02-02-01-01-20.wav,train
statement_holdout_si,2,02-02-01-01-21.wav,train
statement_holdout_si,2,02-02-01-01-23.wav,train
statement_holdout_si,2,02-02-01-01-24.wav,train
statement_holdout_si,2,02-02-01-02-01.wav,train
statement_holdout_si,2,02-02-01-02-03.wav,train
statement_holdout_si,2,02-02-01-02-04.wav,train
statement_holdout_si,2,02-02-01-02-05.wav,train
statement_holdout_si,2,02-02-01-02-06.wav,train
statement_holdout_si,2,02-02-01-02-08.wav,train
statement_holdout_si,2,02-02-01-02-09.wav,train
statement_holdout_si,2,02-02-01-02-10.wav,train
statement_holdout_si,2,02-02-01-02-11.wav,train
statement_holdout_si,2,02-02-01-02-13.wav,train
statement_holdout_si,2,02-02-01-02-14.wav,train
statement_holdout_si,2,02-02-01-02-15.wav,train
statement_holdout_si,2,02-02-01-02-16.wav,train
statement_holdout_si,2,02-02-01-02-18.wav,train
statement_holdout_si,2,02-02-01-02-19.wav,train
statement_holdout_si,2,02-02-01-02-20.wav,train
statement_holdout_si,2,02-02-01-02-21.wav,train
statement_holdout_si,2,02-02-01-02-23.wav,train
statement_holdout_si,2,02-02-01-02-24.wav,train
statement_holdout_si,2,03-01-01-01-01.wav,train
statement_holdout_si,2,03-01-01-01-03.wav,train
statement_holdout_si,2,03-01-01-01-04.wav,train
statement_holdout_si,2,03-01-01-01-05.wav,train
statement_holdout_si,2,03-01-01-01-06.wav,train
statement_holdout_si,2,03-01-01-01-08.wav,train
statement_holdout_si,2,03-01-01-01-09.wav,train
statement_holdout_si,2,03-01-01-01-10.wav,train
statement_holdout_si,2,03-01-01-01-11.wav,train
statement_holdout_si,2,03-01-01-01-13.wav,train
statement_holdout_si,2,03-01-01-01-14.wav,train
statement_holdout_si,2,03-01-01-01-15.wav,train
statement_holdout_si,2,03-01-01-01-16.wav,train
statement_holdout_si,2,03-01-01-01-18.wav,train
statement_holdout_si,2,03-01-01-01-19.wav,train
statement_holdout_si,2,03-01-01-01-20.wav,train
statement_holdout_si,2,03-01-01-01-21.wav,train
statement_holdout_si,2,03-01-01-01-23.wav,train
statement_holdout_si,2,03-01-01-01-24.wav,train
statement_holdout_si,2,03-01-01-02-01.wav,train
statement_holdout_si,2,03-01-01-02-03.wav,train
statement_holdout_si,2,03-01-01-02-04.wav,train
statement_holdout_si,2,03-01-01-02-05.wav,train
statement_holdout_si,2,03-01-01-02-06.wav,train
statement_holdout_si,2,03-01-01-02-08.wav,train
statement_holdout_si,2,03-01-01-02-09.wav,train
statement_holdout_si,2,03-01-01-02-10.wav,train
statement_holdout_si,2,03-01-01-02-11.wav,train
statement_holdout_si,2,03-01-01-02-13.wav,train
statement_holdout_si,2,03-01-01-02-14.wav,train
statement_holdout_si,2,03-01-01-02-15.wav,train
statement_holdout_si,2,03-01-01-02-16.wav,train
statement_holdout_si,2,03-01-01-02-18.wav,train
statement_holdout_si,2,03-01-01-02-19.wav,train
statement_holdout_si,2,03-01-01-02-20.wav,train
statement_holdout_si,2,03-01-01-02-21.wav,train
statement_holdout_si,2,03-01-01-02-23.wav,train
statement_holdout_si,2,03-01-01-02-24.wav,train
statement_holdout_si,2,03-02-01-01-01.wav,train
statement_holdout_si,2,03-02-01-01-03.wav,train
statement_holdout_si,2,03-02-01-01-04.wav,train
statement_holdout_si,2,03-02-01-01-05.wav,train
statement_holdout_si,2,03-02-01-01-06.wav,train
statement_holdout_si,2,03-02-01-01-08.wav,train
statement_holdout_si,2,03-02-01-01-09.wav,train
statement_holdout_si,2,03-02-01-01-10.wav,train
statement_holdout_si,2,03-02-01-01-11.wav,train
statement_holdout_si,2,03-02-01-01-13.wav,train
statement_holdout_si,2,03-02-01-01-14.wav,train
statement_holdout_si,2,03-02-01-01-15.wav,train
statement_holdout_si,2,03-02-01-01-16.wav,train
statement_holdout_si,2,03-02-01-01-18.wav,train
statement_holdout_si,2,03-02-01-01-19.wav,train
statement_holdout_si,2,03-02-01-01-20.wav,train
statement_holdout_si,2,03-02-01-01-21.wav,train
statement_holdout_si,2,03-02-01-01-23.wav,train
statement_holdout_si,2,03-02-01-01-24.wav,train
statement_holdout_si,2,03-02-01-02-01.wav,train
statement_holdout_si,2,03-02-01-02-03.wav,train
statement_holdout_si,2,03-02-01-02-04.wav,train
statement_holdout_si,2,03-02-01-02-05.wav,train
statement_holdout_si,2,03-02-01-02-06.wav,train
statement_holdout_si,2,03-02-01-02-08.wav,train
statement_holdout_si,2,03-02-01-02-09.wav,train
statement_holdout_si,2,03-02-01-02-10.wav,train
statement_holdout_si,2,03-02-01-02-11.wav,train
statement_holdout_si,2,03-02-01-02-13.wav,train
statement_holdout_si,2,03-02-01-02-14.wav,train
statement_holdout_si,2,03-02-01-02-15.wav,train
statement_holdout_si,2,03-02-01-02-16.wav,train
statement_holdout_si,2,03-02-01-02-18.wav,train
statement_holdout_si,2,03-02-01-02-19.wav,train
statement_holdout_si,2,03-02-01-02-20.wav,train
statement_holdout_si,2,03-02-01-02-21.wav,train
statement_holdout_si,2,03-02-01-02-23.wav,train
statement_holdout_si,2,03-02-01-02-24.wav,train
statement_holdout_si,2,04-01-01-01-01.wav,train
statement_holdout_si,2,04-01-01-01-03.wav,train
statement_holdout_si,2,04-01-01-01-04.wav,train
statement_holdout_si,2,04-01-01-01-05.wav,train
statement_holdout_si,2,04-01-01-01-06.wav,train
statement_holdout_si,2,04-01-01-01-08.wav,train
statement_holdout_si,2,04-01-01-01-09.wav,train
statement_holdout_si,2,04-01-01-01-10.wav,train
statement_holdout_si,2,04-01-01-01-11.wav,train
statement_holdout_si,2,04-01-01-01-13.wav,train
statement_holdout_si,2,04-01-01-01-14.wav,train
statement_holdout_si,2,04-01-01-01-15.wav,train
statement_holdout_si,2,04-01-01-01-16.wav,train
statement_holdout_si,2,04-01-01-01-18.wav,train
statement_holdout_si,2,04-01-01-01-19.wav,train
statement_holdout_si,2,04-01-01-01-20.wav,train
statement_holdout_si,2,04-01-01-01-21.wav,train
statement_holdout_si,2,04-01-01-01-23.wav,train
statement_holdout_si,2,04-01-01-01-24.wav,train
statement_holdout_si,2,04-01-01-02-01.wav,train
statement_holdout_si,2,04-01-01-02-03.wav,train
statement_holdout_si,2,04-01-01-02-04.wav,train
statement_holdout_si,2,04-01-01-02-05.wav,train
statement_holdout_si,2,04-01-01-02-06.wav,train
statement_holdout_si,2,04-01-01-02-08.wav,train
statement_holdout_si,2,04-01-01-02-09.wav,train
statement_holdout_si,2,04-01-01-02-10.wav,train
statement_holdout_si,2,04-01-01-02-11.wav,train
statement_holdout_si,2,04-01-01-02-13.wav,train
statement_holdout_si,2,04-01-01-02-14.wav,train
statement_holdout_si,2,04-01-01-02-15.wav,train
statement_holdout_si,2,04-01-01-02-16.wav,train
statement_holdout_si,2,04-01-01-02-18.wav,train
statement_holdout_si,2,04-01-01-02-19.wav,train
statement_holdout_si,2,04-01-01-02-20.wav,train
statement_holdout_si,2,04-01-01-02-21.wav,train
statement_holdout_si,2,04-01-01-02-23.wav,train
statement_holdout_si,2,04-01-01-02-24.wav,train
statement_holdout_si,2,04-02-01-01-01.wav,train
statement_holdout_si,2,04-02-01-01-03.wav,train
statement_holdout_si,2,04-02-01-01-04.wav,train
statement_holdout_si,2,04-02-01-01-05.wav,train
statement_holdout_si,2,04-02-01-01-06.wav,train
statement_holdout_si,2,04-02-01-01-08.wav,train
statement_holdout_si,2,04-02-01-01-09.wav,train
statement_holdout_si,2,04-02-01-01-10.wav,train
statement_holdout_si,2,04-02-01-01-11.wav,train
statement_holdout_si,2,04-02-01-01-13.wav,train
statement_holdout_si,2,04-02-01-01-14.wav,train
statement_holdout_si,2,04-02-01-01-15.wav,train
statement_holdout_si,2,04-02-01-01-16.wav,train
statement_holdout_si,2,04-02-01-01-18.wav,train
statement_holdout_si,2,04-02-01-01-19.wav,train
statement_holdout_si,2,04-02-01-01-20.wav,train
statement_holdout_si,2,04-02-01-01-21.wav,train
statement_holdout_si,2,04-02-01-01-23.wav,train
statement_holdout_si,2,04-02-01-01-24.wav,train
statement_holdout_si,2,04-02-01-02-01.wav,train
statement_holdout_si,2,04-02-01-02-03.wav,train
statement_holdout_si,2,04-02-01-02-04.wav,train
statement_holdout_si,2,04-02-01-02-05.wav,train
statement_holdout_si,2,04-02-01-02-06.wav,train
statement_holdout_si,2,04-02-01-02-08.wav,train
statement_holdout_si,2,04-02-01-02-09.wav,train
statement_holdout_si,2,04-02-01-02-10.wav,train
statement_holdout_si,2,04-02-01-02-11.wav,train
statement_holdout_si,2,04-02-01-02-13.wav,train
statement_holdout_si,2,04-02-01-02-14.wav,train
statement_holdout_si,2,04-02-01-02-15.wav,train
statement_holdout_si,2,04-02-01-02-16.wav,train
statement_holdout_si,2,04-02-01-02-18.wav,train
statement_holdout_si,2,04-02-01-02-19.wav,train
statement_holdout_si,2,04-02-01-02-20.wav,train
statement_holdout_si,2,04-02-01-02-21.wav,train
statement_holdout_si,2,04-02-01-02-23.wav,train
statement_holdout_si,2,04-02-01-02-24.wav,train
statement_holdout_si,2,05-01-01-01-01.wav,train
statement_holdout_si,2,05-01-01-01-03.wav,train
statement_holdout_si,2,05-01-01-01-04.wav,train
statement_holdout_si,2,05-01-01-01-05.wav,train
statement_holdout_si,2,05-01-01-01-06.wav,train
statement_holdout_si,2,05-01-01-01-08.wav,train
statement_holdout_si,2,05-01-01-01-09.wav,train
statement_holdout_si,2,05-01-01-01-10.wav,train
statement_holdout_si,2,05-01-01-01-11.wav,train
statement_holdout_si,2,05-01-01-01-13.wav,train
statement_holdout_si,2,05-01-01-01-14.wav,train
statement_holdout_si,2,05-01-01-01-15.wav,train
statement_holdout_si,2,05-01-01-01-16.wav,train
statement_holdout_si,2,05-01-01-01-18.wav,train
statement_holdout_si,2,05-01-01-01-19.wav,train
statement_holdout_si,2,05-01-01-01-20.wav,train
statement_holdout_si,2,05-01-01-01-21.wav,train
statement_holdout_si,2,05-01-01-01-23.wav,train
statement_holdout_si,2,05-01-01-01-24.wav,train
statement_holdout_si,2,05-01-01-02-01.wav,train
statement_holdout_si,2,05-01-01-02-03.wav,train
statement_holdout_si,2,05-01-01-02-04.wav,train
statement_holdout_si,2,05-01-01-02-05.wav,train
statement_holdout_si,2,05-01-01-02-06.wav,train
statement_holdout_si,2,05-01-01-02-08.wav,train
statement_holdout_si,2,05-01-01-02-09.wav,train
statement_holdout_si,2,05-01-01-02-10.wav,train
statement_holdout_si,2,05-01-01-02-11.wav,train
statement_holdout_si,2,05-01-01-02-13.wav,train
statement_holdout_si,2,05-01-01-02-14.wav,train
statement_holdout_si,2,05-01-01-02-15.wav,train
statement_holdout_si,2,05-01-01-02-16.wav,train
statement_holdout_si,2,05-01-01-02-18.wav,train
statement_holdout_si,2,05-01-01-02-19.wav,train
statement_holdout_si,2,05-01-01-02-20.wav,train
statement_holdout_si,2,05-01-01-02-21.wav,train
statement_holdout_si,2,05-01-01-02-23.wav,train
statement_holdout_si,2,05-01-01-02-24.wav,train
statement_holdout_si,2,05-02-01-01-01.wav,train
statement_holdout_si,2,05-02-01-01-03.wav,train
statement_holdout_si,2,05-02-01-01-04.wav,train
statement_holdout_si,2,05-02-01-01-05.wav,train
statement_holdout_si,2,05-02-01-01-06.wav,train
statement_holdout_si,2,05-02-01-01-08.wav,train
statement_holdout_si,2,05-02-01-01-09.wav,train
statement_holdout_si,2,05-02-01-01-10.wav,train
statement_holdout_si,2,05-02-01-01-11.wav,train
statement_holdout_si,2,05-02-01-01-13.wav,train
statement_holdout_si,2,05-02-01-01-14.wav,train
statement_holdout_si,2,05-02-01-01-15.wav,train
statement_holdout_si,2,05-02-01-01-16.wav,train
statement_holdout_si,2,05-02-01-01-18.wav,train
statement_holdout_si,2,05-02-01-01-19.wav,train
statement_holdout_si,2,05-02-01-01-20.wav,train
statement_holdout_si,2,05-02-01-01-21.wav,train
statement_holdout_si,2,05-02-01-01-23.wav,train
statement_holdout_si,2,05-02-01-01-24.wav,train
statement_holdout_si,2,05-02-01-02-01.wav,train
statement_holdout_si,2,05-02-01-02-03.wav,train
statement_holdout_si,2,05-02-01-02-04.wav,train
statement_holdout_si,2,05-02-01-02-05.wav,train
statement_holdout_si,2,05-02-01-02-06.wav,train
statement_holdout_si,2,05-02-01-02-08.wav,train
statement_holdout_si,2,05-02-01-02-09.wav,train
statement_holdout_si,2,05-02-01-02-10.wav,train
statement_holdout_si,2,05-02-01-02-11.wav,train
statement_holdout_si,2,05-02-01-02-13.wav,train
statement_holdout_si,2,05-02-01-02-14.wav,train
statement_holdout_si,2,05-02-01-02-15.wav,train
statement_holdout_si,2,05-02-01-02-16.wav,train
statement_holdout_si,2,05-02-01-02-18.wav,train
statement_holdout_si,2,05-02-01-02-19.wav,train
statement_holdout_si,2,05-02-01-02-20.wav,train
statement_holdout_si,2,05-02-01-02-21.wav,train
statement_holdout_si,2,05-02-01-02-23.wav,train
statement_holdout_si,2,05-02-01-02-24.wav,train
statement_holdout_si,2,06-01-01-01-01.wav,train
statement_holdout_si,2,06-01-01-01-03.wav,train
statement_holdout_si,2,06-01-01-01-04.wav,train
statement_holdout_si,2,06-01-01-01-05.wav,train
statement_holdout_si,2,06-01-01-01-06.wav,train
statement_holdout_si,2,06-01-01-01-08.wav,train
statement_holdout_si,2,06-01-01-01-09.wav,train
statement_holdout_si,2,06-01-01-01-10.wav,train
statement_holdout_si,2,06-01-01-01-11.wav,train
statement_holdout_si,2,06-01-01-01-13.wav,train
statement_holdout_si,2,06-01-01-01-14.wav,train
statement_holdout_si,2,06-01-01-01-15.wav,train
statement_holdout_si,2,06-01-01-01-16.wav,train
statement_holdout_si,2,06-01-01-01-18.wav,train
statement_holdout_si,2,06-01-01-01-19.wav,train
statement_holdout_si,2,06-01-01-01-20.wav,train
statement_holdout_si,2,06-01-01-01-21.wav,train
statement_holdout_si,2,06-01-01-01-23.wav,train
statement_holdout_si,2,06-01-01-01-24.wav,train
statement_holdout_si,2,06-01-01-02-01.wav,train
statement_holdout_si,2,06-01-01-02-03.wav,train
statement_holdout_si,2,06-01-01-02-04.wav,train
statement_holdout_si,2,06-01-01-02-05.wav,train
statement_holdout_si,2,06-01-01-02-06.wav,train
statement_holdout_si,2,06-01-01-02-08.wav,train
statement_holdout_si,2,06-01-01-02-09.wav,train
statement_holdout_si,2,06-01-01-02-10.wav,train
statement_holdout_si,2,06-01-01-02-11.wav,train
statement_holdout_si,2,06-01-01-02-13.wav,train
statement_holdout_si,2,06-01-01-02-14.wav,train
statement_holdout_si,2,06-01-01-02-15.wav,train
statement_holdout_si,2,06-01-01-02-16.wav,train
statement_holdout_si,2,06-01-01-02-18.wav,train
statement_holdout_si,2,06-01-01-02-19.wav,train
statement_holdout_si,2,06-01-01-02-20.wav,train
statement_holdout_si,2,06-01-01-02-21.wav,train
statement_holdout_si,2,06-01-01-02-23.wav,train
statement_holdout_si,2,06-01-01-02-24.wav,train
statement_holdout_si,2,06-02-01-01-01.wav,train
statement_holdout_si,2,06-02-01-01-03.wav,train
statement_holdout_si,2,06-02-01-01-04.wav,train
statement_holdout_si,2,06-02-01-01-05.wav,train
statement_holdout_si,2,06-02-01-01-06.wav,train
statement_holdout_si,2,06-02-01-01-08.wav,train
statement_holdout_si,2,06-02-01-01-09.wav,train
statement_holdout_si,2,06-02-01-01-10.wav,train
statement_holdout_si,2,06-02-01-01-11.wav,train
statement_holdout_si,2,06-02-01-01-13.wav,train
statement_holdout_si,2,06-02-01-01-14.wav,train
statement_holdout_si,2,06-02-01-01-15.wav,train
statement_holdout_si,2,06-02-01-01-16.wav,train
statement_holdout_si,2,06-02-01-01-18.wav,train
statement_holdout_si,2,06-02-01-01-19.wav,train
statement_holdout_si,2,06-02-01-01-20.wav,train
statement_holdout_si,2,06-02-01-01-21.wav,train
statement_holdout_si,2,06-02-01-01-23.wav,train
statement_holdout_si,2,06-02-01-01-24.wav,train
statement_holdout_si,2,06-02-01-02-01.wav,train
statement_holdout_si,2,06-02-01-02-03.wav,train
statement_holdout_si,2,06-02-01-02-04.wav,train
statement_holdout_si,2,06-02-01-02-05.wav,train
statement_holdout_si,2,06-02-01-02-06.wav,train
statement_holdout_si,2,06-02-01-02-08.wav,train
statement_holdout_si,2,06-02-01-02-09.wav,train
statement_holdout_si,2,06-02-01-02-10.wav,train
statement_holdout_si,2,06-02-01-02-11.wav,train
statement_holdout_si,2,06-02-01-02-13.wav,train
statement_holdout_si,2,06-02-01-02-14.wav,train
statement_holdout_si,2,06-02-01-02-15.wav,train
statement_holdout_si,2,06-02-01-02-16.wav,train
statement_holdout_si,2,06-02-01-02-18.wav,train
statement_holdout_si,2,06-02-01-02-19.wav,train
statement_holdout_si,2,06-02-01-02-20.wav,train
statement_holdout_si,2,06-02-01-02-21.wav,train
statement_holdout_si,2,06-02-01-02-23.wav,train
statement_holdout_si,2,06-02-01-02-24.wav,train
statement_holdout_si,2,07-01-01-01-01.wav,train
statement_holdout_si,2,07-01-01-01-03.wav,train
statement_holdout_si,2,07-01-01-01-04.wav,train
statement_holdout_si,2,07-01-01-01-05.wav,train
statement_holdout_si,2,07-01-01-01-06.wav,train
statement_holdout_si,2,07-01-01-01-08.wav,train
statement_holdout_si,2,07-01-01-01-09.wav,train
statement_holdout_si,2,07-01-01-01-10.wav,train
statement_holdout_si,2,07-01-01-01-11.wav,train
statement_holdout_si,2,07-01-01-01-13.wav,train
statement_holdout_si,2,07-01-01-01-14.wav,train
statement_holdout_si,2,07-01-01-01-15.wav,train
statement_holdout_si,2,07-01-01-01-16.wav,train
statement_holdout_si,2,07-01-01-01-18.wav,train
statement_holdout_si,2,07-01-01-01-19.wav,train
statement_holdout_si,2,07-01-01-01-20.wav,train
statement_holdout_si,2,07-01-01-01-21.wav,train
statement_holdout_si,2,07-01-01-01-23.wav,train
statement_holdout_si,2,07-01-01-01-24.wav,train
statement_holdout_si,2,07-01-01-02-01.wav,train
statement_holdout_si,2,07-01-01-02-03.wav,train
statement_holdout_si,2,07-01-01-02-04.wav,train
statement_holdout_si,2,07-01-01-02-05.wav,train
statement_holdout_si,2,07-01-01-02-06.wav,train
statement_holdout_si,2,07-01-01-02-08.wav,train
statement_holdout_si,2,07-01-01-02-09.wav,train
statement_holdout_si,2,07-01-01-02-10.wav,train
statement_holdout_si,2,07-01-01-02-11.wav,train
statement_holdout_si,2,07-01-01-02-13.wav,train
statement_holdout_si,2,07-01-01-02-14.wav,train
statement_holdout_si,2,07-01-01-02-15.wav,train
statement_holdout_si,2,07-01-01-02-16.wav,train
statement_holdout_si,2,07-01-01-02-18.wav,train
statement_holdout_si,2,07-01-01-02-19.wav,train
statement_holdout_si,2,07-01-01-02-20.wav,train
statement_holdout_si,2,07-01-01-02-21.wav,train
statement_holdout_si,2,07-01-01-02-23.wav,train
statement_holdout_si,2,07-01-01-02-24.wav,train
statement_holdout_si,2,07-02-01-01-01.wav,train
statement_holdout_si,2,07-02-01-01-03.wav,train
statement_holdout_si,2,07-02-01-01-04.wav,train
statement_holdout_si,2,07-02-01-01-05.wav,train
statement_holdout_si,2,07-02-01-01-06.wav,train
statement_holdout_si,2,07-02-01-01-08.wav,train
statement_holdout_si,2,07-02-01-01-09.wav,train
statement_holdout_si,2,07-02-01-01-10.wav,train
statement_holdout_si,2,07-02-01-01-11.wav,train
statement_holdout_si,2,07-02-01-01-13.wav,train
statement_holdout_si,2,07-02-01-01-14.wav,train
statement_holdout_si,2,07-02-01-01-15.wav,train
statement_holdout_si,2,07-02-01-01-16.wav,train
statement_holdout_si,2,07-02-01-01-18.wav,train
statement_holdout_si,2,07-02-01-01-19.wav,train
statement_holdout_si,2,07-02-01-01-20.wav,train
statement_holdout_si,2,07-02-01-01-21.wav,train
statement_holdout_si,2,07-02-01-01-23.wav,train
statement_holdout_si,2,07-02-01-01-24.wav,train
statement_holdout_si,2,07-02-01-02-01.wav,train
statement_holdout_si,2,07-02-01-02-03.wav,train
statement_holdout_si,2,07-02-01-02-04.wav,train
statement_holdout_si,2,07-02-01-02-05.wav,train
statement_holdout_si,2,07-02-01-02-06.wav,train
statement_holdout_si,2,07-02-01-02-08.wav,train
statement_holdout_si,2,07-02-01-02-09.wav,train
statement_holdout_si,2,07-02-01-02-10.wav,train
statement_holdout_si,2,07-02-01-02-11.wav,train
statement_holdout_si,2,07-02-01-02-13.wav,train
statement_holdout_si,2,07-02-01-02-14.wav,train
statement_holdout_si,2,07-02-01-02-15.wav,train
statement_holdout_si,2,07-02-01-02-16.wav,train
statement_holdout_si,2,07-02-01-02-18.wav,train
statement_holdout_si,2,07-02-01-02-19.wav,train
statement_holdout_si,2,07-02-01-02-20.wav,train
statement_holdout_si,2,07-02-01-02-21.wav,train
statement_holdout_si,2,07-02-01-02-23.wav,train
statement_holdout_si,2,07-02-01-02-24.wav,train
statement_holdout_si,2,08-01-01-01-01.wav,train
statement_holdout_si,2,08-01-01-01-03.wav,train
statement_holdout_si,2,08-01-01-01-04.wav,train
statement_holdout_si,2,08-01-01-01-05.wav,train
statement_holdout_si,2,08-01-01-01-06.wav,train
statement_holdout_si,2,08-01-01-01-08.wav,train
statement_holdout_si,2,08-01-01-01-09.wav,train
statement_holdout_si,2,08-01-01-01-10.wav,train
statement_holdout_si,2,08-01-01-01-11.wav,train
statement_holdout_si,2,08-01-01-01-13.wav,train
statement_holdout_si,2,08-01-01-01-14.wav,train
statement_holdout_si,2,08-01-01-01-15.wav,train
statement_holdout_si,2,08-01-01-01-16.wav,train
statement_holdout_si,2,08-01-01-01-18.wav,train
statement_holdout_si,2,08-01-01-01-19.wav,train
statement_holdout_si,2,08-01-01-01-20.wav,train
statement_holdout_si,2,08-01-01-01-21.wav,train
statement_holdout_si,2,08-01-01-01-23.wav,train
statement_holdout_si,2,08-01-01-01-24.wav,train
statement_holdout_si,2,08-01-01-02-01.wav,train
statement_holdout_si,2,08-01-01-02-03.wav,train
statement_holdout_si,2,08-01-01-02-04.wav,train
statement_holdout_si,2,08-01-01-02-05.wav,train
statement_holdout_si,2,08-01-01-02-06.wav,train
statement_holdout_si,2,08-01-01-02-08.wav,train
statement_holdout_si,2,08-01-01-02-09.wav,train
statement_holdout_si,2,08-01-01-02-10.wav,train
statement_holdout_si,2,08-01-01-02-11.wav,train
statement_holdout_si,2,08-01-01-02-13.wav,train
statement_holdout_si,2,08-01-01-02-14.wav,train
statement_holdout_si,2,08-01-01-02-15.wav,train
statement_holdout_si,2,08-01-01-02-16.wav,train
statement_holdout_si,2,08-01-01-02-18.wav,train
statement_holdout_si,2,08-01-01-02-19.wav,train
statement_holdout_si,2,08-01-01-02-20.wav,train
statement_holdout_si,2,08-01-01-02-21.wav,train
statement_holdout_si,2,08-01-01-02-23.wav,train
statement_holdout_si,2,08-01-01-02-24.wav,train
statement_holdout_si,2,08-02-01-01-01.wav,train
statement_holdout_si,2,08-02-01-01-03.wav,train
statement_holdout_si,2,08-02-01-01-04.wav,train
statement_holdout_si,2,08-02-01-01-05.wav,train
statement_holdout_si,2,08-02-01-01-06.wav,train
statement_holdout_si,2,08-02-01-01-08.wav,train
statement_holdout_si,2,08-02-01-01-09.wav,train
statement_holdout_si,2,08-02-01-01-10.wav,train
statement_holdout_si,2,08-02-01-01-11.wav,train
statement_holdout_si,2,08-02-01-01-13.wav,train
statement_holdout_si,2,08-02-01-01-14.wav,train
statement_holdout_si,2,08-02-01-01-15.wav,train
statement_holdout_si,2,08-02-01-01-16.wav,train
statement_holdout_si,2,08-02-01-01-18.wav,train
statement_holdout_si,2,08-02-01-01-19.wav,train
statement_holdout_si,2,08-02-01-01-20.wav,train
statement_holdout_si,2,08-02-01-01-21.wav,train
statement_holdout_si,2,08-02-01-01-23.wav,train
statement_holdout_si,2,08-02-01-01-24.wav,train
statement_holdout_si,2,08-02-01-02-01.wav,train
statement_holdout_si,2,08-02-01-02-03.wav,train
statement_holdout_si,2,08-02-01-02-04.wav,train
statement_holdout_si,2,08-02-01-02-05.wav,train
statement_holdout_si,2,08-02-01-02-06.wav,train
statement_holdout_si,2,08-02-01-02-08.wav,train
statement_holdout_si,2,08-02-01-02-09.wav,train
statement_holdout_si,2,08-02-01-02-10.wav,train
statement_holdout_si,2,08-02-01-02-11.wav,train
statement_holdout_si,2,08-02-01-02-13.wav,train
statement_holdout_si,2,08-02-01-02-14.wav,train
statement_holdout_si,2,08-02-01-02-15.wav,train
statement_holdout_si,2,08-02-01-02-16.wav,train
statement_holdout_si,2,08-02-01-02-18.wav,train
statement_holdout_si,2,08-02-01-02-19.wav,train
statement_holdout_si,2,08-02-01-02-20.wav,train
statement_holdout_si,2,08-02-01-02-21.wav,train
statement_holdout_si,2,08-02-01-02-23.wav,train
statement_holdout_si,2,08-02-01-02-24.wav,train
statement_holdout_si,3,01-01-02-01-01.wav,test
statement_holdout_si,3,01-01-02-01-06.wav,test
statement_holdout_si,3,01-01-02-01-11.wav,test
statement_holdout_si,3,01-01-02-01-16.wav,test
statement_holdout_si,3,01-01-02-01-21.wav,test
statement_holdout_si,3,01-01-02-02-01.wav,test
statement_holdout_si,3,01-01-02-02-06.wav,test
statement_holdout_si,3,01-01-02-02-11.wav,test
statement_holdout_si,3,01-01-02-02-16.wav,test
statement_holdout_si,3,01-01-02-02-21.wav,test
statement_holdout_si,3,02-01-02-01-01.wav,test
statement_holdout_si,3,02-01-02-01-06.wav,test
statement_holdout_si,3,02-01-02-01-11.wav,test
statement_holdout_si,3,02-01-02-01-16.wav,test
statement_holdout_si,3,02-01-02-01-21.wav,test
statement_holdout_si,3,02-01-02-02-01.wav,test
statement_holdout_si,3,02-01-02-02-06.wav,test
statement_holdout_si,3,02-01-02-02-11.wav,test
statement_holdout_si,3,02-01-02-02-16.wav,test
statement_holdout_si,3,02-01-02-02-21.wav,test
statement_holdout_si,3,02-02-02-01-01.wav,test
statement_holdout_si,3,02-02-02-01-06.wav,test
statement_holdout_si,3,02-02-02-01-11.wav,test
statement_holdout_si,3,02-02-02-01-16.wav,test
statement_holdout_si,3,02-02-02-01-21.wav,test
statement_holdout_si,3,02-02-02-02-01.wav,test
statement_holdout_si,3,02-02-02-02-06.wav,test
statement_holdout_si,3,02-02-02-02-11.wav,test
statement_holdout_si,3,02-02-02-02-16.wav,test
statement_holdout_si,3,02-02-02-02-21.wav,test
statement_holdout_si,3,03-01-02-01-01.wav,test
statement_holdout_si,3,03-01-02-01-06.wav,test
statement_holdout_si,3,03-01-02-01-11.wav,test
statement_holdout_si,3,03-01-02-01-16.wav,test
statement_holdout_si,3,03-01-02-01-21.wav,test
statement_holdout_si,3,03-01-02-02-01.wav,test
statement_holdout_si,3,03-01-02-02-06.wav,test
statement_holdout_si,3,03-01-02-02-11.wav,test
statement_holdout_si,3,03-01-02-02-16.wav,test
statement_holdout_si,3,03-01-02-02-21.wav,test
statement_holdout_si,3,03-02-02-01-01.wav,test
statement_holdout_si,3,03-02-02-01-06.wav,test
statement_holdout_si,3,03-02-02-01-11.wav,test
statement_holdout_si,3,03-02-02-01-16.wav,test
statement_holdout_si,3,03-02-02-01-21.wav,test
statement_holdout_si,3,03-02-02-02-01.wav,test
statement_holdout_si,3,03-02-02-02-06.wav,test
statement_holdout_si,3,03-02-02-02-11.wav,test
statement_holdout_si,3,03-02-02-02-16.wav,test
statement_holdout_si,3,03-02-02-02-21.wav,test
statement_holdout_si,3,04-01-02-01-01.wav,test
statement_holdout_si,3,04-01-02-01-06.wav,test
statement_holdout_si,3,04-01-02-01-11.wav,test
statement_holdout_si,3,04-01-02-01-16.wav,test
statement_holdout_si,3,04-01-02-01-21.wav,test
statement_holdout_si,3,04-01-02-02-01.wav,test
statement_holdout_si,3,04-01-02-02-06.wav,test
statement_holdout_si,3,04-01-02-02-11.wav,test
statement_holdout_si,3,04-01-02-02-16.wav,test
statement_holdout_si,3,04-01-02-02-21.wav,test
statement_holdout_si,3,04-02-02-01-01.wav,test
statement_holdout_si,3,04-02-02-01-06.wav,test
statement_holdout_si,3,04-02-02-01-11.wav,test
statement_holdout_si,3,04-02-02-01-16.wav,test
statement_holdout_si,3,04-02-02-01-21.wav,test
statement_holdout_si,3,04-02-02-02-01.wav,test
statement_holdout_si,3,04-02-02-02-06.wav,test
statement_holdout_si,3,04-02-02-02-11.wav,test
statement_holdout_si,3,04-02-02-02-16.wav,test
statement_holdout_si,3,04-02-02-02-21.wav,test
statement_holdout_si,3,05-01-02-01-01.wav,test
statement_holdout_si,3,05-01-02-01-06.wav,test
statement_holdout_si,3,05-01-02-01-11.wav,test
statement_holdout_si,3,05-01-02-01-16.wav,test
statement_holdout_si,3,05-01-02-01-21.wav,test
statement_holdout_si,3,05-01-02-02-01.wav,test
statement_holdout_si,3,05-01-02-02-06.wav,test
statement_holdout_si,3,05-01-02-02-11.wav,test
statement_holdout_si,3,05-01-02-02-16.wav,test
statement_holdout_si,3,05-01-02-02-21.wav,test
statement_holdout_si,3,05-02-02-01-01.wav,test
statement_holdout_si,3,05-02-02-01-06.wav,test
statement_holdout_si,3,05-02-02-01-11.wav,test
statement_holdout_si,3,05-02-02-01-16.wav,test
statement_holdout_si,3,05-02-02-01-21.wav,test
statement_holdout_si,3,05-02-02-02-01.wav,test
statement_holdout_si,3,05-02-02-02-06.wav,test
statement_holdout_si,3,05-02-02-02-11.wav,test
statement_holdout_si,3,05-02-02-02-16.wav,test
statement_holdout_si,3,05-02-02-02-21.wav,test
statement_holdout_si,3,06-01-02-01-01.wav,test
statement_holdout_si,3,06-01-02-01-06.wav,test
statement_holdout_si,3,06-01-02-01-11.wav,test
statement_holdout_si,3,06-01-02-01-16.wav,test
statement_holdout_si,3,06-01-02-01-21.wav,test
statement_holdout_si,3,06-01-02-02-01.wav,test
statement_holdout_si,3,06-01-02-02-06.wav,test
statement_holdout_si,3,06-01-02-02-11.wav,test
statement_holdout_si,3,06-01-02-02-16.wav,test
statement_holdout_si,3,06-01-02-02-21.wav,test
statement_holdout_si,3,06-02-02-01-01.wav,test
statement_holdout_si,3,06-02-02-01-06.wav,test
statement_holdout_si,3,06-02-02-01-11.wav,test
statement_holdout_si,3,06-02-02-01-16.wav,test
statement_holdout_si,3,06-02-02-01-21.wav,test
statement_holdout_si,3,06-02-02-02-01.wav,test
statement_holdout_si,3,06-02-02-02-06.wav,test
statement_holdout_si,3,06-02-02-02-11.wav,test
statement_holdout_si,3,06-02-02-02-16.wav,test
statement_holdout_si,3,06-02-02-02-21.wav,test
statement_holdout_si,3,07-01-02-01-01.wav,test
statement_holdout_si,3,07-01-02-01-06.wav,test
statement_holdout_si,3,07-01-02-01-11.wav,test
statement_holdout_si,3,07-01-02-01-16.wav,test
statement_holdout_si,3,07-01-02-01-21.wav,test
statement_holdout_si,3,07-01-02-02-01.wav,test
statement_holdout_si,3,07-01-02-02-06.wav,test
statement_holdout_si,3,07-01-02-02-11.wav,test
statement_holdout_si,3,07-01-02-02-16.wav,test
statement_holdout_si,3,07-01-02-02-21.wav,test
statement_holdout_si,3,07-02-02-01-01.wav,test
statement_holdout_si,3,07-02-02-01-06.wav,test
statement_holdout_si,3,07-02-02-01-11.wav,test
statement_holdout_si,3,07-02-02-01-16.wav,test
statement_holdout_si,3,07-02-02-01-21.wav,test
statement_holdout_si,3,07-02-02-02-01.wav,test
statement_holdout_si,3,07-02-02-02-06.wav,test
statement_holdout_si,3,07-02-02-02-11.wav,test
statement_holdout_si,3,07-02-02-02-16.wav,test
statement_holdout_si,3,07-02-02-02-21.wav,test
statement_holdout_si,3,08-01-02-01-01.wav,test
statement_holdout_si,3,08-01-02-01-06.wav,test
statement_holdout_si,3,08-01-02-01-11.wav,test
statement_holdout_si,3,08-01-02-01-16.wav,test
statement_holdout_si,3,08-01-02-01-21.wav,test
statement_holdout_si,3,08-01-02-02-01.wav,test
statement_holdout_si,3,08-01-02-02-06.wav,test
statement_holdout_si,3,08-01-02-02-11.wav,test
statement_holdout_si,3,08-01-02-02-16.wav,test
statement_holdout_si,3,08-01-02-02-21.wav,test
statement_holdout_si,3,08-02-02-01-01.wav,test
statement_holdout_si,3,08-02-02-01-06.wav,test
statement_holdout_si,3,08-02-02-01-11.wav,test
statement_holdout_si,3,08-02-02-01-16.wav,test
statement_holdout_si,3,08-02-02-01-21.wav,test
statement_holdout_si,3,08-02-02-02-01.wav,test
statement_holdout_si,3,08-02-02-02-06.wav,test
statement_holdout_si,3,08-02-02-02-11.wav,test
statement_holdout_si,3,08-02-02-02-16.wav,test
statement_holdout_si,3,08-02-02-02-21.wav,test
statement_holdout_si,3,01-01-01-01-02.wav,train
statement_holdout_si,3,01-01-01-01-03.wav,train
statement_holdout_si,3,01-01-01-01-04.wav,train
statement_holdout_si,3,01-01-01-01-05.wav,train
statement_holdout_si,3,01-01-01-01-07.wav,train
statement_holdout_si,3,01-01-01-01-08.wav,train
statement_holdout_si,3,01-01-01-01-09.wav,train
statement_holdout_si,3,01-01-01-01-10.wav,train
statement_holdout_si,3,01-01-01-01-12.wav,train
statement_holdout_si,3,01-01-01-01-13.wav,train
statement_holdout_si,3,01-01-01-01-14.wav,train
statement_holdout_si,3,01-01-01-01-15.wav,train
statement_holdout_si,3,01-01-01-01-17.wav,train
statement_holdout_si,3,01-01-01-01-18.wav,train
statement_holdout_si,3,01-01-01-01-19.wav,train
statement_holdout_si,3,01-01-01-01-20.wav,train
statement_holdout_si,3,01-01-01-01-22.wav,train
statement_holdout_si,3,01-01-01-01-23.wav,train
statement_holdout_si,3,01-01-01-01-24.wav,train
statement_holdout_si,3,01-01-01-02-02.wav,train
statement_holdout_si,3,01-01-01-02-03.wav,train
statement_holdout_si,3,01-01-01-02-04.wav,train
statement_holdout_si,3,01-01-01-02-05.wav,train
statement_holdout_si,3,01-01-01-02-07.wav,train
statement_holdout_si,3,01-01-01-02-08.wav,train
statement_holdout_si,3,01-01-01-02-09.wav,train
statement_holdout_si,3,01-01-01-02-10.wav,train
statement_holdout_si,3,01-01-01-02-12.wav,train
statement_holdout_si,3,01-01-01-02-13.wav,train
statement_holdout_si,3,01-01-01-02-14.wav,train
statement_holdout_si,3,01-01-01-02-15.wav,train
statement_holdout_si,3,01-01-01-02-17.wav,train
statement_holdout_si,3,01-01-01-02-18.wav,train
statement_holdout_si,3,01-01-01-02-19.wav,train
statement_holdout_si,3,01-01-01-02-20.wav,train
statement_holdout_si,3,01-01-01-02-22.wav,train
statement_holdout_si,3,01-01-01-02-23.wav,train
statement_holdout_si,3,01-01-01-02-24.wav,train
statement_holdout_si,3,02-01-01-01-02.wav,train
statement_holdout_si,3,02-01-01-01-03.wav,train
statement_holdout_si,3,02-01-01-01-04.wav,train
statement_holdout_si,3,02-01-01-01-05.wav,train
statement_holdout_si,3,02-01-01-01-07.wav,train
statement_holdout_si,3,02-01-01-01-08.wav,train
statement_holdout_si,3,02-01-01-01-09.wav,train
statement_holdout_si,3,02-01-01-01-10.wav,train
statement_holdout_si,3,02-01-01-01-12.wav,train
statement_holdout_si,3,02-01-01-01-13.wav,train
statement_holdout_si,3,02-01-01-01-14.wav,train
statement_holdout_si,3,02-01-01-01-15.wav,train
statement_holdout_si,3,02-01-01-01-17.wav,train
statement_holdout_si,3,02-01-01-01-18.wav,train
statement_holdout_si,3,02-01-01-01-19.wav,train
statement_holdout_si,3,02-01-01-01-20.wav,train
statement_holdout_si,3,02-01-01-01-22.wav,train
statement_holdout_si,3,02-01-01-01-23.wav,train
statement_holdout_si,3,02-01-01-01-24.wav,train
statement_holdout_si,3,02-01-01-02-02.wav,train
statement_holdout_si,3,02-01-01-02-03.wav,train
statement_holdout_si,3,02-01-01-02-04.wav,train
statement_holdout_si,3,02-01-01-02-05.wav,train
statement_holdout_si,3,02-01-01-02-07.wav,train
statement_holdout_si,3,02-01-01-02-08.wav,train
statement_holdout_si,3,02-01-01-02-09.wav,train
statement_holdout_si,3,02-01-01-02-10.wav,train
statement_holdout_si,3,02-01-01-02-12.wav,train
statement_holdout_si,3,02-01-01-02-13.wav,train
statement_holdout_si,3,02-01-01-02-14.wav,train
statement_holdout_si,3,02-01-01-02-15.wav,train
statement_holdout_si,3,02-01-01-02-17.wav,train
statement_holdout_si,3,02-01-01-02-18.wav,train
statement_holdout_si,3,02-01-01-02-19.wav,train
statement_holdout_si,3,02-01-01-02-20.wav,train
statement_holdout_si,3,02-01-01-02-22.wav,train
statement_holdout_si,3,02-01-01-02-23.wav,train
statement_holdout_si,3,02-01-01-02-24.wav,train
statement_holdout_si,3,02-02-01-01-02.wav,train
statement_holdout_si,3,02-02-01-01-03.wav,train
statement_holdout_si,3,02-02-01-01-04.wav,train
statement_holdout_si,3,02-02-01-01-05.wav,train
statement_holdout_si,3,02-02-01-01-07.wav,train
statement_holdout_si,3,02-02-01-01-08.wav,train
statement_holdout_si,3,02-02-01-01-09.wav,train
statement_holdout_si,3,02-02-01-01-10.wav,train
statement_holdout_si,3,02-02-01-01-12.wav,train
statement_holdout_si,3,02-02-01-01-13.wav,train
statement_holdout_si,3,02-02-01-01-14.wav,train
statement_holdout_si,3,02-02-01-01-15.wav,train
statement_holdout_si,3,02-02-01-01-17.wav,train
statement_holdout_si,3,02-02-01-01-18.wav,train
statement_holdout_si,3,02-02-01-01-19.wav,train
statement_holdout_si,3,02-02-01-01-20.wav,train
statement_holdout_si,3,02-02-01-01-22.wav,train
statement_holdout_si,3,02-02-01-01-23.wav,train
statement_holdout_si,3,02-02-01-01-24.wav,train
statement_holdout_si,3,02-02-01-02-02.wav,train
statement_holdout_si,3,02-02-01-02-03.wav,train
statement_holdout_si,3,02-02-01-02-04.wav,train
statement_holdout_si,3,02-02-01-02-05.wav,train
statement_holdout_si,3,02-02-01-02-07.wav,train
statement_holdout_si,3,02-02-01-02-08.wav,train
statement_holdout_si,3,02-02-01-02-09.wav,train
statement_holdout_si,3,02-02-01-02-10.wav,train
statement_holdout_si,3,02-02-01-02-12.wav,train
statement_holdout_si,3,02-02-01-02-13.wav,train
statement_holdout_si,3,02-02-01-02-14.wav,train
statement_holdout_si,3,02-02-01-02-15.wav,train
statement_holdout_si,3,02-02-01-02-17.wav,train
statement_holdout_si,3,02-02-01-02-18.wav,train
statement_holdout_si,3,02-02-01-02-19.wav,train
statement_holdout_si,3,02-02-01-02-20.wav,train
statement_holdout_si,3,02-02-01-02-22.wav,train
statement_holdout_si,3,02-02-01-02-23.wav,train
statement_holdout_si,3,02-02-01-02-24.wav,train
statement_holdout_si,3,03-01-01-01-02.wav,train
statement_holdout_si,3,03-01-01-01-03.wav,train
statement_holdout_si,3,03-01-01-01-04.wav,train
statement_holdout_si,3,03-01-01-01-05.wav,train
statement_holdout_si,3,03-01-01-01-07.wav,train
statement_holdout_si,3,03-01-01-01-08.wav,train
statement_holdout_si,3,03-01-01-01-09.wav,train
statement_holdout_si,3,03-01-01-01-10.wav,train
statement_holdout_si,3,03-01-01-01-12.wav,train
statement_holdout_si,3,03-01-01-01-13.wav,train
statement_holdout_si,3,03-01-01-01-14.wav,train
statement_holdout_si,3,03-01-01-01-15.wav,train
statement_holdout_si,3,03-01-01-01-17.wav,train
statement_holdout_si,3,03-01-01-01-18.wav,train
statement_holdout_si,3,03-01-01-01-19.wav,train
statement_holdout_si,3,03-01-01-01-20.wav,train
statement_holdout_si,3,03-01-01-01-22.wav,train
statement_holdout_si,3,03-01-01-01-23.wav,train
statement_holdout_si,3,03-01-01-01-24.wav,train
statement_holdout_si,3,03-01-01-02-02.wav,train
statement_holdout_si,3,03-01-01-02-03.wav,train
statement_holdout_si,3,03-01-01-02-04.wav,train
statement_holdout_si,3,03-01-01-02-05.wav,train
statement_holdout_si,3,03-01-01-02-07.wav,train
statement_holdout_si,3,03-01-01-02-08.wav,train
statement_holdout_si,3,03-01-01-02-09.wav,train
statement_holdout_si,3,03-01-01-02-10.wav,train
statement_holdout_si,3,03-01-01-02-12.wav,train
statement_holdout_si,3,03-01-01-02-13.wav,train
statement_holdout_si,3,03-01-01-02-14.wav,train
statement_holdout_si,3,03-01-01-02-15.wav,train
statement_holdout_si,3,03-01-01-02-17.wav,train
statement_holdout_si,3,03-01-01-02-18.wav,train
statement_holdout_si,3,03-01-01-02-19.wav,train
statement_holdout_si,3,03-01-01-02-20.wav,train
statement_holdout_si,3,03-01-01-02-22.wav,train
statement_holdout_si,3,03-01-01-02-23.wav,train
statement_holdout_si,3,03-01-01-02-24.wav,train
statement_holdout_si,3,03-02-01-01-02.wav,train
statement_holdout_si,3,03-02-01-01-03.wav,train
statement_holdout_si,3,03-02-01-01-04.wav,train
statement_holdout_si,3,03-02-01-01-05.wav,train
statement_holdout_si,3,03-02-01-01-07.wav,train
statement_holdout_si,3,03-02-01-01-08.wav,train
statement_holdout_si,3,03-02-01-01-09.wav,train
statement_holdout_si,3,03-02-01-01-10.wav,train
statement_holdout_si,3,03-02-01-01-12.wav,train
statement_holdout_si,3,03-02-01-01-13.wav,train
statement_holdout_si,3,03-02-01-01-14.wav,train
statement_holdout_si,3,03-02-01-01-15.wav,train
statement_holdout_si,3,03-02-01-01-17.wav,train
statement_holdout_si,3,03-02-01-01-18.wav,train
statement_holdout_si,3,03-02-01-01-19.wav,train
statement_holdout_si,3,03-02-01-01-20.wav,train
statement_holdout_si,3,03-02-01-01-22.wav,train
statement_holdout_si,3,03-02-01-01-23.wav,train
statement_holdout_si,3,03-02-01-01-24.wav,train
statement_holdout_si,3,03-02-01-02-02.wav,train
statement_holdout_si,3,03-02-01-02-03.wav,train
statement_holdout_si,3,03-02-01-02-04.wav,train
statement_holdout_si,3,03-02-01-02-05.wav,train
statement_holdout_si,3,03-02-01-02-07.wav,train
statement_holdout_si,3,03-02-01-02-08.wav,train
statement_holdout_si,3,03-02-01-02-09.wav,train
statement_holdout_si,3,03-02-01-02-10.wav,train
statement_holdout_si,3,03-02-01-02-12.wav,train
statement_holdout_si,3,03-02-01-02-13.wav,train
statement_holdout_si,3,03-02-01-02-14.wav,train
statement_holdout_si,3,03-02-01-02-15.wav,train
statement_holdout_si,3,03-02-01-02-17.wav,train
statement_holdout_si,3,03-02-01-02-18.wav,train
statement_holdout_si,3,03-02-01-02-19.wav,train
statement_holdout_si,3,03-02-01-02-20.wav,train
statement_holdout_si,3,03-02-01-02-22.wav,train
statement_holdout_si,3,03-02-01-02-23.wav,train
statement_holdout_si,3,03-02-01-02-24.wav,train
statement_holdout_si,3,04-01-01-01-02.wav,train
statement_holdout_si,3,04-01-01-01-03.wav,train
statement_holdout_si,3,04-01-01-01-04.wav,train
statement_holdout_si,3,04-01-01-01-05.wav,train
statement_holdout_si,3,04-01-01-01-07.wav,train
statement_holdout_si,3,04-01-01-01-08.wav,train
statement_holdout_si,3,04-01-01-01-09.wav,train
statement_holdout_si,3,04-01-01-01-10.wav,train
statement_holdout_si,3,04-01-01-01-12.wav,train
statement_holdout_si,3,04-01-01-01-13.wav,train
statement_holdout_si,3,04-01-01-01-14.wav,train
statement_holdout_si,3,04-01-01-01-15.wav,train
statement_holdout_si,3,04-01-01-01-17.wav,train
statement_holdout_si,3,04-01-01-01-18.wav,train
statement_holdout_si,3,04-01-01-01-19.wav,train
statement_holdout_si,3,04-01-01-01-20.wav,train
statement_holdout_si,3,04-01-01-01-22.wav,train
statement_holdout_si,3,04-01-01-01-23.wav,train
statement_holdout_si,3,04-01-01-01-24.wav,train
statement_holdout_si,3,04-01-01-02-02.wav,train
statement_holdout_si,3,04-01-01-02-03.wav,train
statement_holdout_si,3,04-01-01-02-04.wav,train
statement_holdout_si,3,04-01-01-02-05.wav,train
statement_holdout_si,3,04-01-01-02-07.wav,train
statement_holdout_si,3,04-01-01-02-08.wav,train
statement_holdout_si,3,04-01-01-02-09.wav,train
statement_holdout_si,3,04-01-01-02-10.wav,train
statement_holdout_si,3,04-01-01-02-12.wav,train
statement_holdout_si,3,04-01-01-02-13.wav,train
statement_holdout_si,3,04-01-01-02-14.wav,train
statement_holdout_si,3,04-01-01-02-15.wav,train
statement_holdout_si,3,04-01-01-02-17.wav,train
statement_holdout_si,3,04-01-01-02-18.wav,train
statement_holdout_si,3,04-01-01-02-19.wav,train
statement_holdout_si,3,04-01-01-02-20.wav,train
statement_holdout_si,3,04-01-01-02-22.wav,train
statement_holdout_si,3,04-01-01-02-23.wav,train
statement_holdout_si,3,04-01-01-02-24.wav,train
statement_holdout_si,3,04-02-01-01-02.wav,train
statement_holdout_si,3,04-02-01-01-03.wav,train
statement_holdout_si,3,04-02-01-01-04.wav,train
statement_holdout_si,3,04-02-01-01-05.wav,train
statement_holdout_si,3,04-02-01-01-07.wav,train
statement_holdout_si,3,04-02-01-01-08.wav,train
statement_holdout_si,3,04-02-01-01-09.wav,train
statement_holdout_si,3,04-02-01-01-10.wav,train
statement_holdout_si,3,04-02-01-01-12.wav,train
statement_holdout_si,3,04-02-01-01-13.wav,train
statement_holdout_si,3,04-02-01-01-14.wav,train
statement_holdout_si,3,04-02-01-01-15.wav,train
statement_holdout_si,3,04-02-01-01-17.wav,train
statement_holdout_si,3,04-02-01-01-18.wav,train
statement_holdout_si,3,04-02-01-01-19.wav,train
statement_holdout_si,3,04-02-01-01-20.wav,train
statement_holdout_si,3,04-02-01-01-22.wav,train
statement_holdout_si,3,04-02-01-01-23.wav,train
statement_holdout_si,3,04-02-01-01-24.wav,train
statement_holdout_si,3,04-02-01-02-02.wav,train
statement_holdout_si,3,04-02-01-02-03.wav,train
statement_holdout_si,3,04-02-01-02-04.wav,train
statement_holdout_si,3,04-02-01-02-05.wav,train
statement_holdout_si,3,04-02-01-02-07.wav,train
statement_holdout_si,3,04-02-01-02-08.wav,train
statement_holdout_si,3,04-02-01-02-09.wav,train
statement_holdout_si,3,04-02-01-02-10.wav,train
statement_holdout_si,3,04-02-01-02-12.wav,train
statement_holdout_si,3,04-02-01-02-13.wav,train
statement_holdout_si,3,04-02-01-02-14.wav,train
statement_holdout_si,3,04-02-01-02-15.wav,train
statement_holdout_si,3,04-02-01-02-17.wav,train
statement_holdout_si,3,04-02-01-02-18.wav,train
statement_holdout_si,3,04-02-01-02-19.wav,train
statement_holdout_si,3,04-02-01-02-20.wav,train
statement_holdout_si,3,04-02-01-02-22.wav,train
statement_holdout_si,3,04-02-01-02-23.wav,train
statement_holdout_si,3,04-02-01-02-24.wav,train
statement_holdout_si,3,05-01-01-01-02.wav,train
statement_holdout_si,3,05-01-01-01-03.wav,train
statement_holdout_si,3,05-01-01-01-04.wav,train
statement_holdout_si,3,05-01-01-01-05.wav,train
statement_holdout_si,3,05-01-01-01-07.wav,train
statement_holdout_si,3,05-01-01-01-08.wav,train
statement_holdout_si,3,05-01-01-01-09.wav,train
statement_holdout_si,3,05-01-01-01-10.wav,train
statement_holdout_si,3,05-01-01-01-12.wav,train
statement_holdout_si,3,05-01-01-01-13.wav,train
statement_holdout_si,3,05-01-01-01-14.wav,train
statement_holdout_si,3,05-01-01-01-15.wav,train
statement_holdout_si,3,05-01-01-01-17.wav,train
statement_holdout_si,3,05-01-01-01-18.wav,train
statement_holdout_si,3,05-01-01-01-19.wav,train
statement_holdout_si,3,05-01-01-01-20.wav,train
statement_holdout_si,3,05-01-01-01-22.wav,train
statement_holdout_si,3,05-01-01-01-23.wav,train
statement_holdout_si,3,05-01-01-01-24.wav,train
statement_holdout_si,3,05-01-01-02-02.wav,train
statement_holdout_si,3,05-01-01-02-03.wav,train
statement_holdout_si,3,05-01-01-02-04.wav,train
statement_holdout_si,3,05-01-01-02-05.wav,train
statement_holdout_si,3,05-01-01-02-07.wav,train
statement_holdout_si,3,05-01-01-02-08.wav,train
statement_holdout_si,3,05-01-01-02-09.wav,train
statement_holdout_si,3,05-01-01-02-10.wav,train
statement_holdout_si,3,05-01-01-02-12.wav,train
statement_holdout_si,3,05-01-01-02-13.wav,train
statement_holdout_si,3,05-01-01-02-14.wav,train
statement_holdout_si,3,05-01-01-02-15.wav,train
statement_holdout_si,3,05-01-01-02-17.wav,train
statement_holdout_si,3,05-01-01-02-18.wav,train
statement_holdout_si,3,05-01-01-02-19.wav,train
statement_holdout_si,3,05-01-01-02-20.wav,train
statement_holdout_si,3,05-01-01-02-22.wav,train
statement_holdout_si,3,05-01-01-02-23.wav,train
statement_holdout_si,3,05-01-01-02-24.wav,train
statement_holdout_si,3,05-02-01-01-02.wav,train
statement_holdout_si,3,05-02-01-01-03.wav,train
statement_holdout_si,3,05-02-01-01-04.wav,train
statement_holdout_si,3,05-02-01-01-05.wav,train
statement_holdout_si,3,05-02-01-01-07.wav,train
statement_holdout_si,3,05-02-01-01-08.wav,train
statement_holdout_si,3,05-02-01-01-09.wav,train
statement_holdout_si,3,05-02-01-01-10.wav,train
statement_holdout_si,3,05-02-01-01-12.wav,train
statement_holdout_si,3,05-02-01-01-13.wav,train
statement_holdout_si,3,05-02-01-01-14.wav,train
statement_holdout_si,3,05-02-01-01-15.wav,train
statement_holdout_si,3,05-02-01-01-17.wav,train
statement_holdout_si,3,05-02-01-01-18.wav,train
statement_holdout_si,3,05-02-01-01-19.wav,train
statement_holdout_si,3,05-02-01-01-20.wav,train
statement_holdout_si,3,05-02-01-01-22.wav,train
statement_holdout_si,3,05-02-01-01-23.wav,train
statement_holdout_si,3,05-02-01-01-24.wav,train
statement_holdout_si,3,05-02-01-02-02.wav,train
statement_holdout_si,3,05-02-01-02-03.wav,train
statement_holdout_si,3,05-02-01-02-04.wav,train
statement_holdout_si,3,05-02-01-02-05.wav,train
statement_holdout_si,3,05-02-01-02-07.wav,train
statement_holdout_si,3,05-02-01-02-08.wav,train
statement_holdout_si,3,05-02-01-02-09.wav,train
statement_holdout_si,3,05-02-01-02-10.wav,train
statement_holdout_si,3,05-02-01-02-12.wav,train
statement_holdout_si,3,05-02-01-02-13.wav,train
statement_holdout_si,3,05-02-01-02-14.wav,train
statement_holdout_si,3,05-02-01-02-15.wav,train
statement_holdout_si,3,05-02-01-02-17.wav,train
statement_holdout_si,3,05-02-01-02-18.wav,train
statement_holdout_si,3,05-02-01-02-19.wav,train
statement_holdout_si,3,05-02-01-02-20.wav,train
statement_holdout_si,3,05-02-01-02-22.wav,train
statement_holdout_si,3,05-02-01-02-23.wav,train
statement_holdout_si,3,05-02-01-02-24.wav,train
statement_holdout_si,3,06-01-01-01-02.wav,train
statement_holdout_si,3,06-01-01-01-03.wav,train
statement_holdout_si,3,06-01-01-01-04.wav,train
statement_holdout_si,3,06-01-01-01-05.wav,train
statement_holdout_si,3,06-01-01-01-07.wav,train
statement_holdout_si,3,06-01-01-01-08.wav,train
statement_holdout_si,3,06-01-01-01-09.wav,train
statement_holdout_si,3,06-01-01-01-10.wav,train
statement_holdout_si,3,06-01-01-01-12.wav,train
statement_holdout_si,3,06-01-01-01-13.wav,train
statement_holdout_si,3,06-01-01-01-14.wav,train
statement_holdout_si,3,06-01-01-01-15.wav,train
statement_holdout_si,3,06-01-01-01-17.wav,train
statement_holdout_si,3,06-01-01-01-18.wav,train
statement_holdout_si,3,06-01-01-01-19.wav,train
statement_holdout_si,3,06-01-01-01-20.wav,train
statement_holdout_si,3,06-01-01-01-22.wav,train
statement_holdout_si,3,06-01-01-01-23.wav,train
statement_holdout_si,3,06-01-01-01-24.wav,train
statement_holdout_si,3,06-01-01-02-02.wav,train
statement_holdout_si,3,06-01-01-02-03.wav,train
statement_holdout_si,3,06-01-01-02-04.wav,train
statement_holdout_si,3,06-01-01-02-05.wav,train
statement_holdout_si,3,06-01-01-02-07.wav,train
statement_holdout_si,3,06-01-01-02-08.wav,train
statement_holdout_si,3,06-01-01-02-09.wav,train
statement_holdout_si,3,06-01-01-02-10.wav,train
statement_holdout_si,3,06-01-01-02-12.wav,train
statement_holdout_si,3,06-01-01-02-13.wav,train
statement_holdout_si,3,06-01-01-02-14.wav,train
statement_holdout_si,3,06-01-01-02-15.wav,train
statement_holdout_si,3,06-01-01-02-17.wav,train
statement_holdout_si,3,06-01-01-02-18.wav,train
statement_holdout_si,3,06-01-01-02-19.wav,train
statement_holdout_si,3,06-01-01-02-20.wav,train
statement_holdout_si,3,06-01-01-02-22.wav,train
statement_holdout_si,3,06-01-01-02-23.wav,train
statement_holdout_si,3,06-01-01-02-24.wav,train
statement_holdout_si,3,06-02-01-01-02.wav,train
statement_holdout_si,3,06-02-01-01-03.wav,train
statement_holdout_si,3,06-02-01-01-04.wav,train
statement_holdout_si,3,06-02-01-01-05.wav,train
statement_holdout_si,3,06-02-01-01-07.wav,train
statement_holdout_si,3,06-02-01-01-08.wav,train
statement_holdout_si,3,06-02-01-01-09.wav,train
statement_holdout_si,3,06-02-01-01-10.wav,train
statement_holdout_si,3,06-02-01-01-12.wav,train
statement_holdout_si,3,06-02-01-01-13.wav,train
statement_holdout_si,3,06-02-01-01-14.wav,train
statement_holdout_si,3,06-02-01-01-15.wav,train
statement_holdout_si,3,06-02-01-01-17.wav,train
statement_holdout_si,3,06-02-01-01-18.wav,train
statement_holdout_si,3,06-02-01-01-19.wav,train
statement_holdout_si,3,06-02-01-01-20.wav,train
statement_holdout_si,3,06-02-01-01-22.wav,train
statement_holdout_si,3,06-02-01-01-23.wav,train
statement_holdout_si,3,06-02-01-01-24.wav,train
statement_holdout_si,3,06-02-01-02-02.wav,train
statement_holdout_si,3,06-02-01-02-03.wav,train
statement_holdout_si,3,06-02-01-02-04.wav,train
statement_holdout_si,3,06-02-01-02-05.wav,train
statement_holdout_si,3,06-02-01-02-07.wav,train
statement_holdout_si,3,06-02-01-02-08.wav,train
statement_holdout_si,3,06-02-01-02-09.wav,train
statement_holdout_si,3,06-02-01-02-10.wav,train
statement_holdout_si,3,06-02-01-02-12.wav,train
statement_holdout_si,3,06-02-01-02-13.wav,train
statement_holdout_si,3,06-02-01-02-14.wav,train
statement_holdout_si,3,06-02-01-02-15.wav,train
statement_holdout_si,3,06-02-01-02-17.wav,train
statement_holdout_si,3,06-02-01-02-18.wav,train
statement_holdout_si,3,06-02-01-02-19.wav,train
statement_holdout_si,3,06-02-01-02-20.wav,train
statement_holdout_si,3,06-02-01-02-22.wav,train
statement_holdout_si,3,06-02-01-02-23.wav,train
statement_holdout_si,3,06-02-01-02-24.wav,train
statement_holdout_si,3,07-01-01-01-02.wav,train
statement_holdout_si,3,07-01-01-01-03.wav,train
statement_holdout_si,3,07-01-01-01-04.wav,train
statement_holdout_si,3,07-01-01-01-05.wav,train
statement_holdout_si,3,07-01-01-01-07.wav,train
statement_holdout_si,3,07-01-01-01-08.wav,train
statement_holdout_si,3,07-01-01-01-09.wav,train
statement_holdout_si,3,07-01-01-01-10.wav,train
statement_holdout_si,3,07-01-01-01-12.wav,train
statement_holdout_si,3,07-01-01-01-13.wav,train
statement_holdout_si,3,07-01-01-01-14.wav,train
statement_holdout_si,3,07-01-01-01-15.wav,train
statement_holdout_si,3,07-01-01-01-17.wav,train
statement_holdout_si,3,07-01-01-01-18.wav,train
statement_holdout_si,3,07-01-01-01-19.wav,train
statement_holdout_si,3,07-01-01-01-20.wav,train
statement_holdout_si,3,07-01-01-01-22.wav,train
statement_holdout_si,3,07-01-01-01-23.wav,train
statement_holdout_si,3,07-01-01-01-24.wav,train
statement_holdout_si,3,07-01-01-02-02.wav,train
statement_holdout_si,3,07-01-01-02-03.wav,train
statement_holdout_si,3,07-01-01-02-04.wav,train
statement_holdout_si,3,07-01-01-02-05.wav,train
statement_holdout_si,3,07-01-01-02-07.wav,train
statement_holdout_si,3,07-01-01-02-08.wav,train
statement_holdout_si,3,07-01-01-02-09.wav,train
statement_holdout_si,3,07-01-01-02-10.wav,train
statement_holdout_si,3,07-01-01-02-12.wav,train
statement_holdout_si,3,07-01-01-02-13.wav,train
statement_holdout_si,3,07-01-01-02-14.wav,train
statement_holdout_si,3,07-01-01-02-15.wav,train
statement_holdout_si,3,07-01-01-02-17.wav,train
statement_holdout_si,3,07-01-01-02-18.wav,train
statement_holdout_si,3,07-01-01-02-19.wav,train
statement_holdout_si,3,07-01-01-02-20.wav,train
statement_holdout_si,3,07-01-01-02-22.wav,train
statement_holdout_si,3,07-01-01-02-23.wav,train
statement_holdout_si,3,07-01-01-02-24.wav,train
statement_holdout_si,3,07-02-01-01-02.wav,train
statement_holdout_si,3,07-02-01-01-03.wav,train
statement_holdout_si,3,07-02-01-01-04.wav,train
statement_holdout_si,3,07-02-01-01-05.wav,train
statement_holdout_si,3,07-02-01-01-07.wav,train
statement_holdout_si,3,07-02-01-01-08.wav,train
statement_holdout_si,3,07-02-01-01-09.wav,train
statement_holdout_si,3,07-02-01-01-10.wav,train
statement_holdout_si,3,07-02-01-01-12.wav,train
statement_holdout_si,3,07-02-01-01-13.wav,train
statement_holdout_si,3,07-02-01-01-14.wav,train
statement_holdout_si,3,07-02-01-01-15.wav,train
statement_holdout_si,3,07-02-01-01-17.wav,train
statement_holdout_si,3,07-02-01-01-18.wav,train
statement_holdout_si,3,07-02-01-01-19.wav,train
statement_holdout_si,3,07-02-01-01-20.wav,train
statement_holdout_si,3,07-02-01-01-22.wav,train
statement_holdout_si,3,07-02-01-01-23.wav,train
statement_holdout_si,3,07-02-01-01-24.wav,train
statement_holdout_si,3,07-02-01-02-02.wav,train
statement_holdout_si,3,07-02-01-02-03.wav,train
statement_holdout_si,3,07-02-01-02-04.wav,train
statement_holdout_si,3,07-02-01-02-05.wav,train
statement_holdout_si,3,07-02-01-02-07.wav,train
statement_holdout_si,3,07-02-01-02-08.wav,train
statement_holdout_si,3,07-02-01-02-09.wav,train
statement_holdout_si,3,07-02-01-02-10.wav,train
statement_holdout_si,3,07-02-01-02-12.wav,train
statement_holdout_si,3,07-02-01-02-13.wav,train
statement_holdout_si,3,07-02-01-02-14.wav,train
statement_holdout_si,3,07-02-01-02-15.wav,train
statement_holdout_si,3,07-02-01-02-17.wav,train
statement_holdout_si,3,07-02-01-02-18.wav,train
statement_holdout_si,3,07-02-01-02-19.wav,train
statement_holdout_si,3,07-02-01-02-20.wav,train
statement_holdout_si,3,07-02-01-02-22.wav,train
statement_holdout_si,3,07-02-01-02-23.wav,train
statement_holdout_si,3,07-02-01-02-24.wav,train
statement_holdout_si,3,08-01-01-01-02.wav,train
statement_holdout_si,3,08-01-01-01-03.wav,train
statement_holdout_si,3,08-01-01-01-04.wav,train
statement_holdout_si,3,08-01-01-01-05.wav,train
statement_holdout_si,3,08-01-01-01-07.wav,train
statement_holdout_si,3,08-01-01-01-08.wav,train
statement_holdout_si,3,08-01-01-01-09.wav,train
statement_holdout_si,3,08-01-01-01-10.wav,train
statement_holdout_si,3,08-01-01-01-12.wav,train
statement_holdout_si,3,08-01-01-01-13.wav,train
statement_holdout_si,3,08-01-01-01-14.wav,train
statement_holdout_si,3,08-01-01-01-15.wav,train
statement_holdout_si,3,08-01-01-01-17.wav,train
statement_holdout_si,3,08-01-01-01-18.wav,train
statement_holdout_si,3,08-01-01-01-19.wav,train
statement_holdout_si,3,08-01-01-01-20.wav,train
statement_holdout_si,3,08-01-01-01-22.wav,train
statement_holdout_si,3,08-01-01-01-23.wav,train
statement_holdout_si,3,08-01-01-01-24.wav,train
statement_holdout_si,3,08-01-01-02-02.wav,train
statement_holdout_si,3,08-01-01-02-03.wav,train
statement_holdout_si,3,08-01-01-02-04.wav,train
statement_holdout_si,3,08-01-01-02-05.wav,train
statement_holdout_si,3,08-01-01-02-07.wav,train
statement_holdout_si,3,08-01-01-02-08.wav,train
statement_holdout_si,3,08-01-01-02-09.wav,train
statement_holdout_si,3,08-01-01-02-10.wav,train
statement_holdout_si,3,08-01-01-02-12.wav,train
statement_holdout_si,3,08-01-01-02-13.wav,train
statement_holdout_si,3,08-01-01-02-14.wav,train
statement_holdout_si,3,08-01-01-02-15.wav,train
statement_holdout_si,3,08-01-01-02-17.wav,train
statement_holdout_si,3,08-01-01-02-18.wav,train
statement_holdout_si,3,08-01-01-02-19.wav,train
statement_holdout_si,3,08-01-01-02-20.wav,train
statement_holdout_si,3,08-01-01-02-22.wav,train
statement_holdout_si,3,08-01-01-02-23.wav,train
statement_holdout_si,3,08-01-01-02-24.wav,train
statement_holdout_si,3,08-02-01-01-02.wav,train
statement_holdout_si,3,08-02-01-01-03.wav,train
statement_holdout_si,3,08-02-01-01-04.wav,train
statement_holdout_si,3,08-02-01-01-05.wav,train
statement_holdout_si,3,08-02-01-01-07.wav,train
statement_holdout_si,3,08-02-01-01-08.wav,train
statement_holdout_si,3,08-02-01-01-09.wav,train
statement_holdout_si,3,08-02-01-01-10.wav,train
statement_holdout_si,3,08-02-01-01-12.wav,train
statement_holdout_si,3,08-02-01-01-13.wav,train
statement_holdout_si,3,08-02-01-01-14.wav,train
statement_holdout_si,3,08-02-01-01-15.wav,train
statement_holdout_si,3,08-02-01-01-17.wav,train
statement_holdout_si,3,08-02-01-01-18.wav,train
statement_holdout_si,3,08-02-01-01-19.wav,train
statement_holdout_si,3,08-02-01-01-20.wav,train
statement_holdout_si,3,08-02-01-01-22.wav,train
statement_holdout_si,3,08-02-01-01-23.wav,train
statement_holdout_si,3,08-02-01-01-24.wav,train
statement_holdout_si,3,08-02-01-02-02.wav,train
statement_holdout_si,3,08-02-01-02-03.wav,train
statement_holdout_si,3,08-02-01-02-04.wav,train
statement_holdout_si,3,08-02-01-02-05.wav,train
statement_holdout_si,3,08-02-01-02-07.wav,train
statement_holdout_si,3,08-02-01-02-08.wav,train
statement_holdout_si,3,08-02-01-02-09.wav,train
statement_holdout_si,3,08-02-01-02-10.wav,train
statement_holdout_si,3,08-02-01-02-12.wav,train
statement_holdout_si,3,08-02-01-02-13.wav,train
statement_holdout_si,3,08-02-01-02-14.wav,train
statement_holdout_si,3,08-02-01-02-15.wav,train
statement_holdout_si,3,08-02-01-02-17.wav,train
statement_holdout_si,3,08-02-01-02-18.wav,train
statement_holdout_si,3,08-02-01-02-19.wav,train
statement_holdout_si,3,08-02-01-02-20.wav,train
statement_holdout_si,3,08-02-01-02-22.wav,train
statement_holdout_si,3,08-02-01-02-23.wav,train
statement_holdout_si,3,08-02-01-02-24.wav,train
statement_holdout_si,4,01-01-02-01-05.wav,test
statement_holdout_si,4,01-01-02-01-10.wav,test
statement_holdout_si,4,01-01-02-01-15.wav,test
statement_holdout_si,4,01-01-02-01-20.wav,test
statement_holdout_si,4,01-01-02-02-05.wav,test
statement_holdout_si,4,01-01-02-02-10.wav,test
statement_holdout_si,4,01-01-02-02-15.wav,test
statement_holdout_si,4,01-01-02-02-20.wav,test
statement_holdout_si,4,02-01-02-01-05.wav,test
statement_holdout_si,4,02-01-02-01-10.wav,test
statement_holdout_si,4,02-01-02-01-15.wav,test
statement_holdout_si,4,02-01-02-01-20.wav,test
statement_holdout_si,4,02-01-02-02-05.wav,test
statement_holdout_si,4,02-01-02-02-10.wav,test
statement_holdout_si,4,02-01-02-02-15.wav,test
statement_holdout_si,4,02-01-02-02-20.wav,test
statement_holdout_si,4,02-02-02-01-05.wav,test
statement_holdout_si,4,02-02-02-01-10.wav,test
statement_holdout_si,4,02-02-02-01-15.wav,test
statement_holdout_si,4,02-02-02-01-20.wav,test
statement_holdout_si,4,02-02-02-02-05.wav,test
statement_holdout_si,4,02-02-02-02-10.wav,test
statement_holdout_si,4,02-02-02-02-15.wav,test
statement_holdout_si,4,02-02-02-02-20.wav,test
statement_holdout_si,4,03-01-02-01-05.wav,test
statement_holdout_si,4,03-01-02-01-10.wav,test
statement_holdout_si,4,03-01-02-01-15.wav,test
statement_holdout_si,4,03-01-02-01-20.wav,test
statement_holdout_si,4,03-01-02-02-05.wav,test
statement_holdout_si,4,03-01-02-02-10.wav,test
statement_holdout_si,4,03-01-02-02-15.wav,test
statement_holdout_si,4,03-01-02-02-20.wav,test
statement_holdout_si,4,03-02-02-01-05.wav,test
statement_holdout_si,4,03-02-02-01-10.wav,test
statement_holdout_si,4,03-02-02-01-15.wav,test
statement_holdout_si,4,03-02-02-01-20.wav,test
statement_holdout_si,4,03-02-02-02-05.wav,test
statement_holdout_si,4,03-02-02-02-10.wav,test
statement_holdout_si,4,03-02-02-02-15.wav,test
statement_holdout_si,4,03-02-02-02-20.wav,test
statement_holdout_si,4,04-01-02-01-05.wav,test
statement_holdout_si,4,04-01-02-01-10.wav,test
statement_holdout_si,4,04-01-02-01-15.wav,test
statement_holdout_si,4,04-01-02-01-20.wav,test
statement_holdout_si,4,04-01-02-02-05.wav,test
statement_holdout_si,4,04-01-02-02-10.wav,test
statement_holdout_si,4,04-01-02-02-15.wav,test
statement_holdout_si,4,04-01-02-02-20.wav,test
statement_holdout_si,4,04-02-02-01-05.wav,test
statement_holdout_si,4,04-02-02-01-10.wav,test
statement_holdout_si,4,04-02-02-01-15.wav,test
statement_holdout_si,4,04-02-02-01-20.wav,test
statement_holdout_si,4,04-02-02-02-05.wav,test
statement_holdout_si,4,04-02-02-02-10.wav,test
statement_holdout_si,4,04-02-02-02-15.wav,test
statement_holdout_si,4,04-02-02-02-20.wav,test
statement_holdout_si,4,05-01-02-01-05.wav,test
statement_holdout_si,4,05-01-02-01-10.wav,test
statement_holdout_si,4,05-01-02-01-15.wav,test
statement_holdout_si,4,05-01-02-01-20.wav,test
statement_holdout_si,4,05-01-02-02-05.wav,test
statement_holdout_si,4,05-01-02-02-10.wav,test
statement_holdout_si,4,05-01-02-02-15.wav,test
statement_holdout_si,4,05-01-02-02-20.wav,test
statement_holdout_si,4,05-02-02-01-05.wav,test
statement_holdout_si,4,05-02-02-01-10.wav,test
statement_holdout_si,4,05-02-02-01-15.wav,test
statement_holdout_si,4,05-02-02-01-20.wav,test
statement_holdout_si,4,05-02-02-02-05.wav,test
statement_holdout_si,4,05-02-02-02-10.wav,test
statement_holdout_si,4,05-02-02-02-15.wav,test
statement_holdout_si,4,05-02-02-02-20.wav,test
statement_holdout_si,4,06-01-02-01-05.wav,test
statement_holdout_si,4,06-01-02-01-10.wav,test
statement_holdout_si,4,06-01-02-01-15.wav,test
statement_holdout_si,4,06-01-02-01-20.wav,test
statement_holdout_si,4,06-01-02-02-05.wav,test
statement_holdout_si,4,06-01-02-02-10.wav,test
statement_holdout_si,4,06-01-02-02-15.wav,test
statement_holdout_si,4,06-01-02-02-20.wav,test
statement_holdout_si,4,06-02-02-01-05.wav,test
statement_holdout_si,4,06-02-02-01-10.wav,test
statement_holdout_si,4,06-02-02-01-15.wav,test
statement_holdout_si,4,06-02-02-01-20.wav,test
statement_holdout_si,4,06-02-02-02-05.wav,test
statement_holdout_si,4,06-02-02-02-10.wav,test
statement_holdout_si,4,06-02-02-02-15.wav,test
statement_holdout_si,4,06-02-02-02-20.wav,test
statement_holdout_si,4,07-01-02-01-05.wav,test
statement_holdout_si,4,07-01-02-01-10.wav,test
statement_holdout_si,4,07-01-02-01-15.wav,test
statement_holdout_si,4,07-01-02-01-20.wav,test
statement_holdout_si,4,07-01-02-02-05.wav,test
statement_holdout_si,4,07-01-02-02-10.wav,test
statement_holdout_si,4,07-01-02-02-15.wav,test
statement_holdout_si,4,07-01-02-02-20.wav,test
statement_holdout_si,4,07-02-02-01-05.wav,test
statement_holdout_si,4,07-02-02-01-10.wav,test
statement_holdout_si,4,07-02-02-01-15.wav,test
statement_holdout_si,4,07-02-02-01-20.wav,test
statement_holdout_si,4,07-02-02-02-05.wav,test
statement_holdout_si,4,07-02-02-02-10.wav,test
statement_holdout_si,4,07-02-02-02-15.wav,test
statement_holdout_si,4,07-02-02-02-20.wav,test
statement_holdout_si,4,08-01-02-01-05.wav,test
statement_holdout_si,4,08-01-02-01-10.wav,test
statement_holdout_si,4,08-01-02-01-15.wav,test
statement_holdout_si,4,08-01-02-01-20.wav,test
statement_holdout_si,4,08-01-02-02-05.wav,test
statement_holdout_si,4,08-01-02-02-10.wav,test
statement_holdout_si,4,08-01-02-02-15.wav,test
statement_holdout_si,4,08-01-02-02-20.wav,test
statement_holdout_si,4,08-02-02-01-05.wav,test
statement_holdout_si,4,08-02-02-01-10.wav,test
statement_holdout_si,4,08-02-02-01-15.wav,test
statement_holdout_si,4,08-02-02-01-20.wav,test
statement_holdout_si,4,08-02-02-02-05.wav,test
statement_holdout_si,4,08-02-02-02-10.wav,test
statement_holdout_si,4,08-02-02-02-15.wav,test
statement_holdout_si,4,08-02-02-02-20.wav,test
statement_holdout_si,4,01-01-01-01-01.wav,train
statement_holdout_si,4,01-01-01-01-02.wav,train
statement_holdout_si,4,01-01-01-01-03.wav,train
statement_holdout_si,4,01-01-01-01-04.wav,train
statement_holdout_si,4,01-01-01-01-06.wav,train
statement_holdout_si,4,01-01-01-01-07.wav,train
statement_holdout_si,4,01-01-01-01-08.wav,train
statement_holdout_si,4,01-01-01-01-09.wav,train
statement_holdout_si,4,01-01-01-01-11.wav,train
statement_holdout_si,4,01-01-01-01-12.wav,train
statement_holdout_si,4,01-01-01-01-13.wav,train
statement_holdout_si,4,01-01-01-01-14.wav,train
statement_holdout_si,4,01-01-01-01-16.wav,train
statement_holdout_si,4,01-01-01-01-17.wav,train
statement_holdout_si,4,01-01-01-01-18.wav,train
statement_holdout_si,4,01-01-01-01-19.wav,train
statement_holdout_si,4,01-01-01-01-21.wav,train
statement_holdout_si,4,01-01-01-01-22.wav,train
statement_holdout_si,4,01-01-01-01-23.wav,train
statement_holdout_si,4,01-01-01-01-24.wav,train
statement_holdout_si,4,01-01-01-02-01.wav,train
statement_holdout_si,4,01-01-01-02-02.wav,train
statement_holdout_si,4,01-01-01-02-03.wav,train
statement_holdout_si,4,01-01-01-02-04.wav,train
statement_holdout_si,4,01-01-01-02-06.wav,train
statement_holdout_si,4,01-01-01-02-07.wav,train
statement_holdout_si,4,01-01-01-02-08.wav,train
statement_holdout_si,4,01-01-01-02-09.wav,train
statement_holdout_si,4,01-01-01-02-11.wav,train
statement_holdout_si,4,01-01-01-02-12.wav,train
statement_holdout_si,4,01-01-01-02-13.wav,train
statement_holdout_si,4,01-01-01-02-14.wav,train
statement_holdout_si,4,01-01-01-02-16.wav,train
statement_holdout_si,4,01-01-01-02-17.wav,train
statement_holdout_si,4,01-01-01-02-18.wav,train
statement_holdout_si,4,01-01-01-02-19.wav,train
statement_holdout_si,4,01-01-01-02-21.wav,train
statement_holdout_si,4,01-01-01-02-22.wav,train
statement_holdout_si,4,01-01-01-02-23.wav,train
statement_holdout_si,4,01-01-01-02-24.wav,train
statement_holdout_si,4,02-01-01-01-01.wav,train
statement_holdout_si,4,02-01-01-01-02.wav,train
statement_holdout_si,4,02-01-01-01-03.wav,train
statement_holdout_si,4,02-01-01-01-04.wav,train
statement_holdout_si,4,02-01-01-01-06.wav,train
statement_holdout_si,4,02-01-01-01-07.wav,train
statement_holdout_si,4,02-01-01-01-08.wav,train
statement_holdout_si,4,02-01-01-01-09.wav,train
statement_holdout_si,4,02-01-01-01-11.wav,train
statement_holdout_si,4,02-01-01-01-12.wav,train
statement_holdout_si,4,02-01-01-01-13.wav,train
statement_holdout_si,4,02-01-01-01-14.wav,train
statement_holdout_si,4,02-01-01-01-16.wav,train
statement_holdout_si,4,02-01-01-01-17.wav,train
statement_holdout_si,4,02-01-01-01-18.wav,train
statement_holdout_si,4,02-01-01-01-19.wav,train
statement_holdout_si,4,02-01-01-01-21.wav,train
statement_holdout_si,4,02-01-01-01-22.wav,train
statement_holdout_si,4,02-01-01-01-23.wav,train
statement_holdout_si,4,02-01-01-01-24.wav,train
statement_holdout_si,4,02-01-01-02-01.wav,train
statement_holdout_si,4,02-01-01-02-02.wav,train
statement_holdout_si,4,02-01-01-02-03.wav,train
statement_holdout_si,4,02-01-01-02-04.wav,train
statement_holdout_si,4,02-01-01-02-06.wav,train
statement_holdout_si,4,02-01-01-02-07.wav,train
statement_holdout_si,4,02-01-01-02-08.wav,train
statement_holdout_si,4,02-01-01-02-09.wav,train
statement_holdout_si,4,02-01-01-02-11.wav,train
statement_holdout_si,4,02-01-01-02-12.wav,train
statement_holdout_si,4,02-01-01-02-13.wav,train
statement_holdout_si,4,02-01-01-02-14.wav,train
statement_holdout_si,4,02-01-01-02-16.wav,train
statement_holdout_si,4,02-01-01-02-17.wav,train
statement_holdout_si,4,02-01-01-02-18.wav,train
statement_holdout_si,4,02-01-01-02-19.wav,train
statement_holdout_si,4,02-01-01-02-21.wav,train
statement_holdout_si,4,02-01-01-02-22.wav,train
statement_holdout_si,4,02-01-01-02-23.wav,train
statement_holdout_si,4,02-01-01-02-24.wav,train
statement_holdout_si,4,02-02-01-01-01.wav,train
statement_holdout_si,4,02-02-01-01-02.wav,train
statement_holdout_si,4,02-02-01-01-03.wav,train
statement_holdout_si,4,02-02-01-01-04.wav,train
statement_holdout_si,4,02-02-01-01-06.wav,train
statement_holdout_si,4,02-02-01-01-07.wav,train
statement_holdout_si,4,02-02-01-01-08.wav,train
statement_holdout_si,4,02-02-01-01-09.wav,train
statement_holdout_si,4,02-02-01-01-11.wav,train
statement_holdout_si,4,02-02-01-01-12.wav,train
statement_holdout_si,4,02-02-01-01-13.wav,train
statement_holdout_si,4,02-02-01-01-14.wav,train
statement_holdout_si,4,02-02-01-01-16.wav,train
statement_holdout_si,4,02-02-01-01-17.wav,train
statement_holdout_si,4,02-02-01-01-18.wav,train
statement_holdout_si,4,02-02-01-01-19.wav,train
statement_holdout_si,4,02-02-01-01-21.wav,train
statement_holdout_si,4,02-02-01-01-22.wav,train
statement_holdout_si,4,02-02-01-01-23.wav,train
statement_holdout_si,4,02-02-01-01-24.wav,train
statement_holdout_si,4,02-02-01-02-01.wav,train
statement_holdout_si,4,02-02-01-02-02.wav,train
statement_holdout_si,4,02-02-01-02-03.wav,train
statement_holdout_si,4,02-02-01-02-04.wav,train
statement_holdout_si,4,02-02-01-02-06.wav,train
statement_holdout_si,4,02-02-01-02-07.wav,train
statement_holdout_si,4,02-02-01-02-08.wav,train
statement_holdout_si,4,02-02-01-02-09.wav,train
statement_holdout_si,4,02-02-01-02-11.wav,train
statement_holdout_si,4,02-02-01-02-12.wav,train
statement_holdout_si,4,02-02-01-02-13.wav,train
statement_holdout_si,4,02-02-01-02-14.wav,train
statement_holdout_si,4,02-02-01-02-16.wav,train
statement_holdout_si,4,02-02-01-02-17.wav,train
statement_holdout_si,4,02-02-01-02-18.wav,train
statement_holdout_si,4,02-02-01-02-19.wav,train
statement_holdout_si,4,02-02-01-02-21.wav,train
statement_holdout_si,4,02-02-01-02-22.wav,train
statement_holdout_si,4,02-02-01-02-23.wav,train
statement_holdout_si,4,02-02-01-02-24.wav,train
statement_holdout_si,4,03-01-01-01-01.wav,train
statement_holdout_si,4,03-01-01-01-02.wav,train
statement_holdout_si,4,03-01-01-01-03.wav,train
statement_holdout_si,4,03-01-01-01-04.wav,train
statement_holdout_si,4,03-01-01-01-06.wav,train
statement_holdout_si,4,03-01-01-01-07.wav,train
statement_holdout_si,4,03-01-01-01-08.wav,train
statement_holdout_si,4,03-01-01-01-09.wav,train
statement_holdout_si,4,03-01-01-01-11.wav,train
statement_holdout_si,4,03-01-01-01-12.wav,train
statement_holdout_si,4,03-01-01-01-13.wav,train
statement_holdout_si,4,03-01-01-01-14.wav,train
statement_holdout_si,4,03-01-01-01-16.wav,train
statement_holdout_si,4,03-01-01-01-17.wav,train
statement_holdout_si,4,03-01-01-01-18.wav,train
statement_holdout_si,4,03-01-01-01-19.wav,train
statement_holdout_si,4,03-01-01-01-21.wav,train
statement_holdout_si,4,03-01-01-01-22.wav,train
statement_holdout_si,4,03-01-01-01-23.wav,train
statement_holdout_si,4,03-01-01-01-24.wav,train
statement_holdout_si,4,03-01-01-02-01.wav,train
statement_holdout_si,4,03-01-01-02-02.wav,train
statement_holdout_si,4,03-01-01-02-03.wav,train
statement_holdout_si,4,03-01-01-02-04.wav,train
statement_holdout_si,4,03-01-01-02-06.wav,train
statement_holdout_si,4,03-01-01-02-07.wav,train
statement_holdout_si,4,03-01-01-02-08.wav,train
statement_holdout_si,4,03-01-01-02-09.wav,train
statement_holdout_si,4,03-01-01-02-11.wav,train
statement_holdout_si,4,03-01-01-02-12.wav,train
statement_holdout_si,4,03-01-01-02-13.wav,train
statement_holdout_si,4,03-01-01-02-14.wav,train
statement_holdout_si,4,03-01-01-02-16.wav,train
statement_holdout_si,4,03-01-01-02-17.wav,train
statement_holdout_si,4,03-01-01-02-18.wav,train
statement_holdout_si,4,03-01-01-02-19.wav,train
statement_holdout_si,4,03-01-01-02-21.wav,train
statement_holdout_si,4,03-01-01-02-22.wav,train
statement_holdout_si,4,03-01-01-02-23.wav,train
statement_holdout_si,4,03-01-01-02-24.wav,train
statement_holdout_si,4,03-02-01-01-01.wav,train
statement_holdout_si,4,03-02-01-01-02.wav,train
statement_holdout_si,4,03-02-01-01-03.wav,train
statement_holdout_si,4,03-02-01-01-04.wav,train
statement_holdout_si,4,03-02-01-01-06.wav,train
statement_holdout_si,4,03-02-01-01-07.wav,train
statement_holdout_si,4,03-02-01-01-08.wav,train
statement_holdout_si,4,03-02-01-01-09.wav,train
statement_holdout_si,4,03-02-01-01-11.wav,train
statement_holdout_si,4,03-02-01-01-12.wav,train
statement_holdout_si,4,03-02-01-01-13.wav,train
statement_holdout_si,4,03-02-01-01-14.wav,train
statement_holdout_si,4,03-02-01-01-16.wav,train
statement_holdout_si,4,03-02-01-01-17.wav,train
statement_holdout_si,4,03-02-01-01-18.wav,train
statement_holdout_si,4,03-02-01-01-19.wav,train
statement_holdout_si,4,03-02-01-01-21.wav,train
statement_holdout_si,4,03-02-01-01-22.wav,train
statement_holdout_si,4,03-02-01-01-23.wav,train
statement_holdout_si,4,03-02-01-01-24.wav,train
statement_holdout_si,4,03-02-01-02-01.wav,train
statement_holdout_si,4,03-02-01-02-02.wav,train
statement_holdout_si,4,03-02-01-02-03.wav,train
statement_holdout_si,4,03-02-01-02-04.wav,train
statement_holdout_si,4,03-02-01-02-06.wav,train
statement_holdout_si,4,03-02-01-02-07.wav,train
statement_holdout_si,4,03-02-01-02-08.wav,train
statement_holdout_si,4,03-02-01-02-09.wav,train
statement_holdout_si,4,03-02-01-02-11.wav,train
statement_holdout_si,4,03-02-01-02-12.wav,train
statement_holdout_si,4,03-02-01-02-13.wav,train
statement_holdout_si,4,03-02-01-02-14.wav,train
statement_holdout_si,4,03-02-01-02-16.wav,train
statement_holdout_si,4,03-02-01-02-17.wav,train
statement_holdout_si,4,03-02-01-02-18.wav,train
statement_holdout_si,4,03-02-01-02-19.wav,train
statement_holdout_si,4,03-02-01-02-21.wav,train
statement_holdout_si,4,03-02-01-02-22.wav,train
statement_holdout_si,4,03-02-01-02-23.wav,train
statement_holdout_si,4,03-02-01-02-24.wav,train
statement_holdout_si,4,04-01-01-01-01.wav,train
statement_holdout_si,4,04-01-01-01-02.wav,train
statement_holdout_si,4,04-01-01-01-03.wav,train
statement_holdout_si,4,04-01-01-01-04.wav,train
statement_holdout_si,4,04-01-01-01-06.wav,train
statement_holdout_si,4,04-01-01-01-07.wav,train
statement_holdout_si,4,04-01-01-01-08.wav,train
statement_holdout_si,4,04-01-01-01-09.wav,train
statement_holdout_si,4,04-01-01-01-11.wav,train
statement_holdout_si,4,04-01-01-01-12.wav,train
statement_holdout_si,4,04-01-01-01-13.wav,train
statement_holdout_si,4,04-01-01-01-14.wav,train
statement_holdout_si,4,04-01-01-01-16.wav,train
statement_holdout_si,4,04-01-01-01-17.wav,train
statement_holdout_si,4,04-01-01-01-18.wav,train
statement_holdout_si,4,04-01-01-01-19.wav,train
statement_holdout_si,4,04-01-01-01-21.wav,train
statement_holdout_si,4,04-01-01-01-22.wav,train
statement_holdout_si,4,04-01-01-01-23.wav,train
statement_holdout_si,4,04-01-01-01-24.wav,train
statement_holdout_si,4,04-01-01-02-01.wav,train
statement_holdout_si,4,04-01-01-02-02.wav,train
statement_holdout_si,4,04-01-01-02-03.wav,train
statement_holdout_si,4,04-01-01-02-04.wav,train
statement_holdout_si,4,04-01-01-02-06.wav,train
statement_holdout_si,4,04-01-01-02-07.wav,train
statement_holdout_si,4,04-01-01-02-08.wav,train
statement_holdout_si,4,04-01-01-02-09.wav,train
statement_holdout_si,4,04-01-01-02-11.wav,train
statement_holdout_si,4,04-01-01-02-12.wav,train
statement_holdout_si,4,04-01-01-02-13.wav,train
statement_holdout_si,4,04-01-01-02-14.wav,train
statement_holdout_si,4,04-01-01-02-16.wav,train
statement_holdout_si,4,04-01-01-02-17.wav,train
statement_holdout_si,4,04-01-01-02-18.wav,train
statement_holdout_si,4,04-01-01-02-19.wav,train
statement_holdout_si,4,04-01-01-02-21.wav,train
statement_holdout_si,4,04-01-01-02-22.wav,train
statement_holdout_si,4,04-01-01-02-23.wav,train
statement_holdout_si,4,04-01-01-02-24.wav,train
statement_holdout_si,4,04-02-01-01-01.wav,train
statement_holdout_si,4,04-02-01-01-02.wav,train
statement_holdout_si,4,04-02-01-01-03.wav,train
statement_holdout_si,4,04-02-01-01-04.wav,train
statement_holdout_si,4,04-02-01-01-06.wav,train
statement_holdout_si,4,04-02-01-01-07.wav,train
statement_holdout_si,4,04-02-01-01-08.wav,train
statement_holdout_si,4,04-02-01-01-09.wav,train
statement_holdout_si,4,04-02-01-01-11.wav,train
statement_holdout_si,4,04-02-01-01-12.wav,train
statement_holdout_si,4,04-02-01-01-13.wav,train
statement_holdout_si,4,04-02-01-01-14.wav,train
statement_holdout_si,4,04-02-01-01-16.wav,train
statement_holdout_si,4,04-02-01-01-17.wav,train
statement_holdout_si,4,04-02-01-01-18.wav,train
statement_holdout_si,4,04-02-01-01-19.wav,train
statement_holdout_si,4,04-02-01-01-21.wav,train
statement_holdout_si,4,04-02-01-01-22.wav,train
statement_holdout_si,4,04-02-01-01-23.wav,train
statement_holdout_si,4,04-02-01-01-24.wav,train
statement_holdout_si,4,04-02-01-02-01.wav,train
statement_holdout_si,4,04-02-01-02-02.wav,train
statement_holdout_si,4,04-02-01-02-03.wav,train
statement_holdout_si,4,04-02-01-02-04.wav,train
statement_holdout_si,4,04-02-01-02-06.wav,train
statement_holdout_si,4,04-02-01-02-07.wav,train
statement_holdout_si,4,04-02-01-02-08.wav,train
statement_holdout_si,4,04-02-01-02-09.wav,train
statement_holdout_si,4,04-02-01-02-11.wav,train
statement_holdout_si,4,04-02-01-02-12.wav,train
statement_holdout_si,4,04-02-01-02-13.wav,train
statement_holdout_si,4,04-02-01-02-14.wav,train
statement_holdout_si,4,04-02-01-02-16.wav,train
statement_holdout_si,4,04-02-01-02-17.wav,train
statement_holdout_si,4,04-02-01-02-18.wav,train
statement_holdout_si,4,04-02-01-02-19.wav,train
statement_holdout_si,4,04-02-01-02-21.wav,train
statement_holdout_si,4,04-02-01-02-22.wav,train
statement_holdout_si,4,04-02-01-02-23.wav,train
statement_holdout_si,4,04-02-01-02-24.wav,train
statement_holdout_si,4,05-01-01-01-01.wav,train
statement_holdout_si,4,05-01-01-01-02.wav,train
statement_holdout_si,4,05-01-01-01-03.wav,train
statement_holdout_si,4,05-01-01-01-04.wav,train
statement_holdout_si,4,05-01-01-01-06.wav,train
statement_holdout_si,4,05-01-01-01-07.wav,train
statement_holdout_si,4,05-01-01-01-08.wav,train
statement_holdout_si,4,05-01-01-01-09.wav,train
statement_holdout_si,4,05-01-01-01-11.wav,train
statement_holdout_si,4,05-01-01-01-12.wav,train
statement_holdout_si,4,05-01-01-01-13.wav,train
statement_holdout_si,4,05-01-01-01-14.wav,train
statement_holdout_si,4,05-01-01-01-16.wav,train
statement_holdout_si,4,05-01-01-01-17.wav,train
statement_holdout_si,4,05-01-01-01-18.wav,train
statement_holdout_si,4,05-01-01-01-19.wav,train
statement_holdout_si,4,05-01-01-01-21.wav,train
statement_holdout_si,4,05-01-01-01-22.wav,train
statement_holdout_si,4,05-01-01-01-23.wav,train
statement_holdout_si,4,05-01-01-01-24.wav,train
statement_holdout_si,4,05-01-01-02-01.wav,train
statement_holdout_si,4,05-01-01-02-02.wav,train
statement_holdout_si,4,05-01-01-02-03.wav,train
statement_holdout_si,4,05-01-01-02-04.wav,train
statement_holdout_si,4,05-01-01-02-06.wav,train
statement_holdout_si,4,05-01-01-02-07.wav,train
statement_holdout_si,4,05-01-01-02-08.wav,train
statement_holdout_si,4,05-01-01-02-09.wav,train
statement_holdout_si,4,05-01-01-02-11.wav,train
statement_holdout_si,4,05-01-01-02-12.wav,train
statement_holdout_si,4,05-01-01-02-13.wav,train
statement_holdout_si,4,05-01-01-02-14.wav,train
statement_holdout_si,4,05-01-01-02-16.wav,train
statement_holdout_si,4,05-01-01-02-17.wav,train
statement_holdout_si,4,05-01-01-02-18.wav,train
statement_holdout_si,4,05-01-01-02-19.wav,train
statement_holdout_si,4,05-01-01-02-21.wav,train
statement_holdout_si,4,05-01-01-02-22.wav,train
statement_holdout_si,4,05-01-01-02-23.wav,train
statement_holdout_si,4,05-01-01-02-24.wav,train
statement_holdout_si,4,05-02-01-01-01.wav,train
statement_holdout_si,4,05-02-01-01-02.wav,train
statement_holdout_si,4,05-02-01-01-03.wav,train
statement_holdout_si,4,05-02-01-01-04.wav,train
statement_holdout_si,4,05-02-01-01-06.wav,train
statement_holdout_si,4,05-02-01-01-07.wav,train
statement_holdout_si,4,05-02-01-01-08.wav,train
statement_holdout_si,4,05-02-01-01-09.wav,train
statement_holdout_si,4,05-02-01-01-11.wav,train
statement_holdout_si,4,05-02-01-01-12.wav,train
statement_holdout_si,4,05-02-01-01-13.wav,train
statement_holdout_si,4,05-02-01-01-14.wav,train
statement_holdout_si,4,05-02-01-01-16.wav,train
statement_holdout_si,4,05-02-01-01-17.wav,train
statement_holdout_si,4,05-02-01-01-18.wav,train
statement_holdout_si,4,05-02-01-01-19.wav,train
statement_holdout_si,4,05-02-01-01-21.wav,train
statement_holdout_si,4,05-02-01-01-22.wav,train
statement_holdout_si,4,05-02-01-01-23.wav,train
statement_holdout_si,4,05-02-01-01-24.wav,train
statement_holdout_si,4,05-02-01-02-01.wav,train
statement_holdout_si,4,05-02-01-02-02.wav,train
statement_holdout_si,4,05-02-01-02-03.wav,train
statement_holdout_si,4,05-02-01-02-04.wav,train
statement_holdout_si,4,05-02-01-02-06.wav,train
statement_holdout_si,4,05-02-01-02-07.wav,train
statement_holdout_si,4,05-02-01-02-08.wav,train
statement_holdout_si,4,05-02-01-02-09.wav,train
statement_holdout_si,4,05-02-01-02-11.wav,train
statement_holdout_si,4,05-02-01-02-12.wav,train
statement_holdout_si,4,05-02-01-02-13.wav,train
statement_holdout_si,4,05-02-01-02-14.wav,train
statement_holdout_si,4,05-02-01-02-16.wav,train
statement_holdout_si,4,05-02-01-02-17.wav,train
statement_holdout_si,4,05-02-01-02-18.wav,train
statement_holdout_si,4,05-02-01-02-19.wav,train
statement_holdout_si,4,05-02-01-02-21.wav,train
statement_holdout_si,4,05-02-01-02-22.wav,train
statement_holdout_si,4,05-02-01-02-23.wav,train
statement_holdout_si,4,05-02-01-02-24.wav,train
statement_holdout_si,4,06-01-01-01-01.wav,train
statement_holdout_si,4,06-01-01-01-02.wav,train
statement_holdout_si,4,06-01-01-01-03.wav,train
statement_holdout_si,4,06-01-01-01-04.wav,train
statement_holdout_si,4,06-01-01-01-06.wav,train
statement_holdout_si,4,06-01-01-01-07.wav,train
statement_holdout_si,4,06-01-01-01-08.wav,train
statement_holdout_si,4,06-01-01-01-09.wav,train
statement_holdout_si,4,06-01-01-01-11.wav,train
statement_holdout_si,4,06-01-01-01-12.wav,train
statement_holdout_si,4,06-01-01-01-13.wav,train
statement_holdout_si,4,06-01-01-01-14.wav,train
statement_holdout_si,4,06-01-01-01-16.wav,train
statement_holdout_si,4,06-01-01-01-17.wav,train
statement_holdout_si,4,06-01-01-01-18.wav,train
statement_holdout_si,4,06-01-01-01-19.wav,train
statement_holdout_si,4,06-01-01-01-21.wav,train
statement_holdout_si,4,06-01-01-01-22.wav,train
statement_holdout_si,4,06-01-01-01-23.wav,train
statement_holdout_si,4,06-01-01-01-24.wav,train
statement_holdout_si,4,06-01-01-02-01.wav,train
statement_holdout_si,4,06-01-01-02-02.wav,train
statement_holdout_si,4,06-01-01-02-03.wav,train
statement_holdout_si,4,06-01-01-02-04.wav,train
statement_holdout_si,4,06-01-01-02-06.wav,train
statement_holdout_si,4,06-01-01-02-07.wav,train
statement_holdout_si,4,06-01-01-02-08.wav,train
statement_holdout_si,4,06-01-01-02-09.wav,train
statement_holdout_si,4,06-01-01-02-11.wav,train
statement_holdout_si,4,06-01-01-02-12.wav,train
statement_holdout_si,4,06-01-01-02-13.wav,train
statement_holdout_si,4,06-01-01-02-14.wav,train
statement_holdout_si,4,06-01-01-02-16.wav,train
statement_holdout_si,4,06-01-01-02-17.wav,train
statement_holdout_si,4,06-01-01-02-18.wav,train
statement_holdout_si,4,06-01-01-02-19.wav,train
statement_holdout_si,4,06-01-01-02-21.wav,train
statement_holdout_si,4,06-01-01-02-22.wav,train
statement_holdout_si,4,06-01-01-02-23.wav,train
statement_holdout_si,4,06-01-01-02-24.wav,train
statement_holdout_si,4,06-02-01-01-01.wav,train
statement_holdout_si,4,06-02-01-01-02.wav,train
statement_holdout_si,4,06-02-01-01-03.wav,train
statement_holdout_si,4,06-02-01-01-04.wav,train
statement_holdout_si,4,06-02-01-01-06.wav,train
statement_holdout_si,4,06-02-01-01-07.wav,train
statement_holdout_si,4,06-02-01-01-08.wav,train
statement_holdout_si,4,06-02-01-01-09.wav,train
statement_holdout_si,4,06-02-01-01-11.wav,train
statement_holdout_si,4,06-02-01-01-12.wav,train
statement_holdout_si,4,06-02-01-01-13.wav,train
statement_holdout_si,4,06-02-01-01-14.wav,train
statement_holdout_si,4,06-02-01-01-16.wav,train
statement_holdout_si,4,06-02-01-01-17.wav,train
statement_holdout_si,4,06-02-01-01-18.wav,train
statement_holdout_si,4,06-02-01-01-19.wav,train
statement_holdout_si,4,06-02-01-01-21.wav,train
statement_holdout_si,4,06-02-01-01-22.wav,train
statement_holdout_si,4,06-02-01-01-23.wav,train
statement_holdout_si,4,06-02-01-01-24.wav,train
statement_holdout_si,4,06-02-01-02-01.wav,train
statement_holdout_si,4,06-02-01-02-02.wav,train
statement_holdout_si,4,06-02-01-02-03.wav,train
statement_holdout_si,4,06-02-01-02-04.wav,train
statement_holdout_si,4,06-02-01-02-06.wav,train
statement_holdout_si,4,06-02-01-02-07.wav,train
statement_holdout_si,4,06-02-01-02-08.wav,train
statement_holdout_si,4,06-02-01-02-09.wav,train
statement_holdout_si,4,06-02-01-02-11.wav,train
statement_holdout_si,4,06-02-01-02-12.wav,train
statement_holdout_si,4,06-02-01-02-13.wav,train
statement_holdout_si,4,06-02-01-02-14.wav,train
statement_holdout_si,4,06-02-01-02-16.wav,train
statement_holdout_si,4,06-02-01-02-17.wav,train
statement_holdout_si,4,06-02-01-02-18.wav,train
statement_holdout_si,4,06-02-01-02-19.wav,train
statement_holdout_si,4,06-02-01-02-21.wav,train
statement_holdout_si,4,06-02-01-02-22.wav,train
statement_holdout_si,4,06-02-01-02-23.wav,train
statement_holdout_si,4,06-02-01-02-24.wav,train
statement_holdout_si,4,07-01-01-01-01.wav,train
statement_holdout_si,4,07-01-01-01-02.wav,train
statement_holdout_si,4,07-01-01-01-03.wav,train
statement_holdout_si,4,07-01-01-01-04.wav,train
statement_holdout_si,4,07-01-01-01-06.wav,train
statement_holdout_si,4,07-01-01-01-07.wav,train
statement_holdout_si,4,07-01-01-01-08.wav,train
statement_holdout_si,4,07-01-01-01-09.wav,train
statement_holdout_si,4,07-01-01-01-11.wav,train
statement_holdout_si,4,07-01-01-01-12.wav,train
statement_holdout_si,4,07-01-01-01-13.wav,train
statement_holdout_si,4,07-01-01-01-14.wav,train
statement_holdout_si,4,07-01-01-01-16.wav,train
statement_holdout_si,4,07-01-01-01-17.wav,train
statement_holdout_si,4,07-01-01-01-18.wav,train
statement_holdout_si,4,07-01-01-01-19.wav,train
statement_holdout_si,4,07-01-01-01-21.wav,train
statement_holdout_si,4,07-01-01-01-22.wav,train
statement_holdout_si,4,07-01-01-01-23.wav,train
statement_holdout_si,4,07-01-01-01-24.wav,train
statement_holdout_si,4,07-01-01-02-01.wav,train
statement_holdout_si,4,07-01-01-02-02.wav,train
statement_holdout_si,4,07-01-01-02-03.wav,train
statement_holdout_si,4,07-01-01-02-04.wav,train
statement_holdout_si,4,07-01-01-02-06.wav,train
statement_holdout_si,4,07-01-01-02-07.wav,train
statement_holdout_si,4,07-01-01-02-08.wav,train
statement_holdout_si,4,07-01-01-02-09.wav,train
statement_holdout_si,4,07-01-01-02-11.wav,train
statement_holdout_si,4,07-01-01-02-12.wav,train
statement_holdout_si,4,07-01-01-02-13.wav,train
statement_holdout_si,4,07-01-01-02-14.wav,train
statement_holdout_si,4,07-01-01-02-16.wav,train
statement_holdout_si,4,07-01-01-02-17.wav,train
statement_holdout_si,4,07-01-01-02-18.wav,train
statement_holdout_si,4,07-01-01-02-19.wav,train
statement_holdout_si,4,07-01-01-02-21.wav,train
statement_holdout_si,4,07-01-01-02-22.wav,train
statement_holdout_si,4,07-01-01-02-23.wav,train
statement_holdout_si,4,07-01-01-02-24.wav,train
statement_holdout_si,4,07-02-01-01-01.wav,train
statement_holdout_si,4,07-02-01-01-02.wav,train
statement_holdout_si,4,07-02-01-01-03.wav,train
statement_holdout_si,4,07-02-01-01-04.wav,train
statement_holdout_si,4,07-02-01-01-06.wav,train
statement_holdout_si,4,07-02-01-01-07.wav,train
statement_holdout_si,4,07-02-01-01-08.wav,train
statement_holdout_si,4,07-02-01-01-09.wav,train
statement_holdout_si,4,07-02-01-01-11.wav,train
statement_holdout_si,4,07-02-01-01-12.wav,train
statement_holdout_si,4,07-02-01-01-13.wav,train
statement_holdout_si,4,07-02-01-01-14.wav,train
statement_holdout_si,4,07-02-01-01-16.wav,train
statement_holdout_si,4,07-02-01-01-17.wav,train
statement_holdout_si,4,07-02-01-01-18.wav,train
statement_holdout_si,4,07-02-01-01-19.wav,train
statement_holdout_si,4,07-02-01-01-21.wav,train
statement_holdout_si,4,07-02-01-01-22.wav,train
statement_holdout_si,4,07-02-01-01-23.wav,train
statement_holdout_si,4,07-02-01-01-24.wav,train
statement_holdout_si,4,07-02-01-02-01.wav,train
statement_holdout_si,4,07-02-01-02-02.wav,train
statement_holdout_si,4,07-02-01-02-03.wav,train
statement_holdout_si,4,07-02-01-02-04.wav,train
statement_holdout_si,4,07-02-01-02-06.wav,train
statement_holdout_si,4,07-02-01-02-07.wav,train
statement_holdout_si,4,07-02-01-02-08.wav,train
statement_holdout_si,4,07-02-01-02-09.wav,train
statement_holdout_si,4,07-02-01-02-11.wav,train
statement_holdout_si,4,07-02-01-02-12.wav,train
statement_holdout_si,4,07-02-01-02-13.wav,train
statement_holdout_si,4,07-02-01-02-14.wav,train
statement_holdout_si,4,07-02-01-02-16.wav,train
statement_holdout_si,4,07-02-01-02-17.wav,train
statement_holdout_si,4,07-02-01-02-18.wav,train
statement_holdout_si,4,07-02-01-02-19.wav,train
statement_holdout_si,4,07-02-01-02-21.wav,train
statement_holdout_si,4,07-02-01-02-22.wav,train
statement_holdout_si,4,07-02-01-02-23.wav,train
statement_holdout_si,4,07-02-01-02-24.wav,train
statement_holdout_si,4,08-01-01-01-01.wav,train
statement_holdout_si,4,08-01-01-01-02.wav,train
statement_holdout_si,4,08-01-01-01-03.wav,train
statement_holdout_si,4,08-01-01-01-04.wav,train
statement_holdout_si,4,08-01-01-01-06.wav,train
statement_holdout_si,4,08-01-01-01-07.wav,train
statement_holdout_si,4,08-01-01-01-08.wav,train
statement_holdout_si,4,08-01-01-01-09.wav,train
statement_holdout_si,4,08-01-01-01-11.wav,train
statement_holdout_si,4,08-01-01-01-12.wav,train
statement_holdout_si,4,08-01-01-01-13.wav,train
statement_holdout_si,4,08-01-01-01-14.wav,train
statement_holdout_si,4,08-01-01-01-16.wav,train
statement_holdout_si,4,08-01-01-01-17.wav,train
statement_holdout_si,4,08-01-01-01-18.wav,train
statement_holdout_si,4,08-01-01-01-19.wav,train
statement_holdout_si,4,08-01-01-01-21.wav,train
statement_holdout_si,4,08-01-01-01-22.wav,train
statement_holdout_si,4,08-01-01-01-23.wav,train
statement_holdout_si,4,08-01-01-01-24.wav,train
statement_holdout_si,4,08-01-01-02-01.wav,train
statement_holdout_si,4,08-01-01-02-02.wav,train
statement_holdout_si,4,08-01-01-02-03.wav,train
statement_holdout_si,4,08-01-01-02-04.wav,train
statement_holdout_si,4,08-01-01-02-06.wav,train
statement_holdout_si,4,08-01-01-02-07.wav,train
statement_holdout_si,4,08-01-01-02-08.wav,train
statement_holdout_si,4,08-01-01-02-09.wav,train
statement_holdout_si,4,08-01-01-02-11.wav,train
statement_holdout_si,4,08-01-01-02-12.wav,train
statement_holdout_si,4,08-01-01-02-13.wav,train
statement_holdout_si,4,08-01-01-02-14.wav,train
statement_holdout_si,4,08-01-01-02-16.wav,train
statement_holdout_si,4,08-01-01-02-17.wav,train
statement_holdout_si,4,08-01-01-02-18.wav,train
statement_holdout_si,4,08-01-01-02-19.wav,train
statement_holdout_si,4,08-01-01-02-21.wav,train
statement_holdout_si,4,08-01-01-02-22.wav,train
statement_holdout_si,4,08-01-01-02-23.wav,train
statement_holdout_si,4,08-01-01-02-24.wav,train
statement_holdout_si,4,08-02-01-01-01.wav,train
statement_holdout_si,4,08-02-01-01-02.wav,train
statement_holdout_si,4,08-02-01-01-03.wav,train
statement_holdout_si,4,08-02-01-01-04.wav,train
statement_holdout_si,4,08-02-01-01-06.wav,train
statement_holdout_si,4,08-02-01-01-07.wav,train
statement_holdout_si,4,08-02-01-01-08.wav,train
statement_holdout_si,4,08-02-01-01-09.wav,train
statement_holdout_si,4,08-02-01-01-11.wav,train
statement_holdout_si,4,08-02-01-01-12.wav,train
statement_holdout_si,4,08-02-01-01-13.wav,train
statement_holdout_si,4,08-02-01-01-14.wav,train
statement_holdout_si,4,08-02-01-01-16.wav,train
statement_holdout_si,4,08-02-01-01-17.wav,train
statement_holdout_si,4,08-02-01-01-18.wav,train
statement_holdout_si,4,08-02-01-01-19.wav,train
statement_holdout_si,4,08-02-01-01-21.wav,train
statement_holdout_si,4,08-02-01-01-22.wav,train
statement_holdout_si,4,08-02-01-01-23.wav,train
statement_holdout_si,4,08-02-01-01-24.wav,train
statement_holdout_si,4,08-02-01-02-01.wav,train
statement_holdout_si,4,08-02-01-02-02.wav,train
statement_holdout_si,4,08-02-01-02-03.wav,train
statement_holdout_si,4,08-02-01-02-04.wav,train
statement_holdout_si,4,08-02-01-02-06.wav,train
statement_holdout_si,4,08-02-01-02-07.wav,train
statement_holdout_si,4,08-02-01-02-08.wav,train
statement_holdout_si,4,08-02-01-02-09.wav,train
statement_holdout_si,4,08-02-01-02-11.wav,train
statement_holdout_si,4,08-02-01-02-12.wav,train
statement_holdout_si,4,08-02-01-02-13.wav,train
statement_holdout_si,4,08-02-01-02-14.wav,train
statement_holdout_si,4,08-02-01-02-16.wav,train
statement_holdout_si,4,08-02-01-02-17.wav,train
statement_holdout_si,4,08-02-01-02-18.wav,train
statement_holdout_si,4,08-02-01-02-19.wav,train
statement_holdout_si,4,08-02-01-02-21.wav,train
statement_holdout_si,4,08-02-01-02-22.wav,train
statement_holdout_si,4,08-02-01-02-23.wav,train
statement_holdout_si,4,08-02-01-02-24.wav,train
